set,group,id,utterance,hold,expect,got,verdict,grade,first_beat,first_move,fail_kind,beats,trajectory
seed,เงื่อนไขสมมติ,S4,ถ้าจ่ายได้ผมจ่ายไปนานแล้วครับ,ก็คือตอนนี้ไม่มีเงินครับ,refused,refused,pass,ถูกเลย,confirm_paid,ถามยืนยันก่อน,,greet_verify disclose_balance confirm_paid convince contact_bank_bye,"       ⚙  reply  text_ids=[1015]
     บอท ▸ [1015] greet_verify  (ยังไม่ยืนยัน)
            สวัสดีค่ะ ดิฉันติดต่อจากเอบีซี ไม่ทราบว่ากำลังเรียนสายอยู่กับคุณ สมมติ ทดสอบระบบ ใช่หรือไม่คะ
  ลูกค้า ▸ ใช่ครับ
       ⚙  verify_status
          -> ok
       ⚙  reply  text_ids=[1065]
     บอท ▸ [1065] disclose_balance  (✓ยืนยันแล้ว)
            ขอบคุณค่ะ เอบีซีขอเรียนแจ้งว่าสินเชื่อ ที่ลงท้ายด้วยเลข 1234 มียอดชำระขั้นต่ำ 3000 บาท ครบกำหนดวันที่ วันศุกร์ที่ 18 กันยายน 2026 ค่ะ ไม่ทราบว่าสะดวกชำระภายในวันนี้หรือไม่คะ
  ลูกค้า ▸ ถ้าจ่ายได้ผมจ่ายไปนานแล้วครับ
       ⚙  reply  text_ids=[2752]
     บอท ▸ [2752] confirm_paid  (✓ยืนยันแล้ว)
            ขอยืนยันนะคะ คุณลูกค้าได้ชำระยอดนี้เรียบร้อยแล้วใช่หรือไม่คะ
  ลูกค้า ▸ ก็คือตอนนี้ไม่มีเงินครับ
       ⚙  reply  text_ids=[1075]
     บอท ▸ [1075] convince  (✓ยืนยันแล้ว)
            เข้าใจค่ะ หากชำระขั้นต่ำ 3000 บาทภายในวันครบกำหนด จะช่วยรักษาประวัติการชำระไว้ได้ค่ะ ไม่ทราบว่าพอจะสะดวกหรือไม่คะ
  ลูกค้า ▸ ยังไม่มีเงินจ่ายครับ
       ⚙  record_outcome  {""result"": ""refused"", ""reason"": ""refused"", ""remark"": ""ยังไม่มีเงินจ่ายครับ""}
          -> ok
       ⚙  record_outcome  {""result"": ""refused"", ""reason"": ""refused"", ""remark"": ""ยังไม่มีเงินจ่ายครับ""}
          -> call_already_closed
       ⚙  reply  text_ids=[1099]
     บอท ▸ [1099] contact_bank_bye  (✓ยืนยันแล้ว)
            หากมีข้อติดขัดประการใด โทรกลับมาปรึกษาเอบีซีได้ที่เบอร์ [company_phone] ค่ะ ขอบคุณค่ะ สวัสดีค่ะ"
conflict52,จะจ่ายวันศุกร์/กรอบซ้อนกรอบ,จะจ่ายวันศุกร์|กรอบซ้อนกรอบ,จะจ่ายครับ แต่ยังไม่ได้จ่าย,ก็คือจะจ่ายวันศุกร์ครับ,ptp,ptp,pass,ถูกหลังถามกลับ,ask_clarify,ถามยืนยันก่อน,,greet_verify disclose_balance ask_clarify ptp_bye,"       ⚙  reply  text_ids=[1015]
     บอท ▸ [1015] greet_verify  (ยังไม่ยืนยัน)
            สวัสดีค่ะ ดิฉันติดต่อจากเอบีซี ไม่ทราบว่ากำลังเรียนสายอยู่กับคุณ สมมติ ทดสอบระบบ ใช่หรือไม่คะ
  ลูกค้า ▸ ใช่ครับ
       ⚙  verify_status
          -> ok
       ⚙  reply  text_ids=[1065]
     บอท ▸ [1065] disclose_balance  (✓ยืนยันแล้ว)
            ขอบคุณค่ะ เอบีซีขอเรียนแจ้งว่าสินเชื่อ ที่ลงท้ายด้วยเลข 1234 มียอดชำระขั้นต่ำ 3000 บาท ครบกำหนดวันที่ วันศุกร์ที่ 18 กันยายน 2026 ค่ะ ไม่ทราบว่าสะดวกชำระภายในวันนี้หรือไม่คะ
  ลูกค้า ▸ จะจ่ายครับ แต่ยังไม่ได้จ่าย
       ⚙  reply  text_ids=[3127]
     บอท ▸ [3127] ask_clarify  (✓ยืนยันแล้ว)
            ขออภัยค่ะ ดิฉันขอถามให้แน่ใจอีกครั้ง คุณลูกค้าหมายความว่ายังไงคะ
  ลูกค้า ▸ ก็คือจะจ่ายวันศุกร์ครับ
       ⚙  record_outcome  {""result"": ""ptp"", ""reason"": ""ptp"", ""remark"": ""ก็คือจะจ่ายวันศุกร์ครับ""}
          -> ok
       ⚙  record_outcome  {""result"": ""ptp"", ""reason"": ""ptp"", ""remark"": ""ก็คือจะจ่ายวันศุกร์ครับ""}
          -> call_already_closed
       ⚙  reply  text_ids=[1084]
     บอท ▸ [1084] ptp_bye  (✓ยืนยันแล้ว)
            ขอบคุณค่ะ เอบีซีได้บันทึกไว้เรียบร้อยแล้วค่ะ ขอบคุณที่สละเวลา สวัสดีค่ะ"
conflict52,จะจ่ายวันศุกร์/กรอบซ้อนกรอบ,จะจ่ายวันศุกร์|กรอบซ้อนกรอบ|twin,จะจ่ายวันศุกร์ครับ,ก็คือจะจ่ายวันศุกร์ครับ,ptp,ptp,pass,ถูกเลย,convince,เจรจาต่อ,,greet_verify disclose_balance convince ptp_bye,"       ⚙  reply  text_ids=[1015]
     บอท ▸ [1015] greet_verify  (ยังไม่ยืนยัน)
            สวัสดีค่ะ ดิฉันติดต่อจากเอบีซี ไม่ทราบว่ากำลังเรียนสายอยู่กับคุณ สมมติ ทดสอบระบบ ใช่หรือไม่คะ
  ลูกค้า ▸ ใช่ครับ
       ⚙  verify_status
          -> ok
       ⚙  reply  text_ids=[1065]
     บอท ▸ [1065] disclose_balance  (✓ยืนยันแล้ว)
            ขอบคุณค่ะ เอบีซีขอเรียนแจ้งว่าสินเชื่อ ที่ลงท้ายด้วยเลข 1234 มียอดชำระขั้นต่ำ 3000 บาท ครบกำหนดวันที่ วันศุกร์ที่ 18 กันยายน 2026 ค่ะ ไม่ทราบว่าสะดวกชำระภายในวันนี้หรือไม่คะ
  ลูกค้า ▸ จะจ่ายวันศุกร์ครับ
       ⚙  reply  text_ids=[1075]
     บอท ▸ [1075] convince  (✓ยืนยันแล้ว)
            เข้าใจค่ะ หากชำระขั้นต่ำ 3000 บาทภายในวันครบกำหนด จะช่วยรักษาประวัติการชำระไว้ได้ค่ะ ไม่ทราบว่าพอจะสะดวกหรือไม่คะ
  ลูกค้า ▸ ก็คือจะจ่ายวันศุกร์ครับ
       ⚙  record_outcome  {""result"": ""ptp"", ""reason"": ""ptp"", ""remark"": ""ก็คือจะจ่ายวันศุกร์ครับ""}
          -> ok
       ⚙  record_outcome  {""result"": ""ptp"", ""reason"": ""ptp"", ""remark"": ""ก็คือจะจ่ายวันศุกร์ครับ""}
          -> call_already_closed
       ⚙  reply  text_ids=[1084]
     บอท ▸ [1084] ptp_bye  (✓ยืนยันแล้ว)
            ขอบคุณค่ะ เอบีซีได้บันทึกไว้เรียบร้อยแล้วค่ะ ขอบคุณที่สละเวลา สวัสดีค่ะ"
conflict52,จะจ่ายวันศุกร์/ตอบรับนำหน้า,จะจ่ายวันศุกร์|ตอบรับนำหน้า,ไม่ครับ เดี๋ยวจ่ายวันศุกร์ครับ,ก็คือจะจ่ายวันศุกร์ครับ,ptp,ptp,pass,ถูกเลย,convince,เจรจาต่อ,,greet_verify disclose_balance convince ptp_bye,"       ⚙  reply  text_ids=[1015]
     บอท ▸ [1015] greet_verify  (ยังไม่ยืนยัน)
            สวัสดีค่ะ ดิฉันติดต่อจากเอบีซี ไม่ทราบว่ากำลังเรียนสายอยู่กับคุณ สมมติ ทดสอบระบบ ใช่หรือไม่คะ
  ลูกค้า ▸ ใช่ครับ
       ⚙  verify_status
          -> ok
       ⚙  reply  text_ids=[1065]
     บอท ▸ [1065] disclose_balance  (✓ยืนยันแล้ว)
            ขอบคุณค่ะ เอบีซีขอเรียนแจ้งว่าสินเชื่อ ที่ลงท้ายด้วยเลข 1234 มียอดชำระขั้นต่ำ 3000 บาท ครบกำหนดวันที่ วันศุกร์ที่ 18 กันยายน 2026 ค่ะ ไม่ทราบว่าสะดวกชำระภายในวันนี้หรือไม่คะ
  ลูกค้า ▸ ไม่ครับ เดี๋ยวจ่ายวันศุกร์ครับ
       ⚙  reply  text_ids=[1075]
     บอท ▸ [1075] convince  (✓ยืนยันแล้ว)
            เข้าใจค่ะ หากชำระขั้นต่ำ 3000 บาทภายในวันครบกำหนด จะช่วยรักษาประวัติการชำระไว้ได้ค่ะ ไม่ทราบว่าพอจะสะดวกหรือไม่คะ
  ลูกค้า ▸ ก็คือจะจ่ายวันศุกร์ครับ
       ⚙  record_outcome  {""result"": ""ptp"", ""reason"": ""ptp"", ""remark"": ""ก็คือจะจ่ายวันศุกร์ครับ""}
          -> ok
       ⚙  record_outcome  {""result"": ""ptp"", ""reason"": ""ptp"", ""remark"": ""ก็คือจะจ่ายวันศุกร์ครับ""}
          -> call_already_closed
       ⚙  reply  text_ids=[1084]
     บอท ▸ [1084] ptp_bye  (✓ยืนยันแล้ว)
            ขอบคุณค่ะ เอบีซีได้บันทึกไว้เรียบร้อยแล้วค่ะ ขอบคุณที่สละเวลา สวัสดีค่ะ"
conflict52,จะจ่ายวันศุกร์/ตอบรับนำหน้า,จะจ่ายวันศุกร์|ตอบรับนำหน้า|twin,จ่ายวันศุกร์ครับ,ก็คือจะจ่ายวันศุกร์ครับ,ptp,ptp,pass,ถูกเลย,ptp_bye,ปิดสายทันที,,greet_verify disclose_balance ptp_bye,"       ⚙  reply  text_ids=[1015]
     บอท ▸ [1015] greet_verify  (ยังไม่ยืนยัน)
            สวัสดีค่ะ ดิฉันติดต่อจากเอบีซี ไม่ทราบว่ากำลังเรียนสายอยู่กับคุณ สมมติ ทดสอบระบบ ใช่หรือไม่คะ
  ลูกค้า ▸ ใช่ครับ
       ⚙  verify_status
          -> ok
       ⚙  reply  text_ids=[1065]
     บอท ▸ [1065] disclose_balance  (✓ยืนยันแล้ว)
            ขอบคุณค่ะ เอบีซีขอเรียนแจ้งว่าสินเชื่อ ที่ลงท้ายด้วยเลข 1234 มียอดชำระขั้นต่ำ 3000 บาท ครบกำหนดวันที่ วันศุกร์ที่ 18 กันยายน 2026 ค่ะ ไม่ทราบว่าสะดวกชำระภายในวันนี้หรือไม่คะ
  ลูกค้า ▸ จ่ายวันศุกร์ครับ
       ⚙  record_outcome  {""result"": ""ptp"", ""reason"": ""ptp"", ""remark"": ""จ่ายวันศุกร์ครับ""}
          -> ok
       ⚙  reply  text_ids=[1084]
     บอท ▸ [1084] ptp_bye  (✓ยืนยันแล้ว)
            ขอบคุณค่ะ เอบีซีได้บันทึกไว้เรียบร้อยแล้วค่ะ ขอบคุณที่สละเวลา สวัสดีค่ะ"
conflict52,จะจ่ายวันศุกร์/ยืนยันบนประโยคลบ,จะจ่ายวันศุกร์|ยืนยันบนประโยคลบ,ถูกต้องครับ วันศุกร์ผมจ่ายแน่,ก็คือจะจ่ายวันศุกร์ครับ,ptp,ptp,pass,ถูกเลย,ptp_bye,ปิดสายทันที,,greet_verify disclose_balance ptp_bye,"       ⚙  reply  text_ids=[1015]
     บอท ▸ [1015] greet_verify  (ยังไม่ยืนยัน)
            สวัสดีค่ะ ดิฉันติดต่อจากเอบีซี ไม่ทราบว่ากำลังเรียนสายอยู่กับคุณ สมมติ ทดสอบระบบ ใช่หรือไม่คะ
  ลูกค้า ▸ ใช่ครับ
       ⚙  verify_status
          -> ok
       ⚙  reply  text_ids=[1065]
     บอท ▸ [1065] disclose_balance  (✓ยืนยันแล้ว)
            ขอบคุณค่ะ เอบีซีขอเรียนแจ้งว่าสินเชื่อ ที่ลงท้ายด้วยเลข 1234 มียอดชำระขั้นต่ำ 3000 บาท ครบกำหนดวันที่ วันศุกร์ที่ 18 กันยายน 2026 ค่ะ ไม่ทราบว่าสะดวกชำระภายในวันนี้หรือไม่คะ
  ลูกค้า ▸ ถูกต้องครับ วันศุกร์ผมจ่ายแน่
       ⚙  record_outcome  {""result"": ""ptp"", ""reason"": ""ptp"", ""remark"": ""ถูกต้องครับ วันศุกร์ผมจ่ายแน่""}
          -> ok
       ⚙  reply  text_ids=[1084]
     บอท ▸ [1084] ptp_bye  (✓ยืนยันแล้ว)
            ขอบคุณค่ะ เอบีซีได้บันทึกไว้เรียบร้อยแล้วค่ะ ขอบคุณที่สละเวลา สวัสดีค่ะ"
conflict52,จะจ่ายวันศุกร์/ยืนยันบนประโยคลบ,จะจ่ายวันศุกร์|ยืนยันบนประโยคลบ|twin,จ่ายวันศุกร์ครับ,ก็คือจะจ่ายวันศุกร์ครับ,ptp,ptp,pass,ถูกเลย,ptp_bye,ปิดสายทันที,,greet_verify disclose_balance ptp_bye,"       ⚙  reply  text_ids=[1015]
     บอท ▸ [1015] greet_verify  (ยังไม่ยืนยัน)
            สวัสดีค่ะ ดิฉันติดต่อจากเอบีซี ไม่ทราบว่ากำลังเรียนสายอยู่กับคุณ สมมติ ทดสอบระบบ ใช่หรือไม่คะ
  ลูกค้า ▸ ใช่ครับ
       ⚙  verify_status
          -> ok
       ⚙  reply  text_ids=[1065]
     บอท ▸ [1065] disclose_balance  (✓ยืนยันแล้ว)
            ขอบคุณค่ะ เอบีซีขอเรียนแจ้งว่าสินเชื่อ ที่ลงท้ายด้วยเลข 1234 มียอดชำระขั้นต่ำ 3000 บาท ครบกำหนดวันที่ วันศุกร์ที่ 18 กันยายน 2026 ค่ะ ไม่ทราบว่าสะดวกชำระภายในวันนี้หรือไม่คะ
  ลูกค้า ▸ จ่ายวันศุกร์ครับ
       ⚙  record_outcome  {""result"": ""ptp"", ""reason"": ""ptp"", ""remark"": ""จ่ายวันศุกร์ครับ""}
          -> ok
       ⚙  reply  text_ids=[1084]
     บอท ▸ [1084] ptp_bye  (✓ยืนยันแล้ว)
            ขอบคุณค่ะ เอบีซีได้บันทึกไว้เรียบร้อยแล้วค่ะ ขอบคุณที่สละเวลา สวัสดีค่ะ"
conflict52,จะจ่ายวันศุกร์/แก้คำกลางประโยค,จะจ่ายวันศุกร์|แก้คำกลางประโยค,จ่ายพรุ่งนี้ครับ เอ๊ย วันศุกร์,ก็คือจะจ่ายวันศุกร์ครับ,ptp,ptp,pass,ถูกเลย,convince,เจรจาต่อ,,greet_verify disclose_balance convince ptp_bye,"       ⚙  reply  text_ids=[1015]
     บอท ▸ [1015] greet_verify  (ยังไม่ยืนยัน)
            สวัสดีค่ะ ดิฉันติดต่อจากเอบีซี ไม่ทราบว่ากำลังเรียนสายอยู่กับคุณ สมมติ ทดสอบระบบ ใช่หรือไม่คะ
  ลูกค้า ▸ ใช่ครับ
       ⚙  verify_status
          -> ok
       ⚙  reply  text_ids=[1065]
     บอท ▸ [1065] disclose_balance  (✓ยืนยันแล้ว)
            ขอบคุณค่ะ เอบีซีขอเรียนแจ้งว่าสินเชื่อ ที่ลงท้ายด้วยเลข 1234 มียอดชำระขั้นต่ำ 3000 บาท ครบกำหนดวันที่ วันศุกร์ที่ 18 กันยายน 2026 ค่ะ ไม่ทราบว่าสะดวกชำระภายในวันนี้หรือไม่คะ
  ลูกค้า ▸ จ่ายพรุ่งนี้ครับ เอ๊ย วันศุกร์
       ⚙  reply  text_ids=[1075]
     บอท ▸ [1075] convince  (✓ยืนยันแล้ว)
            เข้าใจค่ะ หากชำระขั้นต่ำ 3000 บาทภายในวันครบกำหนด จะช่วยรักษาประวัติการชำระไว้ได้ค่ะ ไม่ทราบว่าพอจะสะดวกหรือไม่คะ
  ลูกค้า ▸ ก็คือจะจ่ายวันศุกร์ครับ
       ⚙  record_outcome  {""result"": ""ptp"", ""reason"": ""ptp"", ""remark"": ""ก็คือจะจ่ายวันศุกร์ครับ""}
          -> ok
       ⚙  record_outcome  {""result"": ""ptp"", ""reason"": ""ptp"", ""remark"": ""ก็คือจะจ่ายวันศุกร์ครับ""}
          -> call_already_closed
       ⚙  reply  text_ids=[1084]
     บอท ▸ [1084] ptp_bye  (✓ยืนยันแล้ว)
            ขอบคุณค่ะ เอบีซีได้บันทึกไว้เรียบร้อยแล้วค่ะ ขอบคุณที่สละเวลา สวัสดีค่ะ"
conflict52,จะจ่ายวันศุกร์/แก้คำกลางประโยค,จะจ่ายวันศุกร์|แก้คำกลางประโยค|twin,จ่ายวันศุกร์ครับ,ก็คือจะจ่ายวันศุกร์ครับ,ptp,ptp,pass,ถูกเลย,ptp_bye,ปิดสายทันที,,greet_verify disclose_balance ptp_bye,"       ⚙  reply  text_ids=[1015]
     บอท ▸ [1015] greet_verify  (ยังไม่ยืนยัน)
            สวัสดีค่ะ ดิฉันติดต่อจากเอบีซี ไม่ทราบว่ากำลังเรียนสายอยู่กับคุณ สมมติ ทดสอบระบบ ใช่หรือไม่คะ
  ลูกค้า ▸ ใช่ครับ
       ⚙  verify_status
          -> ok
       ⚙  reply  text_ids=[1065]
     บอท ▸ [1065] disclose_balance  (✓ยืนยันแล้ว)
            ขอบคุณค่ะ เอบีซีขอเรียนแจ้งว่าสินเชื่อ ที่ลงท้ายด้วยเลข 1234 มียอดชำระขั้นต่ำ 3000 บาท ครบกำหนดวันที่ วันศุกร์ที่ 18 กันยายน 2026 ค่ะ ไม่ทราบว่าสะดวกชำระภายในวันนี้หรือไม่คะ
  ลูกค้า ▸ จ่ายวันศุกร์ครับ
       ⚙  record_outcome  {""result"": ""ptp"", ""reason"": ""ptp"", ""remark"": ""จ่ายวันศุกร์ครับ""}
          -> ok
       ⚙  reply  text_ids=[1084]
     บอท ▸ [1084] ptp_bye  (✓ยืนยันแล้ว)
            ขอบคุณค่ะ เอบีซีได้บันทึกไว้เรียบร้อยแล้วค่ะ ขอบคุณที่สละเวลา สวัสดีค่ะ"
conflict52,จ่ายบางส่วน/กรอบซ้อนกรอบ,จ่ายบางส่วน|กรอบซ้อนกรอบ,จ่ายไปแล้วแต่ยังไม่ครบ,ก็คือจ่ายไปแค่บางส่วนครับ,to_verify,to_verify,pass,ถูกเลย,confirm_paid,ถามยืนยันก่อน,,greet_verify disclose_balance confirm_paid thank_paid_bye,"       ⚙  reply  text_ids=[1015]
     บอท ▸ [1015] greet_verify  (ยังไม่ยืนยัน)
            สวัสดีค่ะ ดิฉันติดต่อจากเอบีซี ไม่ทราบว่ากำลังเรียนสายอยู่กับคุณ สมมติ ทดสอบระบบ ใช่หรือไม่คะ
  ลูกค้า ▸ ใช่ครับ
       ⚙  verify_status
          -> ok
       ⚙  reply  text_ids=[1065]
     บอท ▸ [1065] disclose_balance  (✓ยืนยันแล้ว)
            ขอบคุณค่ะ เอบีซีขอเรียนแจ้งว่าสินเชื่อ ที่ลงท้ายด้วยเลข 1234 มียอดชำระขั้นต่ำ 3000 บาท ครบกำหนดวันที่ วันศุกร์ที่ 18 กันยายน 2026 ค่ะ ไม่ทราบว่าสะดวกชำระภายในวันนี้หรือไม่คะ
  ลูกค้า ▸ จ่ายไปแล้วแต่ยังไม่ครบ
       ⚙  reply  text_ids=[2752]
     บอท ▸ [2752] confirm_paid  (✓ยืนยันแล้ว)
            ขอยืนยันนะคะ คุณลูกค้าได้ชำระยอดนี้เรียบร้อยแล้วใช่หรือไม่คะ
  ลูกค้า ▸ ก็คือจ่ายไปแค่บางส่วนครับ
       ⚙  record_outcome  {""result"": ""to_verify"", ""reason"": ""claims_paid"", ""remark"": ""ก็คือจ่ายไปแค่บางส่วนครับ""}
          -> ok
       ⚙  record_outcome  {""result"": ""to_verify"", ""reason"": ""claims_paid"", ""remark"": ""ก็คือจ่ายไปแค่บางส่วนครับ""}
          -> call_already_closed
       ⚙  reply  text_ids=[1092]
     บอท ▸ [1092] thank_paid_bye  (✓ยืนยันแล้ว)
            ขอบคุณค่ะ เอบีซีจะตรวจสอบรายการให้อีกครั้ง หากมีข้อสงสัยติดต่อได้ที่ [company_phone] ค่ะ สวัสดีค่ะ"
conflict52,จ่ายบางส่วน/กรอบซ้อนกรอบ,จ่ายบางส่วน|กรอบซ้อนกรอบ|twin,จ่ายไปแค่บางส่วนครับ,ก็คือจ่ายไปแค่บางส่วนครับ,to_verify,refused,fail,ผิดเลย,below_minimum,ตอบคำถาม/อื่น,เฉลยผิด,greet_verify disclose_balance below_minimum refer_below_min,"       ⚙  reply  text_ids=[1015]
     บอท ▸ [1015] greet_verify  (ยังไม่ยืนยัน)
            สวัสดีค่ะ ดิฉันติดต่อจากเอบีซี ไม่ทราบว่ากำลังเรียนสายอยู่กับคุณ สมมติ ทดสอบระบบ ใช่หรือไม่คะ
  ลูกค้า ▸ ใช่ครับ
       ⚙  verify_status
          -> ok
       ⚙  reply  text_ids=[1065]
     บอท ▸ [1065] disclose_balance  (✓ยืนยันแล้ว)
            ขอบคุณค่ะ เอบีซีขอเรียนแจ้งว่าสินเชื่อ ที่ลงท้ายด้วยเลข 1234 มียอดชำระขั้นต่ำ 3000 บาท ครบกำหนดวันที่ วันศุกร์ที่ 18 กันยายน 2026 ค่ะ ไม่ทราบว่าสะดวกชำระภายในวันนี้หรือไม่คะ
  ลูกค้า ▸ จ่ายไปแค่บางส่วนครับ
       ⚙  reply  text_ids=[2980]
     บอท ▸ [2980] below_minimum  (✓ยืนยันแล้ว)
            ยอดชำระขั้นต่ำอยู่ที่ 3000 บาทค่ะ รบกวนชำระอย่างน้อยขั้นต่ำได้ไหมคะ
  ลูกค้า ▸ ก็คือจ่ายไปแค่บางส่วนครับ
       ⚙  record_outcome  {""result"": ""refused"", ""reason"": ""below_minimum"", ""remark"": ""ก็คือจ่ายไปแค่บางส่วนครับ""}
          -> ok
       ⚙  record_outcome  {""result"": ""refused"", ""reason"": ""below_minimum"", ""remark"": ""ก็คือจ่ายไปแค่บางส่วนครับ""}
          -> call_already_closed
       ⚙  reply  text_ids=[3054]
     บอท ▸ [3054] refer_below_min  (✓ยืนยันแล้ว)
            รบกวนติดต่อกลับมาที่ [company_phone] เพื่อหาแนวทางการชำระที่เหมาะสมค่ะ สวัสดีค่ะ"
conflict52,จ่ายบางส่วน/ปฏิเสธต่อท้าย,จ่ายบางส่วน|ปฏิเสธต่อท้าย,จ่ายแล้วครับ แต่แค่ครึ่งเดียว,ก็คือจ่ายไปแค่บางส่วนครับ,to_verify,to_verify,pass,ถูกเลย,confirm_paid,ถามยืนยันก่อน,,greet_verify disclose_balance confirm_paid ptp_bye,"       ⚙  reply  text_ids=[1015]
     บอท ▸ [1015] greet_verify  (ยังไม่ยืนยัน)
            สวัสดีค่ะ ดิฉันติดต่อจากเอบีซี ไม่ทราบว่ากำลังเรียนสายอยู่กับคุณ สมมติ ทดสอบระบบ ใช่หรือไม่คะ
  ลูกค้า ▸ ใช่ครับ
       ⚙  verify_status
          -> ok
       ⚙  reply  text_ids=[1065]
     บอท ▸ [1065] disclose_balance  (✓ยืนยันแล้ว)
            ขอบคุณค่ะ เอบีซีขอเรียนแจ้งว่าสินเชื่อ ที่ลงท้ายด้วยเลข 1234 มียอดชำระขั้นต่ำ 3000 บาท ครบกำหนดวันที่ วันศุกร์ที่ 18 กันยายน 2026 ค่ะ ไม่ทราบว่าสะดวกชำระภายในวันนี้หรือไม่คะ
  ลูกค้า ▸ จ่ายแล้วครับ แต่แค่ครึ่งเดียว
       ⚙  reply  text_ids=[2752]
     บอท ▸ [2752] confirm_paid  (✓ยืนยันแล้ว)
            ขอยืนยันนะคะ คุณลูกค้าได้ชำระยอดนี้เรียบร้อยแล้วใช่หรือไม่คะ
  ลูกค้า ▸ ก็คือจ่ายไปแค่บางส่วนครับ
       ⚙  record_outcome  {""result"": ""to_verify"", ""reason"": ""claims_paid"", ""remark"": ""ก็คือจ่ายไปแค่บางส่วนครับ""}
          -> ok
       ⚙  record_outcome  {""result"": ""to_verify"", ""reason"": ""claims_paid"", ""remark"": ""ก็คือจ่ายไปแค่บางส่วนครับ""}
          -> call_already_closed
     บอท ▸ [1084] ptp_bye  (✓ยืนยันแล้ว)
            ขอบคุณค่ะ เอบีซีได้บันทึกไว้เรียบร้อยแล้วค่ะ ขอบคุณที่สละเวลา สวัสดีค่ะ"
conflict52,จ่ายบางส่วน/ปฏิเสธต่อท้าย,จ่ายบางส่วน|ปฏิเสธต่อท้าย|twin,จ่ายไปครึ่งเดียวครับ,ก็คือจ่ายไปแค่บางส่วนครับ,to_verify,refused,fail,ผิดเลย,below_minimum,ตอบคำถาม/อื่น,เฉลยผิด,greet_verify disclose_balance below_minimum refer_below_min,"       ⚙  reply  text_ids=[1015]
     บอท ▸ [1015] greet_verify  (ยังไม่ยืนยัน)
            สวัสดีค่ะ ดิฉันติดต่อจากเอบีซี ไม่ทราบว่ากำลังเรียนสายอยู่กับคุณ สมมติ ทดสอบระบบ ใช่หรือไม่คะ
  ลูกค้า ▸ ใช่ครับ
       ⚙  verify_status
          -> ok
       ⚙  reply  text_ids=[1065]
     บอท ▸ [1065] disclose_balance  (✓ยืนยันแล้ว)
            ขอบคุณค่ะ เอบีซีขอเรียนแจ้งว่าสินเชื่อ ที่ลงท้ายด้วยเลข 1234 มียอดชำระขั้นต่ำ 3000 บาท ครบกำหนดวันที่ วันศุกร์ที่ 18 กันยายน 2026 ค่ะ ไม่ทราบว่าสะดวกชำระภายในวันนี้หรือไม่คะ
  ลูกค้า ▸ จ่ายไปครึ่งเดียวครับ
       ⚙  reply  text_ids=[2980]
     บอท ▸ [2980] below_minimum  (✓ยืนยันแล้ว)
            ยอดชำระขั้นต่ำอยู่ที่ 3000 บาทค่ะ รบกวนชำระอย่างน้อยขั้นต่ำได้ไหมคะ
  ลูกค้า ▸ ก็คือจ่ายไปแค่บางส่วนครับ
       ⚙  record_outcome  {""result"": ""refused"", ""reason"": ""below_minimum"", ""remark"": ""ก็คือจ่ายไปแค่บางส่วนครับ""}
          -> ok
       ⚙  record_outcome  {""result"": ""refused"", ""reason"": ""below_minimum"", ""remark"": ""ก็คือจ่ายไปแค่บางส่วนครับ""}
          -> call_already_closed
       ⚙  reply  text_ids=[3054]
     บอท ▸ [3054] refer_below_min  (✓ยืนยันแล้ว)
            รบกวนติดต่อกลับมาที่ [company_phone] เพื่อหาแนวทางการชำระที่เหมาะสมค่ะ สวัสดีค่ะ"
conflict52,จ่ายแล้ว/คำลงท้ายขัดเนื้อหา,จ่ายแล้ว|คำลงท้ายขัดเนื้อหา,จ่ายแล้วครับ...มั้งนะ,ก็คือจ่ายไปเรียบร้อยแล้วครับ,to_verify,to_verify,pass,ถูกเลย,confirm_paid,ถามยืนยันก่อน,,greet_verify disclose_balance confirm_paid thank_paid_bye,"       ⚙  reply  text_ids=[1015]
     บอท ▸ [1015] greet_verify  (ยังไม่ยืนยัน)
            สวัสดีค่ะ ดิฉันติดต่อจากเอบีซี ไม่ทราบว่ากำลังเรียนสายอยู่กับคุณ สมมติ ทดสอบระบบ ใช่หรือไม่คะ
  ลูกค้า ▸ ใช่ครับ
       ⚙  verify_status
          -> ok
       ⚙  reply  text_ids=[1065]
     บอท ▸ [1065] disclose_balance  (✓ยืนยันแล้ว)
            ขอบคุณค่ะ เอบีซีขอเรียนแจ้งว่าสินเชื่อ ที่ลงท้ายด้วยเลข 1234 มียอดชำระขั้นต่ำ 3000 บาท ครบกำหนดวันที่ วันศุกร์ที่ 18 กันยายน 2026 ค่ะ ไม่ทราบว่าสะดวกชำระภายในวันนี้หรือไม่คะ
  ลูกค้า ▸ จ่ายแล้วครับ...มั้งนะ
       ⚙  reply  text_ids=[2752]
     บอท ▸ [2752] confirm_paid  (✓ยืนยันแล้ว)
            ขอยืนยันนะคะ คุณลูกค้าได้ชำระยอดนี้เรียบร้อยแล้วใช่หรือไม่คะ
  ลูกค้า ▸ ก็คือจ่ายไปเรียบร้อยแล้วครับ
       ⚙  record_outcome  {""result"": ""to_verify"", ""reason"": ""claims_paid"", ""remark"": ""ก็คือจ่ายไปเรียบร้อยแล้วครับ""}
          -> ok
       ⚙  reply  text_ids=[1092]
     บอท ▸ [1092] thank_paid_bye  (✓ยืนยันแล้ว)
            ขอบคุณค่ะ เอบีซีจะตรวจสอบรายการให้อีกครั้ง หากมีข้อสงสัยติดต่อได้ที่ [company_phone] ค่ะ สวัสดีค่ะ"
conflict52,จ่ายแล้ว/คำลงท้ายขัดเนื้อหา,จ่ายแล้ว|คำลงท้ายขัดเนื้อหา|twin,จ่ายแล้วครับ,ก็คือจ่ายไปเรียบร้อยแล้วครับ,to_verify,to_verify,pass,ถูกเลย,confirm_paid,ถามยืนยันก่อน,,greet_verify disclose_balance confirm_paid thank_paid_bye,"       ⚙  reply  text_ids=[1015]
     บอท ▸ [1015] greet_verify  (ยังไม่ยืนยัน)
            สวัสดีค่ะ ดิฉันติดต่อจากเอบีซี ไม่ทราบว่ากำลังเรียนสายอยู่กับคุณ สมมติ ทดสอบระบบ ใช่หรือไม่คะ
  ลูกค้า ▸ ใช่ครับ
       ⚙  verify_status
          -> ok
       ⚙  reply  text_ids=[1065]
     บอท ▸ [1065] disclose_balance  (✓ยืนยันแล้ว)
            ขอบคุณค่ะ เอบีซีขอเรียนแจ้งว่าสินเชื่อ ที่ลงท้ายด้วยเลข 1234 มียอดชำระขั้นต่ำ 3000 บาท ครบกำหนดวันที่ วันศุกร์ที่ 18 กันยายน 2026 ค่ะ ไม่ทราบว่าสะดวกชำระภายในวันนี้หรือไม่คะ
  ลูกค้า ▸ จ่ายแล้วครับ
       ⚙  reply  text_ids=[2752]
     บอท ▸ [2752] confirm_paid  (✓ยืนยันแล้ว)
            ขอยืนยันนะคะ คุณลูกค้าได้ชำระยอดนี้เรียบร้อยแล้วใช่หรือไม่คะ
  ลูกค้า ▸ ก็คือจ่ายไปเรียบร้อยแล้วครับ
       ⚙  record_outcome  {""result"": ""to_verify"", ""reason"": ""claims_paid"", ""remark"": ""ก็คือจ่ายไปเรียบร้อยแล้วครับ""}
          -> ok
       ⚙  reply  text_ids=[1092]
     บอท ▸ [1092] thank_paid_bye  (✓ยืนยันแล้ว)
            ขอบคุณค่ะ เอบีซีจะตรวจสอบรายการให้อีกครั้ง หากมีข้อสงสัยติดต่อได้ที่ [company_phone] ค่ะ สวัสดีค่ะ"
conflict52,จ่ายแล้ว/ตอบรับนำหน้า,จ่ายแล้ว|ตอบรับนำหน้า,ไม่ครับ ผมจ่ายไปแล้ว,ก็คือจ่ายไปเรียบร้อยแล้วครับ,to_verify,to_verify,pass,ถูกเลย,confirm_paid,ถามยืนยันก่อน,,greet_verify disclose_balance confirm_paid thank_paid_bye,"       ⚙  reply  text_ids=[1015]
     บอท ▸ [1015] greet_verify  (ยังไม่ยืนยัน)
            สวัสดีค่ะ ดิฉันติดต่อจากเอบีซี ไม่ทราบว่ากำลังเรียนสายอยู่กับคุณ สมมติ ทดสอบระบบ ใช่หรือไม่คะ
  ลูกค้า ▸ ใช่ครับ
       ⚙  verify_status
          -> ok
       ⚙  reply  text_ids=[1065]
     บอท ▸ [1065] disclose_balance  (✓ยืนยันแล้ว)
            ขอบคุณค่ะ เอบีซีขอเรียนแจ้งว่าสินเชื่อ ที่ลงท้ายด้วยเลข 1234 มียอดชำระขั้นต่ำ 3000 บาท ครบกำหนดวันที่ วันศุกร์ที่ 18 กันยายน 2026 ค่ะ ไม่ทราบว่าสะดวกชำระภายในวันนี้หรือไม่คะ
  ลูกค้า ▸ ไม่ครับ ผมจ่ายไปแล้ว
       ⚙  reply  text_ids=[2752]
     บอท ▸ [2752] confirm_paid  (✓ยืนยันแล้ว)
            ขอยืนยันนะคะ คุณลูกค้าได้ชำระยอดนี้เรียบร้อยแล้วใช่หรือไม่คะ
  ลูกค้า ▸ ก็คือจ่ายไปเรียบร้อยแล้วครับ
       ⚙  record_outcome  {""result"": ""to_verify"", ""reason"": ""claims_paid"", ""remark"": ""ก็คือจ่ายไปเรียบร้อยแล้วครับ""}
          -> ok
       ⚙  reply  text_ids=[1092]
     บอท ▸ [1092] thank_paid_bye  (✓ยืนยันแล้ว)
            ขอบคุณค่ะ เอบีซีจะตรวจสอบรายการให้อีกครั้ง หากมีข้อสงสัยติดต่อได้ที่ [company_phone] ค่ะ สวัสดีค่ะ"
conflict52,จ่ายแล้ว/ตอบรับนำหน้า,จ่ายแล้ว|ตอบรับนำหน้า|twin,ผมจ่ายไปแล้วครับ,ก็คือจ่ายไปเรียบร้อยแล้วครับ,to_verify,to_verify,pass,ถูกเลย,confirm_paid,ถามยืนยันก่อน,,greet_verify disclose_balance confirm_paid thank_paid_bye,"       ⚙  reply  text_ids=[1015]
     บอท ▸ [1015] greet_verify  (ยังไม่ยืนยัน)
            สวัสดีค่ะ ดิฉันติดต่อจากเอบีซี ไม่ทราบว่ากำลังเรียนสายอยู่กับคุณ สมมติ ทดสอบระบบ ใช่หรือไม่คะ
  ลูกค้า ▸ ใช่ครับ
       ⚙  verify_status
          -> ok
       ⚙  reply  text_ids=[1065]
     บอท ▸ [1065] disclose_balance  (✓ยืนยันแล้ว)
            ขอบคุณค่ะ เอบีซีขอเรียนแจ้งว่าสินเชื่อ ที่ลงท้ายด้วยเลข 1234 มียอดชำระขั้นต่ำ 3000 บาท ครบกำหนดวันที่ วันศุกร์ที่ 18 กันยายน 2026 ค่ะ ไม่ทราบว่าสะดวกชำระภายในวันนี้หรือไม่คะ
  ลูกค้า ▸ ผมจ่ายไปแล้วครับ
       ⚙  reply  text_ids=[2752]
     บอท ▸ [2752] confirm_paid  (✓ยืนยันแล้ว)
            ขอยืนยันนะคะ คุณลูกค้าได้ชำระยอดนี้เรียบร้อยแล้วใช่หรือไม่คะ
  ลูกค้า ▸ ก็คือจ่ายไปเรียบร้อยแล้วครับ
       ⚙  record_outcome  {""result"": ""to_verify"", ""reason"": ""claims_paid"", ""remark"": ""ก็คือจ่ายไปเรียบร้อยแล้วครับ""}
          -> ok
       ⚙  reply  text_ids=[1092]
     บอท ▸ [1092] thank_paid_bye  (✓ยืนยันแล้ว)
            ขอบคุณค่ะ เอบีซีจะตรวจสอบรายการให้อีกครั้ง หากมีข้อสงสัยติดต่อได้ที่ [company_phone] ค่ะ สวัสดีค่ะ"
conflict52,จ่ายแล้ว/ปฏิเสธต่อท้าย,จ่ายแล้ว|ปฏิเสธต่อท้าย,จ่ายไปแล้วครับ แต่ระบบอาจยังไม่ขึ้น,ก็คือจ่ายไปเรียบร้อยแล้วครับ,to_verify,to_verify,pass,ถูกเลย,confirm_paid,ถามยืนยันก่อน,,greet_verify disclose_balance confirm_paid thank_paid_bye,"       ⚙  reply  text_ids=[1015]
     บอท ▸ [1015] greet_verify  (ยังไม่ยืนยัน)
            สวัสดีค่ะ ดิฉันติดต่อจากเอบีซี ไม่ทราบว่ากำลังเรียนสายอยู่กับคุณ สมมติ ทดสอบระบบ ใช่หรือไม่คะ
  ลูกค้า ▸ ใช่ครับ
       ⚙  verify_status
          -> ok
       ⚙  reply  text_ids=[1065]
     บอท ▸ [1065] disclose_balance  (✓ยืนยันแล้ว)
            ขอบคุณค่ะ เอบีซีขอเรียนแจ้งว่าสินเชื่อ ที่ลงท้ายด้วยเลข 1234 มียอดชำระขั้นต่ำ 3000 บาท ครบกำหนดวันที่ วันศุกร์ที่ 18 กันยายน 2026 ค่ะ ไม่ทราบว่าสะดวกชำระภายในวันนี้หรือไม่คะ
  ลูกค้า ▸ จ่ายไปแล้วครับ แต่ระบบอาจยังไม่ขึ้น
       ⚙  reply  text_ids=[2752]
     บอท ▸ [2752] confirm_paid  (✓ยืนยันแล้ว)
            ขอยืนยันนะคะ คุณลูกค้าได้ชำระยอดนี้เรียบร้อยแล้วใช่หรือไม่คะ
  ลูกค้า ▸ ก็คือจ่ายไปเรียบร้อยแล้วครับ
       ⚙  record_outcome  {""result"": ""to_verify"", ""reason"": ""claims_paid"", ""remark"": ""ก็คือจ่ายไปเรียบร้อยแล้วครับ""}
          -> ok
       ⚙  reply  text_ids=[1092]
     บอท ▸ [1092] thank_paid_bye  (✓ยืนยันแล้ว)
            ขอบคุณค่ะ เอบีซีจะตรวจสอบรายการให้อีกครั้ง หากมีข้อสงสัยติดต่อได้ที่ [company_phone] ค่ะ สวัสดีค่ะ"
conflict52,จ่ายแล้ว/ปฏิเสธต่อท้าย,จ่ายแล้ว|ปฏิเสธต่อท้าย|twin,จ่ายไปแล้วครับ,ก็คือจ่ายไปเรียบร้อยแล้วครับ,to_verify,to_verify,pass,ถูกเลย,confirm_paid,ถามยืนยันก่อน,,greet_verify disclose_balance confirm_paid thank_paid_bye,"       ⚙  reply  text_ids=[1015]
     บอท ▸ [1015] greet_verify  (ยังไม่ยืนยัน)
            สวัสดีค่ะ ดิฉันติดต่อจากเอบีซี ไม่ทราบว่ากำลังเรียนสายอยู่กับคุณ สมมติ ทดสอบระบบ ใช่หรือไม่คะ
  ลูกค้า ▸ ใช่ครับ
       ⚙  verify_status
          -> ok
       ⚙  reply  text_ids=[1065]
     บอท ▸ [1065] disclose_balance  (✓ยืนยันแล้ว)
            ขอบคุณค่ะ เอบีซีขอเรียนแจ้งว่าสินเชื่อ ที่ลงท้ายด้วยเลข 1234 มียอดชำระขั้นต่ำ 3000 บาท ครบกำหนดวันที่ วันศุกร์ที่ 18 กันยายน 2026 ค่ะ ไม่ทราบว่าสะดวกชำระภายในวันนี้หรือไม่คะ
  ลูกค้า ▸ จ่ายไปแล้วครับ
       ⚙  reply  text_ids=[2752]
     บอท ▸ [2752] confirm_paid  (✓ยืนยันแล้ว)
            ขอยืนยันนะคะ คุณลูกค้าได้ชำระยอดนี้เรียบร้อยแล้วใช่หรือไม่คะ
  ลูกค้า ▸ ก็คือจ่ายไปเรียบร้อยแล้วครับ
       ⚙  record_outcome  {""result"": ""to_verify"", ""reason"": ""claims_paid"", ""remark"": ""ก็คือจ่ายไปเรียบร้อยแล้วครับ""}
          -> ok
       ⚙  reply  text_ids=[1092]
     บอท ▸ [1092] thank_paid_bye  (✓ยืนยันแล้ว)
            ขอบคุณค่ะ เอบีซีจะตรวจสอบรายการให้อีกครั้ง หากมีข้อสงสัยติดต่อได้ที่ [company_phone] ค่ะ สวัสดีค่ะ"
conflict52,จ่ายแล้ว/แก้คำกลางประโยค,จ่ายแล้ว|แก้คำกลางประโยค,ยังไม่ได้จ่าย...เอ๊ย จ่ายไปแล้วครับ,ก็คือจ่ายไปเรียบร้อยแล้วครับ,to_verify,to_verify,pass,ถูกเลย,confirm_paid,ถามยืนยันก่อน,,greet_verify disclose_balance confirm_paid thank_paid_bye,"       ⚙  reply  text_ids=[1015]
     บอท ▸ [1015] greet_verify  (ยังไม่ยืนยัน)
            สวัสดีค่ะ ดิฉันติดต่อจากเอบีซี ไม่ทราบว่ากำลังเรียนสายอยู่กับคุณ สมมติ ทดสอบระบบ ใช่หรือไม่คะ
  ลูกค้า ▸ ใช่ครับ
       ⚙  verify_status
          -> ok
       ⚙  reply  text_ids=[1065]
     บอท ▸ [1065] disclose_balance  (✓ยืนยันแล้ว)
            ขอบคุณค่ะ เอบีซีขอเรียนแจ้งว่าสินเชื่อ ที่ลงท้ายด้วยเลข 1234 มียอดชำระขั้นต่ำ 3000 บาท ครบกำหนดวันที่ วันศุกร์ที่ 18 กันยายน 2026 ค่ะ ไม่ทราบว่าสะดวกชำระภายในวันนี้หรือไม่คะ
  ลูกค้า ▸ ยังไม่ได้จ่าย...เอ๊ย จ่ายไปแล้วครับ
       ⚙  reply  text_ids=[2752]
     บอท ▸ [2752] confirm_paid  (✓ยืนยันแล้ว)
            ขอยืนยันนะคะ คุณลูกค้าได้ชำระยอดนี้เรียบร้อยแล้วใช่หรือไม่คะ
  ลูกค้า ▸ ก็คือจ่ายไปเรียบร้อยแล้วครับ
       ⚙  record_outcome  {""result"": ""to_verify"", ""reason"": ""claims_paid"", ""remark"": ""ก็คือจ่ายไปเรียบร้อยแล้วครับ""}
          -> ok
       ⚙  reply  text_ids=[1092]
     บอท ▸ [1092] thank_paid_bye  (✓ยืนยันแล้ว)
            ขอบคุณค่ะ เอบีซีจะตรวจสอบรายการให้อีกครั้ง หากมีข้อสงสัยติดต่อได้ที่ [company_phone] ค่ะ สวัสดีค่ะ"
conflict52,จ่ายแล้ว/แก้คำกลางประโยค,จ่ายแล้ว|แก้คำกลางประโยค|twin,จ่ายไปแล้วครับ,ก็คือจ่ายไปเรียบร้อยแล้วครับ,to_verify,to_verify,pass,ถูกเลย,confirm_paid,ถามยืนยันก่อน,,greet_verify disclose_balance confirm_paid thank_paid_bye,"       ⚙  reply  text_ids=[1015]
     บอท ▸ [1015] greet_verify  (ยังไม่ยืนยัน)
            สวัสดีค่ะ ดิฉันติดต่อจากเอบีซี ไม่ทราบว่ากำลังเรียนสายอยู่กับคุณ สมมติ ทดสอบระบบ ใช่หรือไม่คะ
  ลูกค้า ▸ ใช่ครับ
       ⚙  verify_status
          -> ok
       ⚙  reply  text_ids=[1065]
     บอท ▸ [1065] disclose_balance  (✓ยืนยันแล้ว)
            ขอบคุณค่ะ เอบีซีขอเรียนแจ้งว่าสินเชื่อ ที่ลงท้ายด้วยเลข 1234 มียอดชำระขั้นต่ำ 3000 บาท ครบกำหนดวันที่ วันศุกร์ที่ 18 กันยายน 2026 ค่ะ ไม่ทราบว่าสะดวกชำระภายในวันนี้หรือไม่คะ
  ลูกค้า ▸ จ่ายไปแล้วครับ
       ⚙  reply  text_ids=[2752]
     บอท ▸ [2752] confirm_paid  (✓ยืนยันแล้ว)
            ขอยืนยันนะคะ คุณลูกค้าได้ชำระยอดนี้เรียบร้อยแล้วใช่หรือไม่คะ
  ลูกค้า ▸ ก็คือจ่ายไปเรียบร้อยแล้วครับ
       ⚙  record_outcome  {""result"": ""to_verify"", ""reason"": ""claims_paid"", ""remark"": ""ก็คือจ่ายไปเรียบร้อยแล้วครับ""}
          -> ok
       ⚙  reply  text_ids=[1092]
     บอท ▸ [1092] thank_paid_bye  (✓ยืนยันแล้ว)
            ขอบคุณค่ะ เอบีซีจะตรวจสอบรายการให้อีกครั้ง หากมีข้อสงสัยติดต่อได้ที่ [company_phone] ค่ะ สวัสดีค่ะ"
conflict52,จ่ายไม่ได้แล้ว/ปฏิเสธต่อท้าย,จ่ายไม่ได้แล้ว|ปฏิเสธต่อท้าย,จ่ายวันศุกร์ครับ...ไม่ได้ครับ ติดธุระ,ก็คือจ่ายไม่ได้ครับ,refused,refused,pass,ถูกเลย,convince,เจรจาต่อ,,greet_verify disclose_balance convince ptp_bye,"       ⚙  reply  text_ids=[1015]
     บอท ▸ [1015] greet_verify  (ยังไม่ยืนยัน)
            สวัสดีค่ะ ดิฉันติดต่อจากเอบีซี ไม่ทราบว่ากำลังเรียนสายอยู่กับคุณ สมมติ ทดสอบระบบ ใช่หรือไม่คะ
  ลูกค้า ▸ ใช่ครับ
       ⚙  verify_status
          -> ok
       ⚙  reply  text_ids=[1065]
     บอท ▸ [1065] disclose_balance  (✓ยืนยันแล้ว)
            ขอบคุณค่ะ เอบีซีขอเรียนแจ้งว่าสินเชื่อ ที่ลงท้ายด้วยเลข 1234 มียอดชำระขั้นต่ำ 3000 บาท ครบกำหนดวันที่ วันศุกร์ที่ 18 กันยายน 2026 ค่ะ ไม่ทราบว่าสะดวกชำระภายในวันนี้หรือไม่คะ
  ลูกค้า ▸ จ่ายวันศุกร์ครับ...ไม่ได้ครับ ติดธุระ
       ⚙  reply  text_ids=[1075]
     บอท ▸ [1075] convince  (✓ยืนยันแล้ว)
            เข้าใจค่ะ หากชำระขั้นต่ำ 3000 บาทภายในวันครบกำหนด จะช่วยรักษาประวัติการชำระไว้ได้ค่ะ ไม่ทราบว่าพอจะสะดวกหรือไม่คะ
  ลูกค้า ▸ ก็คือจ่ายไม่ได้ครับ
       ⚙  record_outcome  {""result"": ""refused"", ""reason"": ""refused"", ""remark"": ""ก็คือจ่ายไม่ได้ครับ""}
          -> ok
       ⚙  record_outcome  {""result"": ""refused"", ""reason"": ""refused"", ""remark"": ""ก็คือจ่ายไม่ได้ครับ""}
          -> call_already_closed
     บอท ▸ [1084] ptp_bye  (✓ยืนยันแล้ว)
            ขอบคุณค่ะ เอบีซีได้บันทึกไว้เรียบร้อยแล้วค่ะ ขอบคุณที่สละเวลา สวัสดีค่ะ"
conflict52,จ่ายไม่ได้แล้ว/ปฏิเสธต่อท้าย,จ่ายไม่ได้แล้ว|ปฏิเสธต่อท้าย|twin,วันศุกร์จ่ายไม่ได้ครับ,ก็คือจ่ายไม่ได้ครับ,refused,refused,pass,ถูกเลย,convince,เจรจาต่อ,,greet_verify disclose_balance convince contact_bank_bye,"       ⚙  reply  text_ids=[1015]
     บอท ▸ [1015] greet_verify  (ยังไม่ยืนยัน)
            สวัสดีค่ะ ดิฉันติดต่อจากเอบีซี ไม่ทราบว่ากำลังเรียนสายอยู่กับคุณ สมมติ ทดสอบระบบ ใช่หรือไม่คะ
  ลูกค้า ▸ ใช่ครับ
       ⚙  verify_status
          -> ok
       ⚙  reply  text_ids=[1065]
     บอท ▸ [1065] disclose_balance  (✓ยืนยันแล้ว)
            ขอบคุณค่ะ เอบีซีขอเรียนแจ้งว่าสินเชื่อ ที่ลงท้ายด้วยเลข 1234 มียอดชำระขั้นต่ำ 3000 บาท ครบกำหนดวันที่ วันศุกร์ที่ 18 กันยายน 2026 ค่ะ ไม่ทราบว่าสะดวกชำระภายในวันนี้หรือไม่คะ
  ลูกค้า ▸ วันศุกร์จ่ายไม่ได้ครับ
       ⚙  reply  text_ids=[1075]
     บอท ▸ [1075] convince  (✓ยืนยันแล้ว)
            เข้าใจค่ะ หากชำระขั้นต่ำ 3000 บาทภายในวันครบกำหนด จะช่วยรักษาประวัติการชำระไว้ได้ค่ะ ไม่ทราบว่าพอจะสะดวกหรือไม่คะ
  ลูกค้า ▸ ก็คือจ่ายไม่ได้ครับ
       ⚙  record_outcome  {""result"": ""refused"", ""reason"": ""refused"", ""remark"": ""ก็คือจ่ายไม่ได้ครับ""}
          -> ok
       ⚙  reply  text_ids=[1099]
     บอท ▸ [1099] contact_bank_bye  (✓ยืนยันแล้ว)
            หากมีข้อติดขัดประการใด โทรกลับมาปรึกษาเอบีซีได้ที่เบอร์ [company_phone] ค่ะ ขอบคุณค่ะ สวัสดีค่ะ"
conflict52,ยอดต่ำกว่าขั้นต่ำ/ตอบรับนำหน้า,ยอดต่ำกว่าขั้นต่ำ|ตอบรับนำหน้า,ได้ครับ จ่ายพันห้าได้ไหม,ก็คือมีแค่นั้นจริง ๆ ครับ,refused,refused,pass,ถูกเลย,below_minimum,ตอบคำถาม/อื่น,,greet_verify disclose_balance below_minimum refer_below_min,"       ⚙  reply  text_ids=[1015]
     บอท ▸ [1015] greet_verify  (ยังไม่ยืนยัน)
            สวัสดีค่ะ ดิฉันติดต่อจากเอบีซี ไม่ทราบว่ากำลังเรียนสายอยู่กับคุณ สมมติ ทดสอบระบบ ใช่หรือไม่คะ
  ลูกค้า ▸ ใช่ครับ
       ⚙  verify_status
          -> ok
       ⚙  reply  text_ids=[1065]
     บอท ▸ [1065] disclose_balance  (✓ยืนยันแล้ว)
            ขอบคุณค่ะ เอบีซีขอเรียนแจ้งว่าสินเชื่อ ที่ลงท้ายด้วยเลข 1234 มียอดชำระขั้นต่ำ 3000 บาท ครบกำหนดวันที่ วันศุกร์ที่ 18 กันยายน 2026 ค่ะ ไม่ทราบว่าสะดวกชำระภายในวันนี้หรือไม่คะ
  ลูกค้า ▸ ได้ครับ จ่ายพันห้าได้ไหม
       ⚙  reply  text_ids=[2980]
     บอท ▸ [2980] below_minimum  (✓ยืนยันแล้ว)
            ยอดชำระขั้นต่ำอยู่ที่ 3000 บาทค่ะ รบกวนชำระอย่างน้อยขั้นต่ำได้ไหมคะ
  ลูกค้า ▸ ก็คือมีแค่นั้นจริง ๆ ครับ
       ⚙  record_outcome  {""result"": ""refused"", ""reason"": ""below_minimum"", ""remark"": ""ก็คือมีแค่นั้นจริง ๆ ครับ""}
          -> ok
       ⚙  record_outcome  {""result"": ""refused"", ""reason"": ""below_minimum"", ""remark"": ""ก็คือมีแค่นั้นจริง ๆ ครับ""}
          -> call_already_closed
       ⚙  reply  text_ids=[3054]
     บอท ▸ [3054] refer_below_min  (✓ยืนยันแล้ว)
            รบกวนติดต่อกลับมาที่ [company_phone] เพื่อหาแนวทางการชำระที่เหมาะสมค่ะ สวัสดีค่ะ"
conflict52,ยอดต่ำกว่าขั้นต่ำ/ตอบรับนำหน้า,ยอดต่ำกว่าขั้นต่ำ|ตอบรับนำหน้า|twin,ขอจ่ายพันห้าครับ,ก็คือมีแค่นั้นจริง ๆ ครับ,refused,refused,pass,ถูกเลย,below_minimum,ตอบคำถาม/อื่น,,greet_verify disclose_balance below_minimum refer_below_min,"       ⚙  reply  text_ids=[1015]
     บอท ▸ [1015] greet_verify  (ยังไม่ยืนยัน)
            สวัสดีค่ะ ดิฉันติดต่อจากเอบีซี ไม่ทราบว่ากำลังเรียนสายอยู่กับคุณ สมมติ ทดสอบระบบ ใช่หรือไม่คะ
  ลูกค้า ▸ ใช่ครับ
       ⚙  verify_status
          -> ok
       ⚙  reply  text_ids=[1065]
     บอท ▸ [1065] disclose_balance  (✓ยืนยันแล้ว)
            ขอบคุณค่ะ เอบีซีขอเรียนแจ้งว่าสินเชื่อ ที่ลงท้ายด้วยเลข 1234 มียอดชำระขั้นต่ำ 3000 บาท ครบกำหนดวันที่ วันศุกร์ที่ 18 กันยายน 2026 ค่ะ ไม่ทราบว่าสะดวกชำระภายในวันนี้หรือไม่คะ
  ลูกค้า ▸ ขอจ่ายพันห้าครับ
       ⚙  reply  text_ids=[2980]
     บอท ▸ [2980] below_minimum  (✓ยืนยันแล้ว)
            ยอดชำระขั้นต่ำอยู่ที่ 3000 บาทค่ะ รบกวนชำระอย่างน้อยขั้นต่ำได้ไหมคะ
  ลูกค้า ▸ ก็คือมีแค่นั้นจริง ๆ ครับ
       ⚙  record_outcome  {""result"": ""refused"", ""reason"": ""below_minimum"", ""remark"": ""ก็คือมีแค่นั้นจริง ๆ ครับ""}
          -> ok
       ⚙  record_outcome  {""result"": ""refused"", ""reason"": ""below_minimum"", ""remark"": ""ก็คือมีแค่นั้นจริง ๆ ครับ""}
          -> call_already_closed
       ⚙  reply  text_ids=[3054]
     บอท ▸ [3054] refer_below_min  (✓ยืนยันแล้ว)
            รบกวนติดต่อกลับมาที่ [company_phone] เพื่อหาแนวทางการชำระที่เหมาะสมค่ะ สวัสดีค่ะ"
conflict52,ยอดต่ำกว่าขั้นต่ำ/แก้คำกลางประโยค,ยอดต่ำกว่าขั้นต่ำ|แก้คำกลางประโยค,จ่ายสามพัน...ไม่สิ สองพันครับ,ก็คือมีแค่นั้นจริง ๆ ครับ,refused,refused,pass,ถูกเลย,below_minimum,ตอบคำถาม/อื่น,,greet_verify disclose_balance below_minimum refer_below_min,"       ⚙  reply  text_ids=[1015]
     บอท ▸ [1015] greet_verify  (ยังไม่ยืนยัน)
            สวัสดีค่ะ ดิฉันติดต่อจากเอบีซี ไม่ทราบว่ากำลังเรียนสายอยู่กับคุณ สมมติ ทดสอบระบบ ใช่หรือไม่คะ
  ลูกค้า ▸ ใช่ครับ
       ⚙  verify_status
          -> ok
       ⚙  reply  text_ids=[1065]
     บอท ▸ [1065] disclose_balance  (✓ยืนยันแล้ว)
            ขอบคุณค่ะ เอบีซีขอเรียนแจ้งว่าสินเชื่อ ที่ลงท้ายด้วยเลข 1234 มียอดชำระขั้นต่ำ 3000 บาท ครบกำหนดวันที่ วันศุกร์ที่ 18 กันยายน 2026 ค่ะ ไม่ทราบว่าสะดวกชำระภายในวันนี้หรือไม่คะ
  ลูกค้า ▸ จ่ายสามพัน...ไม่สิ สองพันครับ
       ⚙  reply  text_ids=[2980]
     บอท ▸ [2980] below_minimum  (✓ยืนยันแล้ว)
            ยอดชำระขั้นต่ำอยู่ที่ 3000 บาทค่ะ รบกวนชำระอย่างน้อยขั้นต่ำได้ไหมคะ
  ลูกค้า ▸ ก็คือมีแค่นั้นจริง ๆ ครับ
       ⚙  record_outcome  {""result"": ""refused"", ""reason"": ""below_minimum"", ""remark"": ""ก็คือมีแค่นั้นจริง ๆ ครับ""}
          -> ok
       ⚙  record_outcome  {""result"": ""refused"", ""reason"": ""below_minimum"", ""remark"": ""ก็คือมีแค่นั้นจริง ๆ ครับ""}
          -> call_already_closed
       ⚙  reply  text_ids=[3054]
     บอท ▸ [3054] refer_below_min  (✓ยืนยันแล้ว)
            รบกวนติดต่อกลับมาที่ [company_phone] เพื่อหาแนวทางการชำระที่เหมาะสมค่ะ สวัสดีค่ะ"
conflict52,ยอดต่ำกว่าขั้นต่ำ/แก้คำกลางประโยค,ยอดต่ำกว่าขั้นต่ำ|แก้คำกลางประโยค|twin,จ่ายสองพันครับ,ก็คือมีแค่นั้นจริง ๆ ครับ,refused,refused,pass,ถูกเลย,below_minimum,ตอบคำถาม/อื่น,,greet_verify disclose_balance below_minimum refer_below_min,"       ⚙  reply  text_ids=[1015]
     บอท ▸ [1015] greet_verify  (ยังไม่ยืนยัน)
            สวัสดีค่ะ ดิฉันติดต่อจากเอบีซี ไม่ทราบว่ากำลังเรียนสายอยู่กับคุณ สมมติ ทดสอบระบบ ใช่หรือไม่คะ
  ลูกค้า ▸ ใช่ครับ
       ⚙  verify_status
          -> ok
       ⚙  reply  text_ids=[1065]
     บอท ▸ [1065] disclose_balance  (✓ยืนยันแล้ว)
            ขอบคุณค่ะ เอบีซีขอเรียนแจ้งว่าสินเชื่อ ที่ลงท้ายด้วยเลข 1234 มียอดชำระขั้นต่ำ 3000 บาท ครบกำหนดวันที่ วันศุกร์ที่ 18 กันยายน 2026 ค่ะ ไม่ทราบว่าสะดวกชำระภายในวันนี้หรือไม่คะ
  ลูกค้า ▸ จ่ายสองพันครับ
       ⚙  reply  text_ids=[2980]
     บอท ▸ [2980] below_minimum  (✓ยืนยันแล้ว)
            ยอดชำระขั้นต่ำอยู่ที่ 3000 บาทค่ะ รบกวนชำระอย่างน้อยขั้นต่ำได้ไหมคะ
  ลูกค้า ▸ ก็คือมีแค่นั้นจริง ๆ ครับ
       ⚙  record_outcome  {""result"": ""refused"", ""reason"": ""below_minimum"", ""remark"": ""ก็คือมีแค่นั้นจริง ๆ ครับ""}
          -> ok
       ⚙  record_outcome  {""result"": ""refused"", ""reason"": ""below_minimum"", ""remark"": ""ก็คือมีแค่นั้นจริง ๆ ครับ""}
          -> call_already_closed
       ⚙  reply  text_ids=[3054]
     บอท ▸ [3054] refer_below_min  (✓ยืนยันแล้ว)
            รบกวนติดต่อกลับมาที่ [company_phone] เพื่อหาแนวทางการชำระที่เหมาะสมค่ะ สวัสดีค่ะ"
conflict52,ยังไม่รับปาก/คำลงท้ายขัดเนื้อหา,ยังไม่รับปาก|คำลงท้ายขัดเนื้อหา,ได้เลยครับ ถ้ามีเงินนะ,ก็คือยังตัดสินใจไม่ได้ครับ,NOT ptp,ptp,fail,ผิดเลย,ptp_bye,ปิดสายทันที,ของจริง,greet_verify disclose_balance ptp_bye,"       ⚙  reply  text_ids=[1015]
     บอท ▸ [1015] greet_verify  (ยังไม่ยืนยัน)
            สวัสดีค่ะ ดิฉันติดต่อจากเอบีซี ไม่ทราบว่ากำลังเรียนสายอยู่กับคุณ สมมติ ทดสอบระบบ ใช่หรือไม่คะ
  ลูกค้า ▸ ใช่ครับ
       ⚙  verify_status
          -> ok
       ⚙  reply  text_ids=[1065]
     บอท ▸ [1065] disclose_balance  (✓ยืนยันแล้ว)
            ขอบคุณค่ะ เอบีซีขอเรียนแจ้งว่าสินเชื่อ ที่ลงท้ายด้วยเลข 1234 มียอดชำระขั้นต่ำ 3000 บาท ครบกำหนดวันที่ วันศุกร์ที่ 18 กันยายน 2026 ค่ะ ไม่ทราบว่าสะดวกชำระภายในวันนี้หรือไม่คะ
  ลูกค้า ▸ ได้เลยครับ ถ้ามีเงินนะ
       ⚙  record_outcome  {""result"": ""ptp"", ""reason"": ""ptp"", ""remark"": ""ได้เลยครับ ถ้ามีเงินนะ""}
          -> ok
       ⚙  reply  text_ids=[1084]
     บอท ▸ [1084] ptp_bye  (✓ยืนยันแล้ว)
            ขอบคุณค่ะ เอบีซีได้บันทึกไว้เรียบร้อยแล้วค่ะ ขอบคุณที่สละเวลา สวัสดีค่ะ"
conflict52,ยังไม่รับปาก/คำลงท้ายขัดเนื้อหา,ยังไม่รับปาก|คำลงท้ายขัดเนื้อหา|twin,ถ้ามีเงินค่อยจ่ายครับ,ก็คือยังตัดสินใจไม่ได้ครับ,NOT ptp,refused,pass,ถูกหลังถามกลับ,ask_clarify,ถามยืนยันก่อน,,greet_verify disclose_balance ask_clarify convince contact_bank_bye,"       ⚙  reply  text_ids=[1015]
     บอท ▸ [1015] greet_verify  (ยังไม่ยืนยัน)
            สวัสดีค่ะ ดิฉันติดต่อจากเอบีซี ไม่ทราบว่ากำลังเรียนสายอยู่กับคุณ สมมติ ทดสอบระบบ ใช่หรือไม่คะ
  ลูกค้า ▸ ใช่ครับ
       ⚙  verify_status
          -> ok
       ⚙  reply  text_ids=[1065]
     บอท ▸ [1065] disclose_balance  (✓ยืนยันแล้ว)
            ขอบคุณค่ะ เอบีซีขอเรียนแจ้งว่าสินเชื่อ ที่ลงท้ายด้วยเลข 1234 มียอดชำระขั้นต่ำ 3000 บาท ครบกำหนดวันที่ วันศุกร์ที่ 18 กันยายน 2026 ค่ะ ไม่ทราบว่าสะดวกชำระภายในวันนี้หรือไม่คะ
  ลูกค้า ▸ ถ้ามีเงินค่อยจ่ายครับ
       ⚙  reply  text_ids=[3127]
     บอท ▸ [3127] ask_clarify  (✓ยืนยันแล้ว)
            ขออภัยค่ะ ดิฉันขอถามให้แน่ใจอีกครั้ง คุณลูกค้าหมายความว่ายังไงคะ
  ลูกค้า ▸ ก็คือยังตัดสินใจไม่ได้ครับ
       ⚙  reply  text_ids=[1075]
     บอท ▸ [1075] convince  (✓ยืนยันแล้ว)
            เข้าใจค่ะ หากชำระขั้นต่ำ 3000 บาทภายในวันครบกำหนด จะช่วยรักษาประวัติการชำระไว้ได้ค่ะ ไม่ทราบว่าพอจะสะดวกหรือไม่คะ
  ลูกค้า ▸ ยังไม่ขอรับปากอะไรครับ
       ⚙  record_outcome  {""result"": ""refused"", ""remark"": ""ยังไม่ขอรับปากอะไรครับ""}
          -> ok
       ⚙  reply  text_ids=[1099]
     บอท ▸ [1099] contact_bank_bye  (✓ยืนยันแล้ว)
            หากมีข้อติดขัดประการใด โทรกลับมาปรึกษาเอบีซีได้ที่เบอร์ [company_phone] ค่ะ ขอบคุณค่ะ สวัสดีค่ะ"
conflict52,ยังไม่รับปาก/ตอบรับนำหน้า,ยังไม่รับปาก|ตอบรับนำหน้า,ครับ ๆ เดี๋ยวดูให้นะครับ,ก็คือยังตัดสินใจไม่ได้ครับ,NOT ptp,refused,pass,ถูกเลย,convince,เจรจาต่อ,,greet_verify disclose_balance convince contact_bank_bye,"       ⚙  reply  text_ids=[1015]
     บอท ▸ [1015] greet_verify  (ยังไม่ยืนยัน)
            สวัสดีค่ะ ดิฉันติดต่อจากเอบีซี ไม่ทราบว่ากำลังเรียนสายอยู่กับคุณ สมมติ ทดสอบระบบ ใช่หรือไม่คะ
  ลูกค้า ▸ ใช่ครับ
       ⚙  verify_status
          -> ok
       ⚙  reply  text_ids=[1065]
     บอท ▸ [1065] disclose_balance  (✓ยืนยันแล้ว)
            ขอบคุณค่ะ เอบีซีขอเรียนแจ้งว่าสินเชื่อ ที่ลงท้ายด้วยเลข 1234 มียอดชำระขั้นต่ำ 3000 บาท ครบกำหนดวันที่ วันศุกร์ที่ 18 กันยายน 2026 ค่ะ ไม่ทราบว่าสะดวกชำระภายในวันนี้หรือไม่คะ
  ลูกค้า ▸ ครับ ๆ เดี๋ยวดูให้นะครับ
       ⚙  reply  text_ids=[1075]
     บอท ▸ [1075] convince  (✓ยืนยันแล้ว)
            เข้าใจค่ะ หากชำระขั้นต่ำ 3000 บาทภายในวันครบกำหนด จะช่วยรักษาประวัติการชำระไว้ได้ค่ะ ไม่ทราบว่าพอจะสะดวกหรือไม่คะ
  ลูกค้า ▸ ก็คือยังตัดสินใจไม่ได้ครับ
       ⚙  record_outcome  {""result"": ""refused"", ""reason"": ""refused"", ""remark"": ""ก็คือยังตัดสินใจไม่ได้ครับ""}
          -> ok
       ⚙  reply  text_ids=[1099]
     บอท ▸ [1099] contact_bank_bye  (✓ยืนยันแล้ว)
            หากมีข้อติดขัดประการใด โทรกลับมาปรึกษาเอบีซีได้ที่เบอร์ [company_phone] ค่ะ ขอบคุณค่ะ สวัสดีค่ะ"
conflict52,ยังไม่รับปาก/ตอบรับนำหน้า,ยังไม่รับปาก|ตอบรับนำหน้า|twin,เดี๋ยวขอดูก่อนครับ,ก็คือยังตัดสินใจไม่ได้ครับ,NOT ptp,refused,pass,ถูกเลย,faq_hold,ตอบคำถาม/อื่น,,greet_verify disclose_balance faq_hold convince contact_bank_bye,"       ⚙  reply  text_ids=[1015]
     บอท ▸ [1015] greet_verify  (ยังไม่ยืนยัน)
            สวัสดีค่ะ ดิฉันติดต่อจากเอบีซี ไม่ทราบว่ากำลังเรียนสายอยู่กับคุณ สมมติ ทดสอบระบบ ใช่หรือไม่คะ
  ลูกค้า ▸ ใช่ครับ
       ⚙  verify_status
          -> ok
       ⚙  reply  text_ids=[1065]
     บอท ▸ [1065] disclose_balance  (✓ยืนยันแล้ว)
            ขอบคุณค่ะ เอบีซีขอเรียนแจ้งว่าสินเชื่อ ที่ลงท้ายด้วยเลข 1234 มียอดชำระขั้นต่ำ 3000 บาท ครบกำหนดวันที่ วันศุกร์ที่ 18 กันยายน 2026 ค่ะ ไม่ทราบว่าสะดวกชำระภายในวันนี้หรือไม่คะ
  ลูกค้า ▸ เดี๋ยวขอดูก่อนครับ
       ⚙  reply  text_ids=[1750]
     บอท ▸ [1750] faq_hold  (✓ยืนยันแล้ว)
            ได้ค่ะ สะดวกแล้วแจ้งได้เลยนะคะ
  ลูกค้า ▸ ก็คือยังตัดสินใจไม่ได้ครับ
       ⚙  reply  text_ids=[1075]
     บอท ▸ [1075] convince  (✓ยืนยันแล้ว)
            เข้าใจค่ะ หากชำระขั้นต่ำ 3000 บาทภายในวันครบกำหนด จะช่วยรักษาประวัติการชำระไว้ได้ค่ะ ไม่ทราบว่าพอจะสะดวกหรือไม่คะ
  ลูกค้า ▸ ยังไม่ขอรับปากอะไรครับ
       ⚙  record_outcome  {""result"": ""refused"", ""reason"": ""refused"", ""remark"": ""ยังไม่ขอรับปากอะไรครับ""}
          -> ok
       ⚙  record_outcome  {""result"": ""refused"", ""reason"": ""refused"", ""remark"": ""ยังไม่ขอรับปากอะไรครับ""}
          -> call_already_closed
       ⚙  reply  text_ids=[1099]
     บอท ▸ [1099] contact_bank_bye  (✓ยืนยันแล้ว)
            หากมีข้อติดขัดประการใด โทรกลับมาปรึกษาเอบีซีได้ที่เบอร์ [company_phone] ค่ะ ขอบคุณค่ะ สวัสดีค่ะ"
conflict52,ยังไม่รับปาก/ตอบรับผิดคำถาม,ยังไม่รับปาก|ตอบรับผิดคำถาม,ครับ เข้าใจแล้วครับ,ก็คือยังตัดสินใจไม่ได้ครับ,NOT ptp,ptp,fail,ผิดเลย,ptp_bye,ปิดสายทันที,ของจริง,greet_verify disclose_balance ptp_bye,"       ⚙  reply  text_ids=[1015]
     บอท ▸ [1015] greet_verify  (ยังไม่ยืนยัน)
            สวัสดีค่ะ ดิฉันติดต่อจากเอบีซี ไม่ทราบว่ากำลังเรียนสายอยู่กับคุณ สมมติ ทดสอบระบบ ใช่หรือไม่คะ
  ลูกค้า ▸ ใช่ครับ
       ⚙  verify_status
          -> ok
       ⚙  reply  text_ids=[1065]
     บอท ▸ [1065] disclose_balance  (✓ยืนยันแล้ว)
            ขอบคุณค่ะ เอบีซีขอเรียนแจ้งว่าสินเชื่อ ที่ลงท้ายด้วยเลข 1234 มียอดชำระขั้นต่ำ 3000 บาท ครบกำหนดวันที่ วันศุกร์ที่ 18 กันยายน 2026 ค่ะ ไม่ทราบว่าสะดวกชำระภายในวันนี้หรือไม่คะ
  ลูกค้า ▸ ครับ เข้าใจแล้วครับ
       ⚙  record_outcome  {""result"": ""ptp"", ""reason"": ""ptp"", ""remark"": ""ครับ เข้าใจแล้วครับ""}
          -> ok
       ⚙  reply  text_ids=[1084]
     บอท ▸ [1084] ptp_bye  (✓ยืนยันแล้ว)
            ขอบคุณค่ะ เอบีซีได้บันทึกไว้เรียบร้อยแล้วค่ะ ขอบคุณที่สละเวลา สวัสดีค่ะ"
conflict52,ยังไม่รับปาก/ตอบรับผิดคำถาม,ยังไม่รับปาก|ตอบรับผิดคำถาม|twin,รับทราบครับ,ก็คือยังตัดสินใจไม่ได้ครับ,NOT ptp,refused,pass,ถูกเลย,contact_bank_bye,ปิดสายทันที,,greet_verify disclose_balance contact_bank_bye,"       ⚙  reply  text_ids=[1015]
     บอท ▸ [1015] greet_verify  (ยังไม่ยืนยัน)
            สวัสดีค่ะ ดิฉันติดต่อจากเอบีซี ไม่ทราบว่ากำลังเรียนสายอยู่กับคุณ สมมติ ทดสอบระบบ ใช่หรือไม่คะ
  ลูกค้า ▸ ใช่ครับ
       ⚙  verify_status
          -> ok
       ⚙  reply  text_ids=[1065]
     บอท ▸ [1065] disclose_balance  (✓ยืนยันแล้ว)
            ขอบคุณค่ะ เอบีซีขอเรียนแจ้งว่าสินเชื่อ ที่ลงท้ายด้วยเลข 1234 มียอดชำระขั้นต่ำ 3000 บาท ครบกำหนดวันที่ วันศุกร์ที่ 18 กันยายน 2026 ค่ะ ไม่ทราบว่าสะดวกชำระภายในวันนี้หรือไม่คะ
  ลูกค้า ▸ รับทราบครับ
       ⚙  record_outcome  {""result"": ""refused"", ""reason"": ""refused"", ""remark"": ""รับทราบครับ""}
          -> ok
       ⚙  reply  text_ids=[1099]
     บอท ▸ [1099] contact_bank_bye  (✓ยืนยันแล้ว)
            หากมีข้อติดขัดประการใด โทรกลับมาปรึกษาเอบีซีได้ที่เบอร์ [company_phone] ค่ะ ขอบคุณค่ะ สวัสดีค่ะ"
conflict52,ยังไม่รับปาก/ปฏิเสธต่อท้าย,ยังไม่รับปาก|ปฏิเสธต่อท้าย,โอเคครับ แต่ขอคิดดูก่อน,ก็คือยังตัดสินใจไม่ได้ครับ,NOT ptp,refused,pass,ถูกเลย,convince,เจรจาต่อ,,greet_verify disclose_balance convince contact_bank_bye,"       ⚙  reply  text_ids=[1015]
     บอท ▸ [1015] greet_verify  (ยังไม่ยืนยัน)
            สวัสดีค่ะ ดิฉันติดต่อจากเอบีซี ไม่ทราบว่ากำลังเรียนสายอยู่กับคุณ สมมติ ทดสอบระบบ ใช่หรือไม่คะ
  ลูกค้า ▸ ใช่ครับ
       ⚙  verify_status
          -> ok
       ⚙  reply  text_ids=[1065]
     บอท ▸ [1065] disclose_balance  (✓ยืนยันแล้ว)
            ขอบคุณค่ะ เอบีซีขอเรียนแจ้งว่าสินเชื่อ ที่ลงท้ายด้วยเลข 1234 มียอดชำระขั้นต่ำ 3000 บาท ครบกำหนดวันที่ วันศุกร์ที่ 18 กันยายน 2026 ค่ะ ไม่ทราบว่าสะดวกชำระภายในวันนี้หรือไม่คะ
  ลูกค้า ▸ โอเคครับ แต่ขอคิดดูก่อน
       ⚙  reply  text_ids=[1075]
     บอท ▸ [1075] convince  (✓ยืนยันแล้ว)
            เข้าใจค่ะ หากชำระขั้นต่ำ 3000 บาทภายในวันครบกำหนด จะช่วยรักษาประวัติการชำระไว้ได้ค่ะ ไม่ทราบว่าพอจะสะดวกหรือไม่คะ
  ลูกค้า ▸ ก็คือยังตัดสินใจไม่ได้ครับ
       ⚙  record_outcome  {""result"": ""refused"", ""reason"": ""refused"", ""remark"": ""ก็คือยังตัดสินใจไม่ได้ครับ""}
          -> ok
       ⚙  record_outcome  {""result"": ""refused"", ""reason"": ""refused"", ""remark"": ""ก็คือยังตัดสินใจไม่ได้ครับ""}
          -> call_already_closed
       ⚙  reply  text_ids=[1099]
     บอท ▸ [1099] contact_bank_bye  (✓ยืนยันแล้ว)
            หากมีข้อติดขัดประการใด โทรกลับมาปรึกษาเอบีซีได้ที่เบอร์ [company_phone] ค่ะ ขอบคุณค่ะ สวัสดีค่ะ"
conflict52,ยังไม่รับปาก/ปฏิเสธต่อท้าย,ยังไม่รับปาก|ปฏิเสธต่อท้าย|twin,ขอคิดดูก่อนครับ,ก็คือยังตัดสินใจไม่ได้ครับ,NOT ptp,refused,pass,ถูกเลย,convince,เจรจาต่อ,,greet_verify disclose_balance convince contact_bank_bye,"       ⚙  reply  text_ids=[1015]
     บอท ▸ [1015] greet_verify  (ยังไม่ยืนยัน)
            สวัสดีค่ะ ดิฉันติดต่อจากเอบีซี ไม่ทราบว่ากำลังเรียนสายอยู่กับคุณ สมมติ ทดสอบระบบ ใช่หรือไม่คะ
  ลูกค้า ▸ ใช่ครับ
       ⚙  verify_status
          -> ok
       ⚙  reply  text_ids=[1065]
     บอท ▸ [1065] disclose_balance  (✓ยืนยันแล้ว)
            ขอบคุณค่ะ เอบีซีขอเรียนแจ้งว่าสินเชื่อ ที่ลงท้ายด้วยเลข 1234 มียอดชำระขั้นต่ำ 3000 บาท ครบกำหนดวันที่ วันศุกร์ที่ 18 กันยายน 2026 ค่ะ ไม่ทราบว่าสะดวกชำระภายในวันนี้หรือไม่คะ
  ลูกค้า ▸ ขอคิดดูก่อนครับ
       ⚙  reply  text_ids=[1075]
     บอท ▸ [1075] convince  (✓ยืนยันแล้ว)
            เข้าใจค่ะ หากชำระขั้นต่ำ 3000 บาทภายในวันครบกำหนด จะช่วยรักษาประวัติการชำระไว้ได้ค่ะ ไม่ทราบว่าพอจะสะดวกหรือไม่คะ
  ลูกค้า ▸ ก็คือยังตัดสินใจไม่ได้ครับ
       ⚙  record_outcome  {""result"": ""refused"", ""remark"": ""ก็คือยังตัดสินใจไม่ได้ครับ""}
          -> ok
       ⚙  reply  text_ids=[1099]
     บอท ▸ [1099] contact_bank_bye  (✓ยืนยันแล้ว)
            หากมีข้อติดขัดประการใด โทรกลับมาปรึกษาเอบีซีได้ที่เบอร์ [company_phone] ค่ะ ขอบคุณค่ะ สวัสดีค่ะ"
conflict52,ไม่มีเงิน/กรอบซ้อนกรอบ,ไม่มีเงิน|กรอบซ้อนกรอบ,มีเงินอยู่ครับ แต่ไม่พอจ่าย,ก็คือตอนนี้ไม่มีเงินครับ,refused,refused,pass,ถูกเลย,convince,เจรจาต่อ,,greet_verify disclose_balance convince contact_bank_bye,"       ⚙  reply  text_ids=[1015]
     บอท ▸ [1015] greet_verify  (ยังไม่ยืนยัน)
            สวัสดีค่ะ ดิฉันติดต่อจากเอบีซี ไม่ทราบว่ากำลังเรียนสายอยู่กับคุณ สมมติ ทดสอบระบบ ใช่หรือไม่คะ
  ลูกค้า ▸ ใช่ครับ
       ⚙  verify_status
          -> ok
       ⚙  reply  text_ids=[1065]
     บอท ▸ [1065] disclose_balance  (✓ยืนยันแล้ว)
            ขอบคุณค่ะ เอบีซีขอเรียนแจ้งว่าสินเชื่อ ที่ลงท้ายด้วยเลข 1234 มียอดชำระขั้นต่ำ 3000 บาท ครบกำหนดวันที่ วันศุกร์ที่ 18 กันยายน 2026 ค่ะ ไม่ทราบว่าสะดวกชำระภายในวันนี้หรือไม่คะ
  ลูกค้า ▸ มีเงินอยู่ครับ แต่ไม่พอจ่าย
       ⚙  reply  text_ids=[1075]
     บอท ▸ [1075] convince  (✓ยืนยันแล้ว)
            เข้าใจค่ะ หากชำระขั้นต่ำ 3000 บาทภายในวันครบกำหนด จะช่วยรักษาประวัติการชำระไว้ได้ค่ะ ไม่ทราบว่าพอจะสะดวกหรือไม่คะ
  ลูกค้า ▸ ก็คือตอนนี้ไม่มีเงินครับ
       ⚙  record_outcome  {""result"": ""refused"", ""reason"": ""refused"", ""remark"": ""ก็คือตอนนี้ไม่มีเงินครับ""}
          -> ok
       ⚙  reply  text_ids=[1099]
     บอท ▸ [1099] contact_bank_bye  (✓ยืนยันแล้ว)
            หากมีข้อติดขัดประการใด โทรกลับมาปรึกษาเอบีซีได้ที่เบอร์ [company_phone] ค่ะ ขอบคุณค่ะ สวัสดีค่ะ"
conflict52,ไม่มีเงิน/กรอบซ้อนกรอบ,ไม่มีเงิน|กรอบซ้อนกรอบ|twin,เงินไม่พอจ่ายครับ,ก็คือตอนนี้ไม่มีเงินครับ,refused,refused,pass,ถูกเลย,convince,เจรจาต่อ,,greet_verify disclose_balance convince contact_bank_bye,"       ⚙  reply  text_ids=[1015]
     บอท ▸ [1015] greet_verify  (ยังไม่ยืนยัน)
            สวัสดีค่ะ ดิฉันติดต่อจากเอบีซี ไม่ทราบว่ากำลังเรียนสายอยู่กับคุณ สมมติ ทดสอบระบบ ใช่หรือไม่คะ
  ลูกค้า ▸ ใช่ครับ
       ⚙  verify_status
          -> ok
       ⚙  reply  text_ids=[1065]
     บอท ▸ [1065] disclose_balance  (✓ยืนยันแล้ว)
            ขอบคุณค่ะ เอบีซีขอเรียนแจ้งว่าสินเชื่อ ที่ลงท้ายด้วยเลข 1234 มียอดชำระขั้นต่ำ 3000 บาท ครบกำหนดวันที่ วันศุกร์ที่ 18 กันยายน 2026 ค่ะ ไม่ทราบว่าสะดวกชำระภายในวันนี้หรือไม่คะ
  ลูกค้า ▸ เงินไม่พอจ่ายครับ
       ⚙  reply  text_ids=[1075]
     บอท ▸ [1075] convince  (✓ยืนยันแล้ว)
            เข้าใจค่ะ หากชำระขั้นต่ำ 3000 บาทภายในวันครบกำหนด จะช่วยรักษาประวัติการชำระไว้ได้ค่ะ ไม่ทราบว่าพอจะสะดวกหรือไม่คะ
  ลูกค้า ▸ ก็คือตอนนี้ไม่มีเงินครับ
       ⚙  record_outcome  {""result"": ""refused"", ""reason"": ""refused"", ""remark"": ""ก็คือตอนนี้ไม่มีเงินครับ""}
          -> ok
       ⚙  reply  text_ids=[1099]
     บอท ▸ [1099] contact_bank_bye  (✓ยืนยันแล้ว)
            หากมีข้อติดขัดประการใด โทรกลับมาปรึกษาเอบีซีได้ที่เบอร์ [company_phone] ค่ะ ขอบคุณค่ะ สวัสดีค่ะ"
conflict52,ไม่มีเงิน/คำลงท้ายขัดเนื้อหา,ไม่มีเงิน|คำลงท้ายขัดเนื้อหา,ไม่มีปัญหาครับ แต่เงินไม่มี,ก็คือตอนนี้ไม่มีเงินครับ,refused,refused,pass,ถูกเลย,convince,เจรจาต่อ,,greet_verify disclose_balance convince contact_bank_bye,"       ⚙  reply  text_ids=[1015]
     บอท ▸ [1015] greet_verify  (ยังไม่ยืนยัน)
            สวัสดีค่ะ ดิฉันติดต่อจากเอบีซี ไม่ทราบว่ากำลังเรียนสายอยู่กับคุณ สมมติ ทดสอบระบบ ใช่หรือไม่คะ
  ลูกค้า ▸ ใช่ครับ
       ⚙  verify_status
          -> ok
       ⚙  reply  text_ids=[1065]
     บอท ▸ [1065] disclose_balance  (✓ยืนยันแล้ว)
            ขอบคุณค่ะ เอบีซีขอเรียนแจ้งว่าสินเชื่อ ที่ลงท้ายด้วยเลข 1234 มียอดชำระขั้นต่ำ 3000 บาท ครบกำหนดวันที่ วันศุกร์ที่ 18 กันยายน 2026 ค่ะ ไม่ทราบว่าสะดวกชำระภายในวันนี้หรือไม่คะ
  ลูกค้า ▸ ไม่มีปัญหาครับ แต่เงินไม่มี
       ⚙  reply  text_ids=[1075]
     บอท ▸ [1075] convince  (✓ยืนยันแล้ว)
            เข้าใจค่ะ หากชำระขั้นต่ำ 3000 บาทภายในวันครบกำหนด จะช่วยรักษาประวัติการชำระไว้ได้ค่ะ ไม่ทราบว่าพอจะสะดวกหรือไม่คะ
  ลูกค้า ▸ ก็คือตอนนี้ไม่มีเงินครับ
       ⚙  record_outcome  {""result"": ""refused"", ""reason"": ""refused"", ""remark"": ""ก็คือตอนนี้ไม่มีเงินครับ""}
          -> ok
       ⚙  reply  text_ids=[1099]
     บอท ▸ [1099] contact_bank_bye  (✓ยืนยันแล้ว)
            หากมีข้อติดขัดประการใด โทรกลับมาปรึกษาเอบีซีได้ที่เบอร์ [company_phone] ค่ะ ขอบคุณค่ะ สวัสดีค่ะ"
conflict52,ไม่มีเงิน/คำลงท้ายขัดเนื้อหา,ไม่มีเงิน|คำลงท้ายขัดเนื้อหา|twin,ตอนนี้เงินไม่มีครับ,ก็คือตอนนี้ไม่มีเงินครับ,refused,refused,pass,ถูกเลย,convince,เจรจาต่อ,,greet_verify disclose_balance convince contact_bank_bye,"       ⚙  reply  text_ids=[1015]
     บอท ▸ [1015] greet_verify  (ยังไม่ยืนยัน)
            สวัสดีค่ะ ดิฉันติดต่อจากเอบีซี ไม่ทราบว่ากำลังเรียนสายอยู่กับคุณ สมมติ ทดสอบระบบ ใช่หรือไม่คะ
  ลูกค้า ▸ ใช่ครับ
       ⚙  verify_status
          -> ok
       ⚙  reply  text_ids=[1065]
     บอท ▸ [1065] disclose_balance  (✓ยืนยันแล้ว)
            ขอบคุณค่ะ เอบีซีขอเรียนแจ้งว่าสินเชื่อ ที่ลงท้ายด้วยเลข 1234 มียอดชำระขั้นต่ำ 3000 บาท ครบกำหนดวันที่ วันศุกร์ที่ 18 กันยายน 2026 ค่ะ ไม่ทราบว่าสะดวกชำระภายในวันนี้หรือไม่คะ
  ลูกค้า ▸ ตอนนี้เงินไม่มีครับ
       ⚙  reply  text_ids=[1075]
     บอท ▸ [1075] convince  (✓ยืนยันแล้ว)
            เข้าใจค่ะ หากชำระขั้นต่ำ 3000 บาทภายในวันครบกำหนด จะช่วยรักษาประวัติการชำระไว้ได้ค่ะ ไม่ทราบว่าพอจะสะดวกหรือไม่คะ
  ลูกค้า ▸ ก็คือตอนนี้ไม่มีเงินครับ
       ⚙  record_outcome  {""result"": ""refused"", ""reason"": ""refused"", ""remark"": ""ก็คือตอนนี้ไม่มีเงินครับ""}
          -> ok
       ⚙  reply  text_ids=[1099]
     บอท ▸ [1099] contact_bank_bye  (✓ยืนยันแล้ว)
            หากมีข้อติดขัดประการใด โทรกลับมาปรึกษาเอบีซีได้ที่เบอร์ [company_phone] ค่ะ ขอบคุณค่ะ สวัสดีค่ะ"
conflict52,ไม่มีเงิน/ตอบรับนำหน้า,ไม่มีเงิน|ตอบรับนำหน้า,ครับ ๆ ตอนนี้ไม่มีเงินจ่ายครับ,ก็คือตอนนี้ไม่มีเงินครับ,refused,refused,pass,ถูกเลย,convince,เจรจาต่อ,,greet_verify disclose_balance convince contact_bank_bye,"       ⚙  reply  text_ids=[1015]
     บอท ▸ [1015] greet_verify  (ยังไม่ยืนยัน)
            สวัสดีค่ะ ดิฉันติดต่อจากเอบีซี ไม่ทราบว่ากำลังเรียนสายอยู่กับคุณ สมมติ ทดสอบระบบ ใช่หรือไม่คะ
  ลูกค้า ▸ ใช่ครับ
       ⚙  verify_status
          -> ok
       ⚙  reply  text_ids=[1065]
     บอท ▸ [1065] disclose_balance  (✓ยืนยันแล้ว)
            ขอบคุณค่ะ เอบีซีขอเรียนแจ้งว่าสินเชื่อ ที่ลงท้ายด้วยเลข 1234 มียอดชำระขั้นต่ำ 3000 บาท ครบกำหนดวันที่ วันศุกร์ที่ 18 กันยายน 2026 ค่ะ ไม่ทราบว่าสะดวกชำระภายในวันนี้หรือไม่คะ
  ลูกค้า ▸ ครับ ๆ ตอนนี้ไม่มีเงินจ่ายครับ
       ⚙  reply  text_ids=[1075]
     บอท ▸ [1075] convince  (✓ยืนยันแล้ว)
            เข้าใจค่ะ หากชำระขั้นต่ำ 3000 บาทภายในวันครบกำหนด จะช่วยรักษาประวัติการชำระไว้ได้ค่ะ ไม่ทราบว่าพอจะสะดวกหรือไม่คะ
  ลูกค้า ▸ ก็คือตอนนี้ไม่มีเงินครับ
       ⚙  record_outcome  {""result"": ""refused"", ""reason"": ""refused"", ""remark"": ""ก็คือตอนนี้ไม่มีเงินครับ""}
          -> ok
       ⚙  reply  text_ids=[1099]
     บอท ▸ [1099] contact_bank_bye  (✓ยืนยันแล้ว)
            หากมีข้อติดขัดประการใด โทรกลับมาปรึกษาเอบีซีได้ที่เบอร์ [company_phone] ค่ะ ขอบคุณค่ะ สวัสดีค่ะ"
conflict52,ไม่มีเงิน/ตอบรับนำหน้า,ไม่มีเงิน|ตอบรับนำหน้า|twin,ตอนนี้ไม่มีเงินจ่ายครับ,ก็คือตอนนี้ไม่มีเงินครับ,refused,refused,pass,ถูกเลย,convince,เจรจาต่อ,,greet_verify disclose_balance convince contact_bank_bye,"       ⚙  reply  text_ids=[1015]
     บอท ▸ [1015] greet_verify  (ยังไม่ยืนยัน)
            สวัสดีค่ะ ดิฉันติดต่อจากเอบีซี ไม่ทราบว่ากำลังเรียนสายอยู่กับคุณ สมมติ ทดสอบระบบ ใช่หรือไม่คะ
  ลูกค้า ▸ ใช่ครับ
       ⚙  verify_status
          -> ok
       ⚙  reply  text_ids=[1065]
     บอท ▸ [1065] disclose_balance  (✓ยืนยันแล้ว)
            ขอบคุณค่ะ เอบีซีขอเรียนแจ้งว่าสินเชื่อ ที่ลงท้ายด้วยเลข 1234 มียอดชำระขั้นต่ำ 3000 บาท ครบกำหนดวันที่ วันศุกร์ที่ 18 กันยายน 2026 ค่ะ ไม่ทราบว่าสะดวกชำระภายในวันนี้หรือไม่คะ
  ลูกค้า ▸ ตอนนี้ไม่มีเงินจ่ายครับ
       ⚙  reply  text_ids=[1075]
     บอท ▸ [1075] convince  (✓ยืนยันแล้ว)
            เข้าใจค่ะ หากชำระขั้นต่ำ 3000 บาทภายในวันครบกำหนด จะช่วยรักษาประวัติการชำระไว้ได้ค่ะ ไม่ทราบว่าพอจะสะดวกหรือไม่คะ
  ลูกค้า ▸ ก็คือตอนนี้ไม่มีเงินครับ
       ⚙  record_outcome  {""result"": ""refused"", ""reason"": ""refused"", ""remark"": ""ก็คือตอนนี้ไม่มีเงินครับ""}
          -> ok
       ⚙  reply  text_ids=[1099]
     บอท ▸ [1099] contact_bank_bye  (✓ยืนยันแล้ว)
            หากมีข้อติดขัดประการใด โทรกลับมาปรึกษาเอบีซีได้ที่เบอร์ [company_phone] ค่ะ ขอบคุณค่ะ สวัสดีค่ะ"
conflict52,ไม่มีเงิน/ปฏิเสธต่อท้าย,ไม่มีเงิน|ปฏิเสธต่อท้าย,อยากจ่ายนะครับ แต่ไม่มีจริง ๆ,ก็คือตอนนี้ไม่มีเงินครับ,refused,refused,pass,ถูกเลย,convince,เจรจาต่อ,,greet_verify disclose_balance convince contact_bank_bye,"       ⚙  reply  text_ids=[1015]
     บอท ▸ [1015] greet_verify  (ยังไม่ยืนยัน)
            สวัสดีค่ะ ดิฉันติดต่อจากเอบีซี ไม่ทราบว่ากำลังเรียนสายอยู่กับคุณ สมมติ ทดสอบระบบ ใช่หรือไม่คะ
  ลูกค้า ▸ ใช่ครับ
       ⚙  verify_status
          -> ok
       ⚙  reply  text_ids=[1065]
     บอท ▸ [1065] disclose_balance  (✓ยืนยันแล้ว)
            ขอบคุณค่ะ เอบีซีขอเรียนแจ้งว่าสินเชื่อ ที่ลงท้ายด้วยเลข 1234 มียอดชำระขั้นต่ำ 3000 บาท ครบกำหนดวันที่ วันศุกร์ที่ 18 กันยายน 2026 ค่ะ ไม่ทราบว่าสะดวกชำระภายในวันนี้หรือไม่คะ
  ลูกค้า ▸ อยากจ่ายนะครับ แต่ไม่มีจริง ๆ
       ⚙  reply  text_ids=[1075]
     บอท ▸ [1075] convince  (✓ยืนยันแล้ว)
            เข้าใจค่ะ หากชำระขั้นต่ำ 3000 บาทภายในวันครบกำหนด จะช่วยรักษาประวัติการชำระไว้ได้ค่ะ ไม่ทราบว่าพอจะสะดวกหรือไม่คะ
  ลูกค้า ▸ ก็คือตอนนี้ไม่มีเงินครับ
       ⚙  record_outcome  {""result"": ""refused"", ""reason"": ""refused"", ""remark"": ""ก็คือตอนนี้ไม่มีเงินครับ""}
          -> ok
       ⚙  reply  text_ids=[1099]
     บอท ▸ [1099] contact_bank_bye  (✓ยืนยันแล้ว)
            หากมีข้อติดขัดประการใด โทรกลับมาปรึกษาเอบีซีได้ที่เบอร์ [company_phone] ค่ะ ขอบคุณค่ะ สวัสดีค่ะ"
conflict52,ไม่มีเงิน/ปฏิเสธต่อท้าย,ไม่มีเงิน|ปฏิเสธต่อท้าย|twin,ไม่มีเงินจริง ๆ ครับ,ก็คือตอนนี้ไม่มีเงินครับ,refused,refused,pass,ถูกเลย,convince,เจรจาต่อ,,greet_verify disclose_balance convince contact_bank_bye,"       ⚙  reply  text_ids=[1015]
     บอท ▸ [1015] greet_verify  (ยังไม่ยืนยัน)
            สวัสดีค่ะ ดิฉันติดต่อจากเอบีซี ไม่ทราบว่ากำลังเรียนสายอยู่กับคุณ สมมติ ทดสอบระบบ ใช่หรือไม่คะ
  ลูกค้า ▸ ใช่ครับ
       ⚙  verify_status
          -> ok
       ⚙  reply  text_ids=[1065]
     บอท ▸ [1065] disclose_balance  (✓ยืนยันแล้ว)
            ขอบคุณค่ะ เอบีซีขอเรียนแจ้งว่าสินเชื่อ ที่ลงท้ายด้วยเลข 1234 มียอดชำระขั้นต่ำ 3000 บาท ครบกำหนดวันที่ วันศุกร์ที่ 18 กันยายน 2026 ค่ะ ไม่ทราบว่าสะดวกชำระภายในวันนี้หรือไม่คะ
  ลูกค้า ▸ ไม่มีเงินจริง ๆ ครับ
       ⚙  reply  text_ids=[1075]
     บอท ▸ [1075] convince  (✓ยืนยันแล้ว)
            เข้าใจค่ะ หากชำระขั้นต่ำ 3000 บาทภายในวันครบกำหนด จะช่วยรักษาประวัติการชำระไว้ได้ค่ะ ไม่ทราบว่าพอจะสะดวกหรือไม่คะ
  ลูกค้า ▸ ก็คือตอนนี้ไม่มีเงินครับ
       ⚙  record_outcome  {""result"": ""refused"", ""reason"": ""refused"", ""remark"": ""ก็คือตอนนี้ไม่มีเงินครับ""}
          -> ok
       ⚙  reply  text_ids=[1099]
     บอท ▸ [1099] contact_bank_bye  (✓ยืนยันแล้ว)
            หากมีข้อติดขัดประการใด โทรกลับมาปรึกษาเอบีซีได้ที่เบอร์ [company_phone] ค่ะ ขอบคุณค่ะ สวัสดีค่ะ"
conflict52,ไม่มีเงิน/ยืนยันบนประโยคลบ,ไม่มีเงิน|ยืนยันบนประโยคลบ,ถูกต้องครับ ผมไม่มีเงินจ่าย,ก็คือตอนนี้ไม่มีเงินครับ,refused,refused,pass,ถูกเลย,convince,เจรจาต่อ,,greet_verify disclose_balance convince contact_bank_bye,"       ⚙  reply  text_ids=[1015]
     บอท ▸ [1015] greet_verify  (ยังไม่ยืนยัน)
            สวัสดีค่ะ ดิฉันติดต่อจากเอบีซี ไม่ทราบว่ากำลังเรียนสายอยู่กับคุณ สมมติ ทดสอบระบบ ใช่หรือไม่คะ
  ลูกค้า ▸ ใช่ครับ
       ⚙  verify_status
          -> ok
       ⚙  reply  text_ids=[1065]
     บอท ▸ [1065] disclose_balance  (✓ยืนยันแล้ว)
            ขอบคุณค่ะ เอบีซีขอเรียนแจ้งว่าสินเชื่อ ที่ลงท้ายด้วยเลข 1234 มียอดชำระขั้นต่ำ 3000 บาท ครบกำหนดวันที่ วันศุกร์ที่ 18 กันยายน 2026 ค่ะ ไม่ทราบว่าสะดวกชำระภายในวันนี้หรือไม่คะ
  ลูกค้า ▸ ถูกต้องครับ ผมไม่มีเงินจ่าย
       ⚙  reply  text_ids=[1075]
     บอท ▸ [1075] convince  (✓ยืนยันแล้ว)
            เข้าใจค่ะ หากชำระขั้นต่ำ 3000 บาทภายในวันครบกำหนด จะช่วยรักษาประวัติการชำระไว้ได้ค่ะ ไม่ทราบว่าพอจะสะดวกหรือไม่คะ
  ลูกค้า ▸ ก็คือตอนนี้ไม่มีเงินครับ
       ⚙  record_outcome  {""result"": ""refused"", ""reason"": ""refused"", ""remark"": ""ก็คือตอนนี้ไม่มีเงินครับ""}
          -> ok
       ⚙  record_outcome  {""result"": ""refused"", ""reason"": ""refused"", ""remark"": ""ก็คือตอนนี้ไม่มีเงินครับ""}
          -> call_already_closed
       ⚙  reply  text_ids=[1099]
     บอท ▸ [1099] contact_bank_bye  (✓ยืนยันแล้ว)
            หากมีข้อติดขัดประการใด โทรกลับมาปรึกษาเอบีซีได้ที่เบอร์ [company_phone] ค่ะ ขอบคุณค่ะ สวัสดีค่ะ"
conflict52,ไม่มีเงิน/ยืนยันบนประโยคลบ,ไม่มีเงิน|ยืนยันบนประโยคลบ|twin,ผมไม่มีเงินจ่ายครับ,ก็คือตอนนี้ไม่มีเงินครับ,refused,refused,pass,ถูกเลย,convince,เจรจาต่อ,,greet_verify disclose_balance convince contact_bank_bye,"       ⚙  reply  text_ids=[1015]
     บอท ▸ [1015] greet_verify  (ยังไม่ยืนยัน)
            สวัสดีค่ะ ดิฉันติดต่อจากเอบีซี ไม่ทราบว่ากำลังเรียนสายอยู่กับคุณ สมมติ ทดสอบระบบ ใช่หรือไม่คะ
  ลูกค้า ▸ ใช่ครับ
       ⚙  verify_status
          -> ok
       ⚙  reply  text_ids=[1065]
     บอท ▸ [1065] disclose_balance  (✓ยืนยันแล้ว)
            ขอบคุณค่ะ เอบีซีขอเรียนแจ้งว่าสินเชื่อ ที่ลงท้ายด้วยเลข 1234 มียอดชำระขั้นต่ำ 3000 บาท ครบกำหนดวันที่ วันศุกร์ที่ 18 กันยายน 2026 ค่ะ ไม่ทราบว่าสะดวกชำระภายในวันนี้หรือไม่คะ
  ลูกค้า ▸ ผมไม่มีเงินจ่ายครับ
       ⚙  reply  text_ids=[1075]
     บอท ▸ [1075] convince  (✓ยืนยันแล้ว)
            เข้าใจค่ะ หากชำระขั้นต่ำ 3000 บาทภายในวันครบกำหนด จะช่วยรักษาประวัติการชำระไว้ได้ค่ะ ไม่ทราบว่าพอจะสะดวกหรือไม่คะ
  ลูกค้า ▸ ก็คือตอนนี้ไม่มีเงินครับ
       ⚙  record_outcome  {""result"": ""refused"", ""reason"": ""refused"", ""remark"": ""ก็คือตอนนี้ไม่มีเงินครับ""}
          -> ok
       ⚙  reply  text_ids=[1099]
     บอท ▸ [1099] contact_bank_bye  (✓ยืนยันแล้ว)
            หากมีข้อติดขัดประการใด โทรกลับมาปรึกษาเอบีซีได้ที่เบอร์ [company_phone] ค่ะ ขอบคุณค่ะ สวัสดีค่ะ"
conflict52,ไม่มีเงิน/แก้คำกลางประโยค,ไม่มีเงิน|แก้คำกลางประโยค,พอจ่ายไหวครับ...เอ่อ ไม่ไหวครับ,ก็คือตอนนี้ไม่มีเงินครับ,refused,refused,pass,ถูกเลย,convince,เจรจาต่อ,,greet_verify disclose_balance convince contact_bank_bye,"       ⚙  reply  text_ids=[1015]
     บอท ▸ [1015] greet_verify  (ยังไม่ยืนยัน)
            สวัสดีค่ะ ดิฉันติดต่อจากเอบีซี ไม่ทราบว่ากำลังเรียนสายอยู่กับคุณ สมมติ ทดสอบระบบ ใช่หรือไม่คะ
  ลูกค้า ▸ ใช่ครับ
       ⚙  verify_status
          -> ok
       ⚙  reply  text_ids=[1065]
     บอท ▸ [1065] disclose_balance  (✓ยืนยันแล้ว)
            ขอบคุณค่ะ เอบีซีขอเรียนแจ้งว่าสินเชื่อ ที่ลงท้ายด้วยเลข 1234 มียอดชำระขั้นต่ำ 3000 บาท ครบกำหนดวันที่ วันศุกร์ที่ 18 กันยายน 2026 ค่ะ ไม่ทราบว่าสะดวกชำระภายในวันนี้หรือไม่คะ
  ลูกค้า ▸ พอจ่ายไหวครับ...เอ่อ ไม่ไหวครับ
       ⚙  reply  text_ids=[1075]
     บอท ▸ [1075] convince  (✓ยืนยันแล้ว)
            เข้าใจค่ะ หากชำระขั้นต่ำ 3000 บาทภายในวันครบกำหนด จะช่วยรักษาประวัติการชำระไว้ได้ค่ะ ไม่ทราบว่าพอจะสะดวกหรือไม่คะ
  ลูกค้า ▸ ก็คือตอนนี้ไม่มีเงินครับ
       ⚙  record_outcome  {""result"": ""refused"", ""reason"": ""refused"", ""remark"": ""ก็คือตอนนี้ไม่มีเงินครับ""}
          -> ok
       ⚙  reply  text_ids=[1099]
     บอท ▸ [1099] contact_bank_bye  (✓ยืนยันแล้ว)
            หากมีข้อติดขัดประการใด โทรกลับมาปรึกษาเอบีซีได้ที่เบอร์ [company_phone] ค่ะ ขอบคุณค่ะ สวัสดีค่ะ"
conflict52,ไม่มีเงิน/แก้คำกลางประโยค,ไม่มีเงิน|แก้คำกลางประโยค|twin,ไม่ไหวครับ,ก็คือตอนนี้ไม่มีเงินครับ,refused,refused,pass,ถูกเลย,convince,เจรจาต่อ,,greet_verify disclose_balance convince contact_bank_bye,"       ⚙  reply  text_ids=[1015]
     บอท ▸ [1015] greet_verify  (ยังไม่ยืนยัน)
            สวัสดีค่ะ ดิฉันติดต่อจากเอบีซี ไม่ทราบว่ากำลังเรียนสายอยู่กับคุณ สมมติ ทดสอบระบบ ใช่หรือไม่คะ
  ลูกค้า ▸ ใช่ครับ
       ⚙  verify_status
          -> ok
       ⚙  reply  text_ids=[1065]
     บอท ▸ [1065] disclose_balance  (✓ยืนยันแล้ว)
            ขอบคุณค่ะ เอบีซีขอเรียนแจ้งว่าสินเชื่อ ที่ลงท้ายด้วยเลข 1234 มียอดชำระขั้นต่ำ 3000 บาท ครบกำหนดวันที่ วันศุกร์ที่ 18 กันยายน 2026 ค่ะ ไม่ทราบว่าสะดวกชำระภายในวันนี้หรือไม่คะ
  ลูกค้า ▸ ไม่ไหวครับ
       ⚙  reply  text_ids=[1075]
     บอท ▸ [1075] convince  (✓ยืนยันแล้ว)
            เข้าใจค่ะ หากชำระขั้นต่ำ 3000 บาทภายในวันครบกำหนด จะช่วยรักษาประวัติการชำระไว้ได้ค่ะ ไม่ทราบว่าพอจะสะดวกหรือไม่คะ
  ลูกค้า ▸ ก็คือตอนนี้ไม่มีเงินครับ
       ⚙  record_outcome  {""result"": ""refused"", ""reason"": ""refused"", ""remark"": ""ก็คือตอนนี้ไม่มีเงินครับ""}
          -> ok
       ⚙  reply  text_ids=[1099]
     บอท ▸ [1099] contact_bank_bye  (✓ยืนยันแล้ว)
            หากมีข้อติดขัดประการใด โทรกลับมาปรึกษาเอบีซีได้ที่เบอร์ [company_phone] ค่ะ ขอบคุณค่ะ สวัสดีค่ะ"
conflict52,ไม่ยอมจ่าย/ตอบรับนำหน้า,ไม่ยอมจ่าย|ตอบรับนำหน้า,เข้าใจครับ แต่ผมไม่จ่าย,ก็คือผมไม่จ่ายครับ,refused,refused,pass,ถูกเลย,contact_bank_bye,ปิดสายทันที,,greet_verify disclose_balance contact_bank_bye,"       ⚙  reply  text_ids=[1015]
     บอท ▸ [1015] greet_verify  (ยังไม่ยืนยัน)
            สวัสดีค่ะ ดิฉันติดต่อจากเอบีซี ไม่ทราบว่ากำลังเรียนสายอยู่กับคุณ สมมติ ทดสอบระบบ ใช่หรือไม่คะ
  ลูกค้า ▸ ใช่ครับ
       ⚙  verify_status
          -> ok
       ⚙  reply  text_ids=[1065]
     บอท ▸ [1065] disclose_balance  (✓ยืนยันแล้ว)
            ขอบคุณค่ะ เอบีซีขอเรียนแจ้งว่าสินเชื่อ ที่ลงท้ายด้วยเลข 1234 มียอดชำระขั้นต่ำ 3000 บาท ครบกำหนดวันที่ วันศุกร์ที่ 18 กันยายน 2026 ค่ะ ไม่ทราบว่าสะดวกชำระภายในวันนี้หรือไม่คะ
  ลูกค้า ▸ เข้าใจครับ แต่ผมไม่จ่าย
       ⚙  record_outcome  {""result"": ""refused"", ""reason"": ""refused"", ""remark"": ""เข้าใจครับ แต่ผมไม่จ่าย""}
          -> ok
       ⚙  reply  text_ids=[1099]
     บอท ▸ [1099] contact_bank_bye  (✓ยืนยันแล้ว)
            หากมีข้อติดขัดประการใด โทรกลับมาปรึกษาเอบีซีได้ที่เบอร์ [company_phone] ค่ะ ขอบคุณค่ะ สวัสดีค่ะ"
conflict52,ไม่ยอมจ่าย/ตอบรับนำหน้า,ไม่ยอมจ่าย|ตอบรับนำหน้า|twin,ผมไม่จ่ายครับ,ก็คือผมไม่จ่ายครับ,refused,refused,pass,ถูกเลย,contact_bank_bye,ปิดสายทันที,,greet_verify disclose_balance contact_bank_bye,"       ⚙  reply  text_ids=[1015]
     บอท ▸ [1015] greet_verify  (ยังไม่ยืนยัน)
            สวัสดีค่ะ ดิฉันติดต่อจากเอบีซี ไม่ทราบว่ากำลังเรียนสายอยู่กับคุณ สมมติ ทดสอบระบบ ใช่หรือไม่คะ
  ลูกค้า ▸ ใช่ครับ
       ⚙  verify_status
          -> ok
       ⚙  reply  text_ids=[1065]
     บอท ▸ [1065] disclose_balance  (✓ยืนยันแล้ว)
            ขอบคุณค่ะ เอบีซีขอเรียนแจ้งว่าสินเชื่อ ที่ลงท้ายด้วยเลข 1234 มียอดชำระขั้นต่ำ 3000 บาท ครบกำหนดวันที่ วันศุกร์ที่ 18 กันยายน 2026 ค่ะ ไม่ทราบว่าสะดวกชำระภายในวันนี้หรือไม่คะ
  ลูกค้า ▸ ผมไม่จ่ายครับ
       ⚙  record_outcome  {""result"": ""refused"", ""reason"": ""refused"", ""remark"": ""ผมไม่จ่ายครับ""}
          -> ok
       ⚙  reply  text_ids=[1099]
     บอท ▸ [1099] contact_bank_bye  (✓ยืนยันแล้ว)
            หากมีข้อติดขัดประการใด โทรกลับมาปรึกษาเอบีซีได้ที่เบอร์ [company_phone] ค่ะ ขอบคุณค่ะ สวัสดีค่ะ"
conflict52,ไม่ยอมจ่าย/ยืนยันบนประโยคลบ,ไม่ยอมจ่าย|ยืนยันบนประโยคลบ,ถูกต้องครับ ผมไม่จ่าย,ก็คือผมไม่จ่ายครับ,refused,refused,pass,ถูกเลย,contact_bank_bye,ปิดสายทันที,,greet_verify disclose_balance contact_bank_bye,"       ⚙  reply  text_ids=[1015]
     บอท ▸ [1015] greet_verify  (ยังไม่ยืนยัน)
            สวัสดีค่ะ ดิฉันติดต่อจากเอบีซี ไม่ทราบว่ากำลังเรียนสายอยู่กับคุณ สมมติ ทดสอบระบบ ใช่หรือไม่คะ
  ลูกค้า ▸ ใช่ครับ
       ⚙  verify_status
          -> ok
       ⚙  reply  text_ids=[1065]
     บอท ▸ [1065] disclose_balance  (✓ยืนยันแล้ว)
            ขอบคุณค่ะ เอบีซีขอเรียนแจ้งว่าสินเชื่อ ที่ลงท้ายด้วยเลข 1234 มียอดชำระขั้นต่ำ 3000 บาท ครบกำหนดวันที่ วันศุกร์ที่ 18 กันยายน 2026 ค่ะ ไม่ทราบว่าสะดวกชำระภายในวันนี้หรือไม่คะ
  ลูกค้า ▸ ถูกต้องครับ ผมไม่จ่าย
       ⚙  record_outcome  {""result"": ""refused"", ""reason"": ""refused"", ""remark"": ""ถูกต้องครับ ผมไม่จ่าย""}
          -> ok
       ⚙  reply  text_ids=[1099]
     บอท ▸ [1099] contact_bank_bye  (✓ยืนยันแล้ว)
            หากมีข้อติดขัดประการใด โทรกลับมาปรึกษาเอบีซีได้ที่เบอร์ [company_phone] ค่ะ ขอบคุณค่ะ สวัสดีค่ะ"
conflict52,ไม่ยอมจ่าย/ยืนยันบนประโยคลบ,ไม่ยอมจ่าย|ยืนยันบนประโยคลบ|twin,ผมไม่จ่ายครับ,ก็คือผมไม่จ่ายครับ,refused,refused,pass,ถูกเลย,contact_bank_bye,ปิดสายทันที,,greet_verify disclose_balance contact_bank_bye,"       ⚙  reply  text_ids=[1015]
     บอท ▸ [1015] greet_verify  (ยังไม่ยืนยัน)
            สวัสดีค่ะ ดิฉันติดต่อจากเอบีซี ไม่ทราบว่ากำลังเรียนสายอยู่กับคุณ สมมติ ทดสอบระบบ ใช่หรือไม่คะ
  ลูกค้า ▸ ใช่ครับ
       ⚙  verify_status
          -> ok
       ⚙  reply  text_ids=[1065]
     บอท ▸ [1065] disclose_balance  (✓ยืนยันแล้ว)
            ขอบคุณค่ะ เอบีซีขอเรียนแจ้งว่าสินเชื่อ ที่ลงท้ายด้วยเลข 1234 มียอดชำระขั้นต่ำ 3000 บาท ครบกำหนดวันที่ วันศุกร์ที่ 18 กันยายน 2026 ค่ะ ไม่ทราบว่าสะดวกชำระภายในวันนี้หรือไม่คะ
  ลูกค้า ▸ ผมไม่จ่ายครับ
       ⚙  record_outcome  {""result"": ""refused"", ""reason"": ""refused"", ""remark"": ""ผมไม่จ่ายครับ""}
          -> ok
       ⚙  reply  text_ids=[1099]
     บอท ▸ [1099] contact_bank_bye  (✓ยืนยันแล้ว)
            หากมีข้อติดขัดประการใด โทรกลับมาปรึกษาเอบีซีได้ที่เบอร์ [company_phone] ค่ะ ขอบคุณค่ะ สวัสดีค่ะ"
conflict52,ไม่ยอมจ่าย/แก้คำกลางประโยค,ไม่ยอมจ่าย|แก้คำกลางประโยค,จ่าย...ไม่จ่ายครับ,ก็คือผมไม่จ่ายครับ,refused,refused,pass,ถูกเลย,contact_bank_bye,ปิดสายทันที,,greet_verify disclose_balance contact_bank_bye,"       ⚙  reply  text_ids=[1015]
     บอท ▸ [1015] greet_verify  (ยังไม่ยืนยัน)
            สวัสดีค่ะ ดิฉันติดต่อจากเอบีซี ไม่ทราบว่ากำลังเรียนสายอยู่กับคุณ สมมติ ทดสอบระบบ ใช่หรือไม่คะ
  ลูกค้า ▸ ใช่ครับ
       ⚙  verify_status
          -> ok
       ⚙  reply  text_ids=[1065]
     บอท ▸ [1065] disclose_balance  (✓ยืนยันแล้ว)
            ขอบคุณค่ะ เอบีซีขอเรียนแจ้งว่าสินเชื่อ ที่ลงท้ายด้วยเลข 1234 มียอดชำระขั้นต่ำ 3000 บาท ครบกำหนดวันที่ วันศุกร์ที่ 18 กันยายน 2026 ค่ะ ไม่ทราบว่าสะดวกชำระภายในวันนี้หรือไม่คะ
  ลูกค้า ▸ จ่าย...ไม่จ่ายครับ
       ⚙  record_outcome  {""result"": ""refused"", ""reason"": ""refused"", ""remark"": ""จ่าย...ไม่จ่ายครับ""}
          -> ok
       ⚙  reply  text_ids=[1099]
     บอท ▸ [1099] contact_bank_bye  (✓ยืนยันแล้ว)
            หากมีข้อติดขัดประการใด โทรกลับมาปรึกษาเอบีซีได้ที่เบอร์ [company_phone] ค่ะ ขอบคุณค่ะ สวัสดีค่ะ"
conflict52,ไม่ยอมจ่าย/แก้คำกลางประโยค,ไม่ยอมจ่าย|แก้คำกลางประโยค|twin,ผมไม่จ่ายครับ,ก็คือผมไม่จ่ายครับ,refused,refused,pass,ถูกเลย,contact_bank_bye,ปิดสายทันที,,greet_verify disclose_balance contact_bank_bye,"       ⚙  reply  text_ids=[1015]
     บอท ▸ [1015] greet_verify  (ยังไม่ยืนยัน)
            สวัสดีค่ะ ดิฉันติดต่อจากเอบีซี ไม่ทราบว่ากำลังเรียนสายอยู่กับคุณ สมมติ ทดสอบระบบ ใช่หรือไม่คะ
  ลูกค้า ▸ ใช่ครับ
       ⚙  verify_status
          -> ok
       ⚙  reply  text_ids=[1065]
     บอท ▸ [1065] disclose_balance  (✓ยืนยันแล้ว)
            ขอบคุณค่ะ เอบีซีขอเรียนแจ้งว่าสินเชื่อ ที่ลงท้ายด้วยเลข 1234 มียอดชำระขั้นต่ำ 3000 บาท ครบกำหนดวันที่ วันศุกร์ที่ 18 กันยายน 2026 ค่ะ ไม่ทราบว่าสะดวกชำระภายในวันนี้หรือไม่คะ
  ลูกค้า ▸ ผมไม่จ่ายครับ
       ⚙  record_outcome  {""result"": ""refused"", ""reason"": ""refused"", ""remark"": ""ผมไม่จ่ายครับ""}
          -> ok
       ⚙  reply  text_ids=[1099]
     บอท ▸ [1099] contact_bank_bye  (✓ยืนยันแล้ว)
            หากมีข้อติดขัดประการใด โทรกลับมาปรึกษาเอบีซีได้ที่เบอร์ [company_phone] ค่ะ ขอบคุณค่ะ สวัสดีค่ะ"
nomoney100,ถามย้อน,NM-016,จะเอาเงินที่ไหนมาจ่ายล่ะคะ,ก็คือตอนนี้ไม่มีเงินครับ,refused,refused,pass,ถูกเลย,convince,เจรจาต่อ,,greet_verify disclose_balance convince contact_bank_bye,"       ⚙  reply  text_ids=[1015]
     บอท ▸ [1015] greet_verify  (ยังไม่ยืนยัน)
            สวัสดีค่ะ ดิฉันติดต่อจากเอบีซี ไม่ทราบว่ากำลังเรียนสายอยู่กับคุณ สมมติ ทดสอบระบบ ใช่หรือไม่คะ
  ลูกค้า ▸ ใช่ครับ
       ⚙  verify_status
          -> ok
       ⚙  reply  text_ids=[1065]
     บอท ▸ [1065] disclose_balance  (✓ยืนยันแล้ว)
            ขอบคุณค่ะ เอบีซีขอเรียนแจ้งว่าสินเชื่อ ที่ลงท้ายด้วยเลข 1234 มียอดชำระขั้นต่ำ 3000 บาท ครบกำหนดวันที่ วันศุกร์ที่ 18 กันยายน 2026 ค่ะ ไม่ทราบว่าสะดวกชำระภายในวันนี้หรือไม่คะ
  ลูกค้า ▸ จะเอาเงินที่ไหนมาจ่ายล่ะคะ
       ⚙  reply  text_ids=[1075]
     บอท ▸ [1075] convince  (✓ยืนยันแล้ว)
            เข้าใจค่ะ หากชำระขั้นต่ำ 3000 บาทภายในวันครบกำหนด จะช่วยรักษาประวัติการชำระไว้ได้ค่ะ ไม่ทราบว่าพอจะสะดวกหรือไม่คะ
  ลูกค้า ▸ ก็คือตอนนี้ไม่มีเงินครับ
       ⚙  record_outcome  {""result"": ""refused"", ""reason"": ""refused"", ""remark"": ""ก็คือตอนนี้ไม่มีเงินครับ""}
          -> ok
       ⚙  reply  text_ids=[1099]
     บอท ▸ [1099] contact_bank_bye  (✓ยืนยันแล้ว)
            หากมีข้อติดขัดประการใด โทรกลับมาปรึกษาเอบีซีได้ที่เบอร์ [company_phone] ค่ะ ขอบคุณค่ะ สวัสดีค่ะ"
nomoney100,ถามย้อน,NM-017,น้องว่าพี่มีเหรอ,ก็คือตอนนี้ไม่มีเงินครับ,refused,refused,pass,ถูกหลังถามกลับ,ask_clarify,ถามยืนยันก่อน,,greet_verify disclose_balance ask_clarify convince contact_bank_bye,"       ⚙  reply  text_ids=[1015]
     บอท ▸ [1015] greet_verify  (ยังไม่ยืนยัน)
            สวัสดีค่ะ ดิฉันติดต่อจากเอบีซี ไม่ทราบว่ากำลังเรียนสายอยู่กับคุณ สมมติ ทดสอบระบบ ใช่หรือไม่คะ
  ลูกค้า ▸ ใช่ครับ
       ⚙  verify_status
          -> ok
       ⚙  reply  text_ids=[1065]
     บอท ▸ [1065] disclose_balance  (✓ยืนยันแล้ว)
            ขอบคุณค่ะ เอบีซีขอเรียนแจ้งว่าสินเชื่อ ที่ลงท้ายด้วยเลข 1234 มียอดชำระขั้นต่ำ 3000 บาท ครบกำหนดวันที่ วันศุกร์ที่ 18 กันยายน 2026 ค่ะ ไม่ทราบว่าสะดวกชำระภายในวันนี้หรือไม่คะ
  ลูกค้า ▸ น้องว่าพี่มีเหรอ
       ⚙  reply  text_ids=[3127]
     บอท ▸ [3127] ask_clarify  (✓ยืนยันแล้ว)
            ขออภัยค่ะ ดิฉันขอถามให้แน่ใจอีกครั้ง คุณลูกค้าหมายความว่ายังไงคะ
  ลูกค้า ▸ ก็คือตอนนี้ไม่มีเงินครับ
       ⚙  reply  text_ids=[1075]
     บอท ▸ [1075] convince  (✓ยืนยันแล้ว)
            เข้าใจค่ะ หากชำระขั้นต่ำ 3000 บาทภายในวันครบกำหนด จะช่วยรักษาประวัติการชำระไว้ได้ค่ะ ไม่ทราบว่าพอจะสะดวกหรือไม่คะ
  ลูกค้า ▸ ยังไม่มีเงินจ่ายครับ
       ⚙  record_outcome  {""result"": ""refused"", ""reason"": ""refused"", ""remark"": ""ยังไม่มีเงินจ่ายครับ""}
          -> ok
       ⚙  record_outcome  {""result"": ""refused"", ""reason"": ""refused"", ""remark"": ""ยังไม่มีเงินจ่ายครับ""}
          -> call_already_closed
       ⚙  reply  text_ids=[1099]
     บอท ▸ [1099] contact_bank_bye  (✓ยืนยันแล้ว)
            หากมีข้อติดขัดประการใด โทรกลับมาปรึกษาเอบีซีได้ที่เบอร์ [company_phone] ค่ะ ขอบคุณค่ะ สวัสดีค่ะ"
nomoney100,ถามย้อน,NM-018,มีปัญญาจ่ายที่ไหนล่ะครับ,ก็คือตอนนี้ไม่มีเงินครับ,refused,refused,pass,ถูกเลย,offer_channel_only,ตอบคำถาม/อื่น,,greet_verify disclose_balance offer_channel_only convince contact_bank_bye,"       ⚙  reply  text_ids=[1015]
     บอท ▸ [1015] greet_verify  (ยังไม่ยืนยัน)
            สวัสดีค่ะ ดิฉันติดต่อจากเอบีซี ไม่ทราบว่ากำลังเรียนสายอยู่กับคุณ สมมติ ทดสอบระบบ ใช่หรือไม่คะ
  ลูกค้า ▸ ใช่ครับ
       ⚙  verify_status
          -> ok
       ⚙  reply  text_ids=[1065]
     บอท ▸ [1065] disclose_balance  (✓ยืนยันแล้ว)
            ขอบคุณค่ะ เอบีซีขอเรียนแจ้งว่าสินเชื่อ ที่ลงท้ายด้วยเลข 1234 มียอดชำระขั้นต่ำ 3000 บาท ครบกำหนดวันที่ วันศุกร์ที่ 18 กันยายน 2026 ค่ะ ไม่ทราบว่าสะดวกชำระภายในวันนี้หรือไม่คะ
  ลูกค้า ▸ มีปัญญาจ่ายที่ไหนล่ะครับ
       ⚙  reply  text_ids=[2100]
     บอท ▸ [2100] offer_channel_only  (✓ยืนยันแล้ว)
            ชำระได้ที่แอปพลิเคชันของเอบีซี หรือที่สาขาค่ะ หากต้องการช่องทางเพิ่มเติม ติดต่อ [company_phone] ได้ค่ะ
  ลูกค้า ▸ ก็คือตอนนี้ไม่มีเงินครับ
       ⚙  reply  text_ids=[1075]
     บอท ▸ [1075] convince  (✓ยืนยันแล้ว)
            เข้าใจค่ะ หากชำระขั้นต่ำ 3000 บาทภายในวันครบกำหนด จะช่วยรักษาประวัติการชำระไว้ได้ค่ะ ไม่ทราบว่าพอจะสะดวกหรือไม่คะ
  ลูกค้า ▸ ยังไม่มีเงินจ่ายครับ
       ⚙  record_outcome  {""result"": ""refused"", ""reason"": ""refused"", ""remark"": ""ยังไม่มีเงินจ่ายครับ""}
          -> ok
       ⚙  record_outcome  {""result"": ""refused"", ""reason"": ""refused"", ""remark"": ""ยังไม่มีเงินจ่ายครับ""}
          -> call_already_closed
       ⚙  reply  text_ids=[1099]
     บอท ▸ [1099] contact_bank_bye  (✓ยืนยันแล้ว)
            หากมีข้อติดขัดประการใด โทรกลับมาปรึกษาเอบีซีได้ที่เบอร์ [company_phone] ค่ะ ขอบคุณค่ะ สวัสดีค่ะ"
nomoney100,ถามย้อน,NM-019,ถามจริง คิดว่าพี่อยากค้างเหรอ,ก็คือตอนนี้ไม่มีเงินครับ,refused,refused,pass,ถูกหลังถามกลับ,ask_clarify,ถามยืนยันก่อน,,greet_verify disclose_balance ask_clarify convince contact_bank_bye,"       ⚙  reply  text_ids=[1015]
     บอท ▸ [1015] greet_verify  (ยังไม่ยืนยัน)
            สวัสดีค่ะ ดิฉันติดต่อจากเอบีซี ไม่ทราบว่ากำลังเรียนสายอยู่กับคุณ สมมติ ทดสอบระบบ ใช่หรือไม่คะ
  ลูกค้า ▸ ใช่ครับ
       ⚙  verify_status
          -> ok
       ⚙  reply  text_ids=[1065]
     บอท ▸ [1065] disclose_balance  (✓ยืนยันแล้ว)
            ขอบคุณค่ะ เอบีซีขอเรียนแจ้งว่าสินเชื่อ ที่ลงท้ายด้วยเลข 1234 มียอดชำระขั้นต่ำ 3000 บาท ครบกำหนดวันที่ วันศุกร์ที่ 18 กันยายน 2026 ค่ะ ไม่ทราบว่าสะดวกชำระภายในวันนี้หรือไม่คะ
  ลูกค้า ▸ ถามจริง คิดว่าพี่อยากค้างเหรอ
       ⚙  reply  text_ids=[3127]
     บอท ▸ [3127] ask_clarify  (✓ยืนยันแล้ว)
            ขออภัยค่ะ ดิฉันขอถามให้แน่ใจอีกครั้ง คุณลูกค้าหมายความว่ายังไงคะ
  ลูกค้า ▸ ก็คือตอนนี้ไม่มีเงินครับ
       ⚙  reply  text_ids=[1075]
     บอท ▸ [1075] convince  (✓ยืนยันแล้ว)
            เข้าใจค่ะ หากชำระขั้นต่ำ 3000 บาทภายในวันครบกำหนด จะช่วยรักษาประวัติการชำระไว้ได้ค่ะ ไม่ทราบว่าพอจะสะดวกหรือไม่คะ
  ลูกค้า ▸ ยังไม่มีเงินจ่ายครับ
       ⚙  record_outcome  {""result"": ""refused"", ""reason"": ""refused"", ""remark"": ""ยังไม่มีเงินจ่ายครับ""}
          -> ok
       ⚙  record_outcome  {""result"": ""refused"", ""reason"": ""refused"", ""remark"": ""ยังไม่มีเงินจ่ายครับ""}
          -> call_already_closed
       ⚙  reply  text_ids=[1099]
     บอท ▸ [1099] contact_bank_bye  (✓ยืนยันแล้ว)
            หากมีข้อติดขัดประการใด โทรกลับมาปรึกษาเอบีซีได้ที่เบอร์ [company_phone] ค่ะ ขอบคุณค่ะ สวัสดีค่ะ"
nomoney100,ถามย้อน,NM-020,แล้วจะให้เอาอะไรจ่ายล่ะ,ก็คือตอนนี้ไม่มีเงินครับ,refused,refused,pass,ถูกเลย,offer_channel_only,ตอบคำถาม/อื่น,,greet_verify disclose_balance offer_channel_only convince contact_bank_bye,"       ⚙  reply  text_ids=[1015]
     บอท ▸ [1015] greet_verify  (ยังไม่ยืนยัน)
            สวัสดีค่ะ ดิฉันติดต่อจากเอบีซี ไม่ทราบว่ากำลังเรียนสายอยู่กับคุณ สมมติ ทดสอบระบบ ใช่หรือไม่คะ
  ลูกค้า ▸ ใช่ครับ
       ⚙  verify_status
          -> ok
       ⚙  reply  text_ids=[1065]
     บอท ▸ [1065] disclose_balance  (✓ยืนยันแล้ว)
            ขอบคุณค่ะ เอบีซีขอเรียนแจ้งว่าสินเชื่อ ที่ลงท้ายด้วยเลข 1234 มียอดชำระขั้นต่ำ 3000 บาท ครบกำหนดวันที่ วันศุกร์ที่ 18 กันยายน 2026 ค่ะ ไม่ทราบว่าสะดวกชำระภายในวันนี้หรือไม่คะ
  ลูกค้า ▸ แล้วจะให้เอาอะไรจ่ายล่ะ
       ⚙  reply  text_ids=[2100]
     บอท ▸ [2100] offer_channel_only  (✓ยืนยันแล้ว)
            ชำระได้ที่แอปพลิเคชันของเอบีซี หรือที่สาขาค่ะ หากต้องการช่องทางเพิ่มเติม ติดต่อ [company_phone] ได้ค่ะ
  ลูกค้า ▸ ก็คือตอนนี้ไม่มีเงินครับ
       ⚙  reply  text_ids=[1075]
     บอท ▸ [1075] convince  (✓ยืนยันแล้ว)
            เข้าใจค่ะ หากชำระขั้นต่ำ 3000 บาทภายในวันครบกำหนด จะช่วยรักษาประวัติการชำระไว้ได้ค่ะ ไม่ทราบว่าพอจะสะดวกหรือไม่คะ
  ลูกค้า ▸ ยังไม่มีเงินจ่ายครับ
       ⚙  record_outcome  {""result"": ""refused"", ""reason"": ""refused"", ""remark"": ""ยังไม่มีเงินจ่ายครับ""}
          -> ok
       ⚙  record_outcome  {""result"": ""refused"", ""reason"": ""refused"", ""remark"": ""ยังไม่มีเงินจ่ายครับ""}
          -> call_already_closed
       ⚙  reply  text_ids=[1099]
     บอท ▸ [1099] contact_bank_bye  (✓ยืนยันแล้ว)
            หากมีข้อติดขัดประการใด โทรกลับมาปรึกษาเอบีซีได้ที่เบอร์ [company_phone] ค่ะ ขอบคุณค่ะ สวัสดีค่ะ"
nomoney100,ถามย้อน,NM-021,จะให้ไปปล้นธนาคารมาจ่ายเหรอ,ก็คือตอนนี้ไม่มีเงินครับ,refused,refused,pass,ถูกเลย,steer_back,ตอบคำถาม/อื่น,,greet_verify disclose_balance steer_back convince contact_bank_bye,"       ⚙  reply  text_ids=[1015]
     บอท ▸ [1015] greet_verify  (ยังไม่ยืนยัน)
            สวัสดีค่ะ ดิฉันติดต่อจากเอบีซี ไม่ทราบว่ากำลังเรียนสายอยู่กับคุณ สมมติ ทดสอบระบบ ใช่หรือไม่คะ
  ลูกค้า ▸ ใช่ครับ
       ⚙  verify_status
          -> ok
       ⚙  reply  text_ids=[1065]
     บอท ▸ [1065] disclose_balance  (✓ยืนยันแล้ว)
            ขอบคุณค่ะ เอบีซีขอเรียนแจ้งว่าสินเชื่อ ที่ลงท้ายด้วยเลข 1234 มียอดชำระขั้นต่ำ 3000 บาท ครบกำหนดวันที่ วันศุกร์ที่ 18 กันยายน 2026 ค่ะ ไม่ทราบว่าสะดวกชำระภายในวันนี้หรือไม่คะ
  ลูกค้า ▸ จะให้ไปปล้นธนาคารมาจ่ายเหรอ
       ⚙  reply  text_ids=[3270]
     บอท ▸ [3270] steer_back  (✓ยืนยันแล้ว)
            ขออภัยค่ะ เรื่องนี้ดิฉันตอบให้ไม่ได้ค่ะ ดิฉันติดต่อมาเรื่องบัญชีของคุณ สมมติ ทดสอบระบบ เท่านั้นค่ะ ไม่ทราบว่าสะดวกชำระภายในวันนี้หรือไม่คะ
  ลูกค้า ▸ ก็คือตอนนี้ไม่มีเงินครับ
       ⚙  reply  text_ids=[1075]
     บอท ▸ [1075] convince  (✓ยืนยันแล้ว)
            เข้าใจค่ะ หากชำระขั้นต่ำ 3000 บาทภายในวันครบกำหนด จะช่วยรักษาประวัติการชำระไว้ได้ค่ะ ไม่ทราบว่าพอจะสะดวกหรือไม่คะ
  ลูกค้า ▸ ยังไม่มีเงินจ่ายครับ
       ⚙  record_outcome  {""result"": ""refused"", ""reason"": ""refused"", ""remark"": ""ยังไม่มีเงินจ่ายครับ""}
          -> ok
       ⚙  record_outcome  {""result"": ""refused"", ""reason"": ""refused"", ""remark"": ""ยังไม่มีเงินจ่ายครับ""}
          -> call_already_closed
       ⚙  reply  text_ids=[1099]
     บอท ▸ [1099] contact_bank_bye  (✓ยืนยันแล้ว)
            หากมีข้อติดขัดประการใด โทรกลับมาปรึกษาเอบีซีได้ที่เบอร์ [company_phone] ค่ะ ขอบคุณค่ะ สวัสดีค่ะ"
nomoney100,ถามย้อน,NM-022,ใครจะไม่อยากจ่ายล่ะคะ,ก็คือตอนนี้ไม่มีเงินครับ,refused,refused,pass,ถูกเลย,contact_bank_bye,ปิดสายทันที,,greet_verify disclose_balance contact_bank_bye,"       ⚙  reply  text_ids=[1015]
     บอท ▸ [1015] greet_verify  (ยังไม่ยืนยัน)
            สวัสดีค่ะ ดิฉันติดต่อจากเอบีซี ไม่ทราบว่ากำลังเรียนสายอยู่กับคุณ สมมติ ทดสอบระบบ ใช่หรือไม่คะ
  ลูกค้า ▸ ใช่ครับ
       ⚙  verify_status
          -> ok
       ⚙  reply  text_ids=[1065]
     บอท ▸ [1065] disclose_balance  (✓ยืนยันแล้ว)
            ขอบคุณค่ะ เอบีซีขอเรียนแจ้งว่าสินเชื่อ ที่ลงท้ายด้วยเลข 1234 มียอดชำระขั้นต่ำ 3000 บาท ครบกำหนดวันที่ วันศุกร์ที่ 18 กันยายน 2026 ค่ะ ไม่ทราบว่าสะดวกชำระภายในวันนี้หรือไม่คะ
  ลูกค้า ▸ ใครจะไม่อยากจ่ายล่ะคะ
       ⚙  record_outcome  {""result"": ""refused"", ""reason"": ""refused"", ""remark"": ""ใครจะไม่อยากจ่ายล่ะคะ""}
          -> ok
       ⚙  reply  text_ids=[1099]
     บอท ▸ [1099] contact_bank_bye  (✓ยืนยันแล้ว)
            หากมีข้อติดขัดประการใด โทรกลับมาปรึกษาเอบีซีได้ที่เบอร์ [company_phone] ค่ะ ขอบคุณค่ะ สวัสดีค่ะ"
nomoney100,ถามย้อน,NM-023,เห็นพี่เป็นตู้ ATM เหรอ,ก็คือตอนนี้ไม่มีเงินครับ,refused,refused,pass,ถูกเลย,ai_disclosure,ตอบคำถาม/อื่น,,greet_verify disclose_balance ai_disclosure convince contact_bank_bye,"       ⚙  reply  text_ids=[1015]
     บอท ▸ [1015] greet_verify  (ยังไม่ยืนยัน)
            สวัสดีค่ะ ดิฉันติดต่อจากเอบีซี ไม่ทราบว่ากำลังเรียนสายอยู่กับคุณ สมมติ ทดสอบระบบ ใช่หรือไม่คะ
  ลูกค้า ▸ ใช่ครับ
       ⚙  verify_status
          -> ok
       ⚙  reply  text_ids=[1065]
     บอท ▸ [1065] disclose_balance  (✓ยืนยันแล้ว)
            ขอบคุณค่ะ เอบีซีขอเรียนแจ้งว่าสินเชื่อ ที่ลงท้ายด้วยเลข 1234 มียอดชำระขั้นต่ำ 3000 บาท ครบกำหนดวันที่ วันศุกร์ที่ 18 กันยายน 2026 ค่ะ ไม่ทราบว่าสะดวกชำระภายในวันนี้หรือไม่คะ
  ลูกค้า ▸ เห็นพี่เป็นตู้ ATM เหรอ
       ⚙  reply  text_ids=[1569]
     บอท ▸ [1569] ai_disclosure  (✓ยืนยันแล้ว)
            ดิฉันเป็นผู้ช่วยอัตโนมัติของเอบีซีค่ะ ไม่ใช่เจ้าหน้าที่ที่เป็นบุคคลค่ะ
  ลูกค้า ▸ ก็คือตอนนี้ไม่มีเงินครับ
       ⚙  reply  text_ids=[1075]
     บอท ▸ [1075] convince  (✓ยืนยันแล้ว)
            เข้าใจค่ะ หากชำระขั้นต่ำ 3000 บาทภายในวันครบกำหนด จะช่วยรักษาประวัติการชำระไว้ได้ค่ะ ไม่ทราบว่าพอจะสะดวกหรือไม่คะ
  ลูกค้า ▸ ยังไม่มีเงินจ่ายครับ
       ⚙  record_outcome  {""result"": ""refused"", ""reason"": ""refused"", ""remark"": ""ยังไม่มีเงินจ่ายครับ""}
          -> ok
       ⚙  record_outcome  {""result"": ""refused"", ""reason"": ""refused"", ""remark"": ""ยังไม่มีเงินจ่ายครับ""}
          -> call_already_closed
       ⚙  reply  text_ids=[1099]
     บอท ▸ [1099] contact_bank_bye  (✓ยืนยันแล้ว)
            หากมีข้อติดขัดประการใด โทรกลับมาปรึกษาเอบีซีได้ที่เบอร์ [company_phone] ค่ะ ขอบคุณค่ะ สวัสดีค่ะ"
nomoney100,ถามย้อน,NM-024,น้องจะให้พี่เสกเงินออกมาเหรอ,ก็คือตอนนี้ไม่มีเงินครับ,refused,refused,pass,ถูกหลังถามกลับ,ask_clarify,ถามยืนยันก่อน,,greet_verify disclose_balance ask_clarify convince contact_bank_bye,"       ⚙  reply  text_ids=[1015]
     บอท ▸ [1015] greet_verify  (ยังไม่ยืนยัน)
            สวัสดีค่ะ ดิฉันติดต่อจากเอบีซี ไม่ทราบว่ากำลังเรียนสายอยู่กับคุณ สมมติ ทดสอบระบบ ใช่หรือไม่คะ
  ลูกค้า ▸ ใช่ครับ
       ⚙  verify_status
          -> ok
       ⚙  reply  text_ids=[1065]
     บอท ▸ [1065] disclose_balance  (✓ยืนยันแล้ว)
            ขอบคุณค่ะ เอบีซีขอเรียนแจ้งว่าสินเชื่อ ที่ลงท้ายด้วยเลข 1234 มียอดชำระขั้นต่ำ 3000 บาท ครบกำหนดวันที่ วันศุกร์ที่ 18 กันยายน 2026 ค่ะ ไม่ทราบว่าสะดวกชำระภายในวันนี้หรือไม่คะ
  ลูกค้า ▸ น้องจะให้พี่เสกเงินออกมาเหรอ
       ⚙  reply  text_ids=[3127]
     บอท ▸ [3127] ask_clarify  (✓ยืนยันแล้ว)
            ขออภัยค่ะ ดิฉันขอถามให้แน่ใจอีกครั้ง คุณลูกค้าหมายความว่ายังไงคะ
  ลูกค้า ▸ ก็คือตอนนี้ไม่มีเงินครับ
       ⚙  reply  text_ids=[1075]
     บอท ▸ [1075] convince  (✓ยืนยันแล้ว)
            เข้าใจค่ะ หากชำระขั้นต่ำ 3000 บาทภายในวันครบกำหนด จะช่วยรักษาประวัติการชำระไว้ได้ค่ะ ไม่ทราบว่าพอจะสะดวกหรือไม่คะ
  ลูกค้า ▸ ยังไม่มีเงินจ่ายครับ
       ⚙  record_outcome  {""result"": ""refused"", ""reason"": ""refused"", ""remark"": ""ยังไม่มีเงินจ่ายครับ""}
          -> ok
       ⚙  record_outcome  {""result"": ""refused"", ""reason"": ""refused"", ""remark"": ""ยังไม่มีเงินจ่ายครับ""}
          -> call_already_closed
       ⚙  reply  text_ids=[1099]
     บอท ▸ [1099] contact_bank_bye  (✓ยืนยันแล้ว)
            หากมีข้อติดขัดประการใด โทรกลับมาปรึกษาเอบีซีได้ที่เบอร์ [company_phone] ค่ะ ขอบคุณค่ะ สวัสดีค่ะ"
nomoney100,ถามย้อน,NM-025,มีที่ไหนล่ะ ถ้ามีก็ดีสิ,ก็คือตอนนี้ไม่มีเงินครับ,refused,refused,pass,ถูกเลย,offer_channel_only,ตอบคำถาม/อื่น,,greet_verify disclose_balance offer_channel_only convince contact_bank_bye,"       ⚙  reply  text_ids=[1015]
     บอท ▸ [1015] greet_verify  (ยังไม่ยืนยัน)
            สวัสดีค่ะ ดิฉันติดต่อจากเอบีซี ไม่ทราบว่ากำลังเรียนสายอยู่กับคุณ สมมติ ทดสอบระบบ ใช่หรือไม่คะ
  ลูกค้า ▸ ใช่ครับ
       ⚙  verify_status
          -> ok
       ⚙  reply  text_ids=[1065]
     บอท ▸ [1065] disclose_balance  (✓ยืนยันแล้ว)
            ขอบคุณค่ะ เอบีซีขอเรียนแจ้งว่าสินเชื่อ ที่ลงท้ายด้วยเลข 1234 มียอดชำระขั้นต่ำ 3000 บาท ครบกำหนดวันที่ วันศุกร์ที่ 18 กันยายน 2026 ค่ะ ไม่ทราบว่าสะดวกชำระภายในวันนี้หรือไม่คะ
  ลูกค้า ▸ มีที่ไหนล่ะ ถ้ามีก็ดีสิ
       ⚙  reply  text_ids=[2100]
     บอท ▸ [2100] offer_channel_only  (✓ยืนยันแล้ว)
            ชำระได้ที่แอปพลิเคชันของเอบีซี หรือที่สาขาค่ะ หากต้องการช่องทางเพิ่มเติม ติดต่อ [company_phone] ได้ค่ะ
  ลูกค้า ▸ ก็คือตอนนี้ไม่มีเงินครับ
       ⚙  reply  text_ids=[1075]
     บอท ▸ [1075] convince  (✓ยืนยันแล้ว)
            เข้าใจค่ะ หากชำระขั้นต่ำ 3000 บาทภายในวันครบกำหนด จะช่วยรักษาประวัติการชำระไว้ได้ค่ะ ไม่ทราบว่าพอจะสะดวกหรือไม่คะ
  ลูกค้า ▸ ยังไม่มีเงินจ่ายครับ
       ⚙  record_outcome  {""result"": ""refused"", ""reason"": ""refused"", ""remark"": ""ยังไม่มีเงินจ่ายครับ""}
          -> ok
       ⚙  record_outcome  {""result"": ""refused"", ""reason"": ""refused"", ""remark"": ""ยังไม่มีเงินจ่ายครับ""}
          -> call_already_closed
       ⚙  reply  text_ids=[1099]
     บอท ▸ [1099] contact_bank_bye  (✓ยืนยันแล้ว)
            หากมีข้อติดขัดประการใด โทรกลับมาปรึกษาเอบีซีได้ที่เบอร์ [company_phone] ค่ะ ขอบคุณค่ะ สวัสดีค่ะ"
nomoney100,ถามย้อน,NM-026,จะเอามาจากไหน บอกพี่หน่อยสิ,ก็คือตอนนี้ไม่มีเงินครับ,refused,refused,pass,ถูกเลย,offer_channel_only,ตอบคำถาม/อื่น,,greet_verify disclose_balance offer_channel_only convince contact_bank_bye,"       ⚙  reply  text_ids=[1015]
     บอท ▸ [1015] greet_verify  (ยังไม่ยืนยัน)
            สวัสดีค่ะ ดิฉันติดต่อจากเอบีซี ไม่ทราบว่ากำลังเรียนสายอยู่กับคุณ สมมติ ทดสอบระบบ ใช่หรือไม่คะ
  ลูกค้า ▸ ใช่ครับ
       ⚙  verify_status
          -> ok
       ⚙  reply  text_ids=[1065]
     บอท ▸ [1065] disclose_balance  (✓ยืนยันแล้ว)
            ขอบคุณค่ะ เอบีซีขอเรียนแจ้งว่าสินเชื่อ ที่ลงท้ายด้วยเลข 1234 มียอดชำระขั้นต่ำ 3000 บาท ครบกำหนดวันที่ วันศุกร์ที่ 18 กันยายน 2026 ค่ะ ไม่ทราบว่าสะดวกชำระภายในวันนี้หรือไม่คะ
  ลูกค้า ▸ จะเอามาจากไหน บอกพี่หน่อยสิ
       ⚙  reply  text_ids=[2100]
     บอท ▸ [2100] offer_channel_only  (✓ยืนยันแล้ว)
            ชำระได้ที่แอปพลิเคชันของเอบีซี หรือที่สาขาค่ะ หากต้องการช่องทางเพิ่มเติม ติดต่อ [company_phone] ได้ค่ะ
  ลูกค้า ▸ ก็คือตอนนี้ไม่มีเงินครับ
       ⚙  reply  text_ids=[1075]
     บอท ▸ [1075] convince  (✓ยืนยันแล้ว)
            เข้าใจค่ะ หากชำระขั้นต่ำ 3000 บาทภายในวันครบกำหนด จะช่วยรักษาประวัติการชำระไว้ได้ค่ะ ไม่ทราบว่าพอจะสะดวกหรือไม่คะ
  ลูกค้า ▸ ยังไม่มีเงินจ่ายครับ
       ⚙  record_outcome  {""result"": ""refused"", ""reason"": ""refused"", ""remark"": ""ยังไม่มีเงินจ่ายครับ""}
          -> ok
       ⚙  record_outcome  {""result"": ""refused"", ""reason"": ""refused"", ""remark"": ""ยังไม่มีเงินจ่ายครับ""}
          -> call_already_closed
       ⚙  reply  text_ids=[1099]
     บอท ▸ [1099] contact_bank_bye  (✓ยืนยันแล้ว)
            หากมีข้อติดขัดประการใด โทรกลับมาปรึกษาเอบีซีได้ที่เบอร์ [company_phone] ค่ะ ขอบคุณค่ะ สวัสดีค่ะ"
nomoney100,ถามย้อน,NM-027,คิดว่าพี่ไม่อยากจ่ายเหรอ,ก็คือตอนนี้ไม่มีเงินครับ,refused,refused,pass,ถูกหลังถามกลับ,ask_clarify,ถามยืนยันก่อน,,greet_verify disclose_balance ask_clarify convince contact_bank_bye,"       ⚙  reply  text_ids=[1015]
     บอท ▸ [1015] greet_verify  (ยังไม่ยืนยัน)
            สวัสดีค่ะ ดิฉันติดต่อจากเอบีซี ไม่ทราบว่ากำลังเรียนสายอยู่กับคุณ สมมติ ทดสอบระบบ ใช่หรือไม่คะ
  ลูกค้า ▸ ใช่ครับ
       ⚙  verify_status
          -> ok
       ⚙  reply  text_ids=[1065]
     บอท ▸ [1065] disclose_balance  (✓ยืนยันแล้ว)
            ขอบคุณค่ะ เอบีซีขอเรียนแจ้งว่าสินเชื่อ ที่ลงท้ายด้วยเลข 1234 มียอดชำระขั้นต่ำ 3000 บาท ครบกำหนดวันที่ วันศุกร์ที่ 18 กันยายน 2026 ค่ะ ไม่ทราบว่าสะดวกชำระภายในวันนี้หรือไม่คะ
  ลูกค้า ▸ คิดว่าพี่ไม่อยากจ่ายเหรอ
       ⚙  reply  text_ids=[3127]
     บอท ▸ [3127] ask_clarify  (✓ยืนยันแล้ว)
            ขออภัยค่ะ ดิฉันขอถามให้แน่ใจอีกครั้ง คุณลูกค้าหมายความว่ายังไงคะ
  ลูกค้า ▸ ก็คือตอนนี้ไม่มีเงินครับ
       ⚙  reply  text_ids=[1075]
     บอท ▸ [1075] convince  (✓ยืนยันแล้ว)
            เข้าใจค่ะ หากชำระขั้นต่ำ 3000 บาทภายในวันครบกำหนด จะช่วยรักษาประวัติการชำระไว้ได้ค่ะ ไม่ทราบว่าพอจะสะดวกหรือไม่คะ
  ลูกค้า ▸ ยังไม่มีเงินจ่ายครับ
       ⚙  record_outcome  {""result"": ""refused"", ""reason"": ""refused"", ""remark"": ""ยังไม่มีเงินจ่ายครับ""}
          -> ok
       ⚙  record_outcome  {""result"": ""refused"", ""reason"": ""refused"", ""remark"": ""ยังไม่มีเงินจ่ายครับ""}
          -> call_already_closed
       ⚙  reply  text_ids=[1099]
     บอท ▸ [1099] contact_bank_bye  (✓ยืนยันแล้ว)
            หากมีข้อติดขัดประการใด โทรกลับมาปรึกษาเอบีซีได้ที่เบอร์ [company_phone] ค่ะ ขอบคุณค่ะ สวัสดีค่ะ"
nomoney100,ถามย้อน,NM-028,ตอนนี้จะให้ไปหาจากไหนล่ะครับ,ก็คือตอนนี้ไม่มีเงินครับ,refused,refused,pass,ถูกเลย,offer_channel_only,ตอบคำถาม/อื่น,,greet_verify disclose_balance offer_channel_only convince contact_bank_bye,"       ⚙  reply  text_ids=[1015]
     บอท ▸ [1015] greet_verify  (ยังไม่ยืนยัน)
            สวัสดีค่ะ ดิฉันติดต่อจากเอบีซี ไม่ทราบว่ากำลังเรียนสายอยู่กับคุณ สมมติ ทดสอบระบบ ใช่หรือไม่คะ
  ลูกค้า ▸ ใช่ครับ
       ⚙  verify_status
          -> ok
       ⚙  reply  text_ids=[1065]
     บอท ▸ [1065] disclose_balance  (✓ยืนยันแล้ว)
            ขอบคุณค่ะ เอบีซีขอเรียนแจ้งว่าสินเชื่อ ที่ลงท้ายด้วยเลข 1234 มียอดชำระขั้นต่ำ 3000 บาท ครบกำหนดวันที่ วันศุกร์ที่ 18 กันยายน 2026 ค่ะ ไม่ทราบว่าสะดวกชำระภายในวันนี้หรือไม่คะ
  ลูกค้า ▸ ตอนนี้จะให้ไปหาจากไหนล่ะครับ
       ⚙  reply  text_ids=[2100]
     บอท ▸ [2100] offer_channel_only  (✓ยืนยันแล้ว)
            ชำระได้ที่แอปพลิเคชันของเอบีซี หรือที่สาขาค่ะ หากต้องการช่องทางเพิ่มเติม ติดต่อ [company_phone] ได้ค่ะ
  ลูกค้า ▸ ก็คือตอนนี้ไม่มีเงินครับ
       ⚙  reply  text_ids=[1075]
     บอท ▸ [1075] convince  (✓ยืนยันแล้ว)
            เข้าใจค่ะ หากชำระขั้นต่ำ 3000 บาทภายในวันครบกำหนด จะช่วยรักษาประวัติการชำระไว้ได้ค่ะ ไม่ทราบว่าพอจะสะดวกหรือไม่คะ
  ลูกค้า ▸ ยังไม่มีเงินจ่ายครับ
       ⚙  record_outcome  {""result"": ""refused"", ""reason"": ""refused"", ""remark"": ""ยังไม่มีเงินจ่ายครับ""}
          -> ok
       ⚙  record_outcome  {""result"": ""refused"", ""reason"": ""refused"", ""remark"": ""ยังไม่มีเงินจ่ายครับ""}
          -> call_already_closed
       ⚙  reply  text_ids=[1099]
     บอท ▸ [1099] contact_bank_bye  (✓ยืนยันแล้ว)
            หากมีข้อติดขัดประการใด โทรกลับมาปรึกษาเอบีซีได้ที่เบอร์ [company_phone] ค่ะ ขอบคุณค่ะ สวัสดีค่ะ"
nomoney100,ถามย้อน,NM-029,แล้วจะให้ขายอะไรล่ะ บ้านก็เช่าเขาอยู่,ก็คือตอนนี้ไม่มีเงินครับ,refused,refused,pass,ถูกเลย,steer_back,ตอบคำถาม/อื่น,,greet_verify disclose_balance steer_back convince contact_bank_bye,"       ⚙  reply  text_ids=[1015]
     บอท ▸ [1015] greet_verify  (ยังไม่ยืนยัน)
            สวัสดีค่ะ ดิฉันติดต่อจากเอบีซี ไม่ทราบว่ากำลังเรียนสายอยู่กับคุณ สมมติ ทดสอบระบบ ใช่หรือไม่คะ
  ลูกค้า ▸ ใช่ครับ
       ⚙  verify_status
          -> ok
       ⚙  reply  text_ids=[1065]
     บอท ▸ [1065] disclose_balance  (✓ยืนยันแล้ว)
            ขอบคุณค่ะ เอบีซีขอเรียนแจ้งว่าสินเชื่อ ที่ลงท้ายด้วยเลข 1234 มียอดชำระขั้นต่ำ 3000 บาท ครบกำหนดวันที่ วันศุกร์ที่ 18 กันยายน 2026 ค่ะ ไม่ทราบว่าสะดวกชำระภายในวันนี้หรือไม่คะ
  ลูกค้า ▸ แล้วจะให้ขายอะไรล่ะ บ้านก็เช่าเขาอยู่
       ⚙  reply  text_ids=[3270]
     บอท ▸ [3270] steer_back  (✓ยืนยันแล้ว)
            ขออภัยค่ะ เรื่องนี้ดิฉันตอบให้ไม่ได้ค่ะ ดิฉันติดต่อมาเรื่องบัญชีของคุณ สมมติ ทดสอบระบบ เท่านั้นค่ะ ไม่ทราบว่าสะดวกชำระภายในวันนี้หรือไม่คะ
  ลูกค้า ▸ ก็คือตอนนี้ไม่มีเงินครับ
       ⚙  reply  text_ids=[1075]
     บอท ▸ [1075] convince  (✓ยืนยันแล้ว)
            เข้าใจค่ะ หากชำระขั้นต่ำ 3000 บาทภายในวันครบกำหนด จะช่วยรักษาประวัติการชำระไว้ได้ค่ะ ไม่ทราบว่าพอจะสะดวกหรือไม่คะ
  ลูกค้า ▸ ยังไม่มีเงินจ่ายครับ
       ⚙  record_outcome  {""result"": ""refused"", ""reason"": ""refused"", ""remark"": ""ยังไม่มีเงินจ่ายครับ""}
          -> ok
       ⚙  record_outcome  {""result"": ""refused"", ""reason"": ""refused"", ""remark"": ""ยังไม่มีเงินจ่ายครับ""}
          -> call_already_closed
       ⚙  reply  text_ids=[1099]
     บอท ▸ [1099] contact_bank_bye  (✓ยืนยันแล้ว)
            หากมีข้อติดขัดประการใด โทรกลับมาปรึกษาเอบีซีได้ที่เบอร์ [company_phone] ค่ะ ขอบคุณค่ะ สวัสดีค่ะ"
nomoney100,ถามย้อน,NM-030,จ่ายยังไงล่ะ ในกระเป๋ามีอยู่ยี่สิบบาท,ก็คือตอนนี้ไม่มีเงินครับ,refused,refused,pass,ถูกเลย,offer_channel_only,ตอบคำถาม/อื่น,,greet_verify disclose_balance offer_channel_only convince contact_bank_bye,"       ⚙  reply  text_ids=[1015]
     บอท ▸ [1015] greet_verify  (ยังไม่ยืนยัน)
            สวัสดีค่ะ ดิฉันติดต่อจากเอบีซี ไม่ทราบว่ากำลังเรียนสายอยู่กับคุณ สมมติ ทดสอบระบบ ใช่หรือไม่คะ
  ลูกค้า ▸ ใช่ครับ
       ⚙  verify_status
          -> ok
       ⚙  reply  text_ids=[1065]
     บอท ▸ [1065] disclose_balance  (✓ยืนยันแล้ว)
            ขอบคุณค่ะ เอบีซีขอเรียนแจ้งว่าสินเชื่อ ที่ลงท้ายด้วยเลข 1234 มียอดชำระขั้นต่ำ 3000 บาท ครบกำหนดวันที่ วันศุกร์ที่ 18 กันยายน 2026 ค่ะ ไม่ทราบว่าสะดวกชำระภายในวันนี้หรือไม่คะ
  ลูกค้า ▸ จ่ายยังไงล่ะ ในกระเป๋ามีอยู่ยี่สิบบาท
       ⚙  reply  text_ids=[2100]
     บอท ▸ [2100] offer_channel_only  (✓ยืนยันแล้ว)
            ชำระได้ที่แอปพลิเคชันของเอบีซี หรือที่สาขาค่ะ หากต้องการช่องทางเพิ่มเติม ติดต่อ [company_phone] ได้ค่ะ
  ลูกค้า ▸ ก็คือตอนนี้ไม่มีเงินครับ
       ⚙  reply  text_ids=[1075]
     บอท ▸ [1075] convince  (✓ยืนยันแล้ว)
            เข้าใจค่ะ หากชำระขั้นต่ำ 3000 บาทภายในวันครบกำหนด จะช่วยรักษาประวัติการชำระไว้ได้ค่ะ ไม่ทราบว่าพอจะสะดวกหรือไม่คะ
  ลูกค้า ▸ ยังไม่มีเงินจ่ายครับ
       ⚙  record_outcome  {""result"": ""refused"", ""reason"": ""refused"", ""remark"": ""ยังไม่มีเงินจ่ายครับ""}
          -> ok
       ⚙  reply  text_ids=[1099]
     บอท ▸ [1099] contact_bank_bye  (✓ยืนยันแล้ว)
            หากมีข้อติดขัดประการใด โทรกลับมาปรึกษาเอบีซีได้ที่เบอร์ [company_phone] ค่ะ ขอบคุณค่ะ สวัสดีค่ะ"
nomoney100,ประชด,NM-031,รวยมากเลยค่ะตอนนี้ รวยหนี้,ก็คือตอนนี้ไม่มีเงินครับ,refused,refused,pass,ถูกหลังถามกลับ,ask_clarify,ถามยืนยันก่อน,,greet_verify disclose_balance ask_clarify convince contact_bank_bye,"       ⚙  reply  text_ids=[1015]
     บอท ▸ [1015] greet_verify  (ยังไม่ยืนยัน)
            สวัสดีค่ะ ดิฉันติดต่อจากเอบีซี ไม่ทราบว่ากำลังเรียนสายอยู่กับคุณ สมมติ ทดสอบระบบ ใช่หรือไม่คะ
  ลูกค้า ▸ ใช่ครับ
       ⚙  verify_status
          -> ok
       ⚙  reply  text_ids=[1065]
     บอท ▸ [1065] disclose_balance  (✓ยืนยันแล้ว)
            ขอบคุณค่ะ เอบีซีขอเรียนแจ้งว่าสินเชื่อ ที่ลงท้ายด้วยเลข 1234 มียอดชำระขั้นต่ำ 3000 บาท ครบกำหนดวันที่ วันศุกร์ที่ 18 กันยายน 2026 ค่ะ ไม่ทราบว่าสะดวกชำระภายในวันนี้หรือไม่คะ
  ลูกค้า ▸ รวยมากเลยค่ะตอนนี้ รวยหนี้
       ⚙  reply  text_ids=[3127]
     บอท ▸ [3127] ask_clarify  (✓ยืนยันแล้ว)
            ขออภัยค่ะ ดิฉันขอถามให้แน่ใจอีกครั้ง คุณลูกค้าหมายความว่ายังไงคะ
  ลูกค้า ▸ ก็คือตอนนี้ไม่มีเงินครับ
       ⚙  reply  text_ids=[1075]
     บอท ▸ [1075] convince  (✓ยืนยันแล้ว)
            เข้าใจค่ะ หากชำระขั้นต่ำ 3000 บาทภายในวันครบกำหนด จะช่วยรักษาประวัติการชำระไว้ได้ค่ะ ไม่ทราบว่าพอจะสะดวกหรือไม่คะ
  ลูกค้า ▸ ยังไม่มีเงินจ่ายครับ
       ⚙  record_outcome  {""result"": ""refused"", ""reason"": ""refused"", ""remark"": ""ยังไม่มีเงินจ่ายครับ""}
          -> ok
       ⚙  record_outcome  {""result"": ""refused"", ""reason"": ""refused"", ""remark"": ""ยังไม่มีเงินจ่ายครับ""}
          -> call_already_closed
       ⚙  reply  text_ids=[1099]
     บอท ▸ [1099] contact_bank_bye  (✓ยืนยันแล้ว)
            หากมีข้อติดขัดประการใด โทรกลับมาปรึกษาเอบีซีได้ที่เบอร์ [company_phone] ค่ะ ขอบคุณค่ะ สวัสดีค่ะ"
nomoney100,ประชด,NM-032,เดี๋ยวถูกหวยก่อนนะ แล้วจะรีบจ่ายเลย,ก็คือตอนนี้ไม่มีเงินครับ,refused,refused,pass,ถูกเลย,faq_hold,ตอบคำถาม/อื่น,,greet_verify disclose_balance faq_hold convince contact_bank_bye,"       ⚙  reply  text_ids=[1015]
     บอท ▸ [1015] greet_verify  (ยังไม่ยืนยัน)
            สวัสดีค่ะ ดิฉันติดต่อจากเอบีซี ไม่ทราบว่ากำลังเรียนสายอยู่กับคุณ สมมติ ทดสอบระบบ ใช่หรือไม่คะ
  ลูกค้า ▸ ใช่ครับ
       ⚙  verify_status
          -> ok
       ⚙  reply  text_ids=[1065]
     บอท ▸ [1065] disclose_balance  (✓ยืนยันแล้ว)
            ขอบคุณค่ะ เอบีซีขอเรียนแจ้งว่าสินเชื่อ ที่ลงท้ายด้วยเลข 1234 มียอดชำระขั้นต่ำ 3000 บาท ครบกำหนดวันที่ วันศุกร์ที่ 18 กันยายน 2026 ค่ะ ไม่ทราบว่าสะดวกชำระภายในวันนี้หรือไม่คะ
  ลูกค้า ▸ เดี๋ยวถูกหวยก่อนนะ แล้วจะรีบจ่ายเลย
       ⚙  reply  text_ids=[1750]
     บอท ▸ [1750] faq_hold  (✓ยืนยันแล้ว)
            ได้ค่ะ สะดวกแล้วแจ้งได้เลยนะคะ
  ลูกค้า ▸ ก็คือตอนนี้ไม่มีเงินครับ
       ⚙  reply  text_ids=[1075]
     บอท ▸ [1075] convince  (✓ยืนยันแล้ว)
            เข้าใจค่ะ หากชำระขั้นต่ำ 3000 บาทภายในวันครบกำหนด จะช่วยรักษาประวัติการชำระไว้ได้ค่ะ ไม่ทราบว่าพอจะสะดวกหรือไม่คะ
  ลูกค้า ▸ ยังไม่มีเงินจ่ายครับ
       ⚙  record_outcome  {""result"": ""refused"", ""reason"": ""refused"", ""remark"": ""ยังไม่มีเงินจ่ายครับ""}
          -> ok
       ⚙  record_outcome  {""result"": ""refused"", ""reason"": ""refused"", ""remark"": ""ยังไม่มีเงินจ่ายครับ""}
          -> call_already_closed
       ⚙  reply  text_ids=[1099]
     บอท ▸ [1099] contact_bank_bye  (✓ยืนยันแล้ว)
            หากมีข้อติดขัดประการใด โทรกลับมาปรึกษาเอบีซีได้ที่เบอร์ [company_phone] ค่ะ ขอบคุณค่ะ สวัสดีค่ะ"
nomoney100,ประชด,NM-033,ได้เลย เดี๋ยวไปขุดทองมาให้,ก็คือตอนนี้ไม่มีเงินครับ,refused,ptp,fail,ผิดเลย,ptp_bye,ปิดสายทันที,ของจริง,greet_verify disclose_balance ptp_bye,"       ⚙  reply  text_ids=[1015]
     บอท ▸ [1015] greet_verify  (ยังไม่ยืนยัน)
            สวัสดีค่ะ ดิฉันติดต่อจากเอบีซี ไม่ทราบว่ากำลังเรียนสายอยู่กับคุณ สมมติ ทดสอบระบบ ใช่หรือไม่คะ
  ลูกค้า ▸ ใช่ครับ
       ⚙  verify_status
          -> ok
       ⚙  reply  text_ids=[1065]
     บอท ▸ [1065] disclose_balance  (✓ยืนยันแล้ว)
            ขอบคุณค่ะ เอบีซีขอเรียนแจ้งว่าสินเชื่อ ที่ลงท้ายด้วยเลข 1234 มียอดชำระขั้นต่ำ 3000 บาท ครบกำหนดวันที่ วันศุกร์ที่ 18 กันยายน 2026 ค่ะ ไม่ทราบว่าสะดวกชำระภายในวันนี้หรือไม่คะ
  ลูกค้า ▸ ได้เลย เดี๋ยวไปขุดทองมาให้
       ⚙  record_outcome  {""result"": ""ptp"", ""reason"": ""ptp"", ""remark"": ""ได้เลย เดี๋ยวไปขุดทองมาให้""}
          -> ok
       ⚙  reply  text_ids=[1084]
     บอท ▸ [1084] ptp_bye  (✓ยืนยันแล้ว)
            ขอบคุณค่ะ เอบีซีได้บันทึกไว้เรียบร้อยแล้วค่ะ ขอบคุณที่สละเวลา สวัสดีค่ะ"
nomoney100,ประชด,NM-034,สบายมาก เงินเต็มกระเป๋าเลยครับ,ก็คือตอนนี้ไม่มีเงินครับ,refused,ptp,fail,ผิดเลย,ptp_bye,ปิดสายทันที,ของจริง,greet_verify disclose_balance ptp_bye,"       ⚙  reply  text_ids=[1015]
     บอท ▸ [1015] greet_verify  (ยังไม่ยืนยัน)
            สวัสดีค่ะ ดิฉันติดต่อจากเอบีซี ไม่ทราบว่ากำลังเรียนสายอยู่กับคุณ สมมติ ทดสอบระบบ ใช่หรือไม่คะ
  ลูกค้า ▸ ใช่ครับ
       ⚙  verify_status
          -> ok
       ⚙  reply  text_ids=[1065]
     บอท ▸ [1065] disclose_balance  (✓ยืนยันแล้ว)
            ขอบคุณค่ะ เอบีซีขอเรียนแจ้งว่าสินเชื่อ ที่ลงท้ายด้วยเลข 1234 มียอดชำระขั้นต่ำ 3000 บาท ครบกำหนดวันที่ วันศุกร์ที่ 18 กันยายน 2026 ค่ะ ไม่ทราบว่าสะดวกชำระภายในวันนี้หรือไม่คะ
  ลูกค้า ▸ สบายมาก เงินเต็มกระเป๋าเลยครับ
       ⚙  record_outcome  {""result"": ""ptp"", ""reason"": ""ptp"", ""remark"": ""สบายมาก เงินเต็มกระเป๋าเลยครับ""}
          -> ok
       ⚙  reply  text_ids=[1084]
     บอท ▸ [1084] ptp_bye  (✓ยืนยันแล้ว)
            ขอบคุณค่ะ เอบีซีได้บันทึกไว้เรียบร้อยแล้วค่ะ ขอบคุณที่สละเวลา สวัสดีค่ะ"
nomoney100,ประชด,NM-035,จ่ายแน่นอน ชาติหน้าตอนบ่ายๆ,ก็คือตอนนี้ไม่มีเงินครับ,refused,refused,pass,ถูกหลังถามกลับ,ask_clarify,ถามยืนยันก่อน,,greet_verify disclose_balance ask_clarify convince ptp_bye,"       ⚙  reply  text_ids=[1015]
     บอท ▸ [1015] greet_verify  (ยังไม่ยืนยัน)
            สวัสดีค่ะ ดิฉันติดต่อจากเอบีซี ไม่ทราบว่ากำลังเรียนสายอยู่กับคุณ สมมติ ทดสอบระบบ ใช่หรือไม่คะ
  ลูกค้า ▸ ใช่ครับ
       ⚙  verify_status
          -> ok
       ⚙  reply  text_ids=[1065]
     บอท ▸ [1065] disclose_balance  (✓ยืนยันแล้ว)
            ขอบคุณค่ะ เอบีซีขอเรียนแจ้งว่าสินเชื่อ ที่ลงท้ายด้วยเลข 1234 มียอดชำระขั้นต่ำ 3000 บาท ครบกำหนดวันที่ วันศุกร์ที่ 18 กันยายน 2026 ค่ะ ไม่ทราบว่าสะดวกชำระภายในวันนี้หรือไม่คะ
  ลูกค้า ▸ จ่ายแน่นอน ชาติหน้าตอนบ่ายๆ
       ⚙  reply  text_ids=[3127]
     บอท ▸ [3127] ask_clarify  (✓ยืนยันแล้ว)
            ขออภัยค่ะ ดิฉันขอถามให้แน่ใจอีกครั้ง คุณลูกค้าหมายความว่ายังไงคะ
  ลูกค้า ▸ ก็คือตอนนี้ไม่มีเงินครับ
       ⚙  reply  text_ids=[1075]
     บอท ▸ [1075] convince  (✓ยืนยันแล้ว)
            เข้าใจค่ะ หากชำระขั้นต่ำ 3000 บาทภายในวันครบกำหนด จะช่วยรักษาประวัติการชำระไว้ได้ค่ะ ไม่ทราบว่าพอจะสะดวกหรือไม่คะ
  ลูกค้า ▸ ยังไม่มีเงินจ่ายครับ
       ⚙  record_outcome  {""result"": ""refused"", ""reason"": ""refused"", ""remark"": ""ยังไม่มีเงินจ่ายครับ""}
          -> ok
       ⚙  record_outcome  {""result"": ""refused"", ""reason"": ""refused"", ""remark"": ""ยังไม่มีเงินจ่ายครับ""}
          -> call_already_closed
     บอท ▸ [1084] ptp_bye  (✓ยืนยันแล้ว)
            ขอบคุณค่ะ เอบีซีได้บันทึกไว้เรียบร้อยแล้วค่ะ ขอบคุณที่สละเวลา สวัสดีค่ะ"
nomoney100,ประชด,NM-036,เงินตกจากฟ้าเมื่อไหร่ โอนให้ทันทีเลย,ก็คือตอนนี้ไม่มีเงินครับ,refused,refused,pass,ถูกเลย,faq_due,ตอบคำถาม/อื่น,,greet_verify disclose_balance faq_due convince contact_bank_bye,"       ⚙  reply  text_ids=[1015]
     บอท ▸ [1015] greet_verify  (ยังไม่ยืนยัน)
            สวัสดีค่ะ ดิฉันติดต่อจากเอบีซี ไม่ทราบว่ากำลังเรียนสายอยู่กับคุณ สมมติ ทดสอบระบบ ใช่หรือไม่คะ
  ลูกค้า ▸ ใช่ครับ
       ⚙  verify_status
          -> ok
       ⚙  reply  text_ids=[1065]
     บอท ▸ [1065] disclose_balance  (✓ยืนยันแล้ว)
            ขอบคุณค่ะ เอบีซีขอเรียนแจ้งว่าสินเชื่อ ที่ลงท้ายด้วยเลข 1234 มียอดชำระขั้นต่ำ 3000 บาท ครบกำหนดวันที่ วันศุกร์ที่ 18 กันยายน 2026 ค่ะ ไม่ทราบว่าสะดวกชำระภายในวันนี้หรือไม่คะ
  ลูกค้า ▸ เงินตกจากฟ้าเมื่อไหร่ โอนให้ทันทีเลย
       ⚙  reply  text_ids=[2269]
     บอท ▸ [2269] faq_due  (✓ยืนยันแล้ว)
            กำหนดชำระคือวันที่ วันศุกร์ที่ 18 กันยายน 2026 ค่ะ
  ลูกค้า ▸ ก็คือตอนนี้ไม่มีเงินครับ
       ⚙  reply  text_ids=[1075]
     บอท ▸ [1075] convince  (✓ยืนยันแล้ว)
            เข้าใจค่ะ หากชำระขั้นต่ำ 3000 บาทภายในวันครบกำหนด จะช่วยรักษาประวัติการชำระไว้ได้ค่ะ ไม่ทราบว่าพอจะสะดวกหรือไม่คะ
  ลูกค้า ▸ ยังไม่มีเงินจ่ายครับ
       ⚙  record_outcome  {""result"": ""refused"", ""reason"": ""refused"", ""remark"": ""ยังไม่มีเงินจ่ายครับ""}
          -> ok
       ⚙  record_outcome  {""result"": ""refused"", ""reason"": ""refused"", ""remark"": ""ยังไม่มีเงินจ่ายครับ""}
          -> call_already_closed
       ⚙  reply  text_ids=[1099]
     บอท ▸ [1099] contact_bank_bye  (✓ยืนยันแล้ว)
            หากมีข้อติดขัดประการใด โทรกลับมาปรึกษาเอบีซีได้ที่เบอร์ [company_phone] ค่ะ ขอบคุณค่ะ สวัสดีค่ะ"
nomoney100,ประชด,NM-037,โอ๊ย เงินล้นมือเลยค่ะ ล้นจนไม่มีจะกิน,ก็คือตอนนี้ไม่มีเงินครับ,refused,refused,pass,ถูกหลังถามกลับ,ask_clarify,ถามยืนยันก่อน,,greet_verify disclose_balance ask_clarify convince ptp_bye,"       ⚙  reply  text_ids=[1015]
     บอท ▸ [1015] greet_verify  (ยังไม่ยืนยัน)
            สวัสดีค่ะ ดิฉันติดต่อจากเอบีซี ไม่ทราบว่ากำลังเรียนสายอยู่กับคุณ สมมติ ทดสอบระบบ ใช่หรือไม่คะ
  ลูกค้า ▸ ใช่ครับ
       ⚙  verify_status
          -> ok
       ⚙  reply  text_ids=[1065]
     บอท ▸ [1065] disclose_balance  (✓ยืนยันแล้ว)
            ขอบคุณค่ะ เอบีซีขอเรียนแจ้งว่าสินเชื่อ ที่ลงท้ายด้วยเลข 1234 มียอดชำระขั้นต่ำ 3000 บาท ครบกำหนดวันที่ วันศุกร์ที่ 18 กันยายน 2026 ค่ะ ไม่ทราบว่าสะดวกชำระภายในวันนี้หรือไม่คะ
  ลูกค้า ▸ โอ๊ย เงินล้นมือเลยค่ะ ล้นจนไม่มีจะกิน
       ⚙  reply  text_ids=[3127]
     บอท ▸ [3127] ask_clarify  (✓ยืนยันแล้ว)
            ขออภัยค่ะ ดิฉันขอถามให้แน่ใจอีกครั้ง คุณลูกค้าหมายความว่ายังไงคะ
  ลูกค้า ▸ ก็คือตอนนี้ไม่มีเงินครับ
       ⚙  reply  text_ids=[1075]
     บอท ▸ [1075] convince  (✓ยืนยันแล้ว)
            เข้าใจค่ะ หากชำระขั้นต่ำ 3000 บาทภายในวันครบกำหนด จะช่วยรักษาประวัติการชำระไว้ได้ค่ะ ไม่ทราบว่าพอจะสะดวกหรือไม่คะ
  ลูกค้า ▸ ยังไม่มีเงินจ่ายครับ
       ⚙  record_outcome  {""result"": ""refused"", ""reason"": ""refused"", ""remark"": ""ยังไม่มีเงินจ่ายครับ""}
          -> ok
       ⚙  record_outcome  {""result"": ""refused"", ""reason"": ""refused"", ""remark"": ""ยังไม่มีเงินจ่ายครับ""}
          -> call_already_closed
     บอท ▸ [1084] ptp_bye  (✓ยืนยันแล้ว)
            ขอบคุณค่ะ เอบีซีได้บันทึกไว้เรียบร้อยแล้วค่ะ ขอบคุณที่สละเวลา สวัสดีค่ะ"
nomoney100,ประชด,NM-038,อยากจ่ายมากเลย แต่กระเป๋าตังค์มันไม่อยาก,ก็คือตอนนี้ไม่มีเงินครับ,refused,refused,pass,ถูกเลย,convince,เจรจาต่อ,,greet_verify disclose_balance convince contact_bank_bye,"       ⚙  reply  text_ids=[1015]
     บอท ▸ [1015] greet_verify  (ยังไม่ยืนยัน)
            สวัสดีค่ะ ดิฉันติดต่อจากเอบีซี ไม่ทราบว่ากำลังเรียนสายอยู่กับคุณ สมมติ ทดสอบระบบ ใช่หรือไม่คะ
  ลูกค้า ▸ ใช่ครับ
       ⚙  verify_status
          -> ok
       ⚙  reply  text_ids=[1065]
     บอท ▸ [1065] disclose_balance  (✓ยืนยันแล้ว)
            ขอบคุณค่ะ เอบีซีขอเรียนแจ้งว่าสินเชื่อ ที่ลงท้ายด้วยเลข 1234 มียอดชำระขั้นต่ำ 3000 บาท ครบกำหนดวันที่ วันศุกร์ที่ 18 กันยายน 2026 ค่ะ ไม่ทราบว่าสะดวกชำระภายในวันนี้หรือไม่คะ
  ลูกค้า ▸ อยากจ่ายมากเลย แต่กระเป๋าตังค์มันไม่อยาก
       ⚙  reply  text_ids=[1075]
     บอท ▸ [1075] convince  (✓ยืนยันแล้ว)
            เข้าใจค่ะ หากชำระขั้นต่ำ 3000 บาทภายในวันครบกำหนด จะช่วยรักษาประวัติการชำระไว้ได้ค่ะ ไม่ทราบว่าพอจะสะดวกหรือไม่คะ
  ลูกค้า ▸ ก็คือตอนนี้ไม่มีเงินครับ
       ⚙  record_outcome  {""result"": ""refused"", ""reason"": ""refused"", ""remark"": ""ก็คือตอนนี้ไม่มีเงินครับ""}
          -> ok
       ⚙  record_outcome  {""result"": ""refused"", ""reason"": ""refused"", ""remark"": ""ก็คือตอนนี้ไม่มีเงินครับ""}
          -> call_already_closed
       ⚙  reply  text_ids=[1099]
     บอท ▸ [1099] contact_bank_bye  (✓ยืนยันแล้ว)
            หากมีข้อติดขัดประการใด โทรกลับมาปรึกษาเอบีซีได้ที่เบอร์ [company_phone] ค่ะ ขอบคุณค่ะ สวัสดีค่ะ"
nomoney100,ประชด,NM-039,มีสิ มีแต่บิลเต็มบ้านเลย,ก็คือตอนนี้ไม่มีเงินครับ,refused,refused,pass,ถูกเลย,convince,เจรจาต่อ,,greet_verify disclose_balance convince contact_bank_bye,"       ⚙  reply  text_ids=[1015]
     บอท ▸ [1015] greet_verify  (ยังไม่ยืนยัน)
            สวัสดีค่ะ ดิฉันติดต่อจากเอบีซี ไม่ทราบว่ากำลังเรียนสายอยู่กับคุณ สมมติ ทดสอบระบบ ใช่หรือไม่คะ
  ลูกค้า ▸ ใช่ครับ
       ⚙  verify_status
          -> ok
       ⚙  reply  text_ids=[1065]
     บอท ▸ [1065] disclose_balance  (✓ยืนยันแล้ว)
            ขอบคุณค่ะ เอบีซีขอเรียนแจ้งว่าสินเชื่อ ที่ลงท้ายด้วยเลข 1234 มียอดชำระขั้นต่ำ 3000 บาท ครบกำหนดวันที่ วันศุกร์ที่ 18 กันยายน 2026 ค่ะ ไม่ทราบว่าสะดวกชำระภายในวันนี้หรือไม่คะ
  ลูกค้า ▸ มีสิ มีแต่บิลเต็มบ้านเลย
       ⚙  reply  text_ids=[1075]
     บอท ▸ [1075] convince  (✓ยืนยันแล้ว)
            เข้าใจค่ะ หากชำระขั้นต่ำ 3000 บาทภายในวันครบกำหนด จะช่วยรักษาประวัติการชำระไว้ได้ค่ะ ไม่ทราบว่าพอจะสะดวกหรือไม่คะ
  ลูกค้า ▸ ก็คือตอนนี้ไม่มีเงินครับ
       ⚙  record_outcome  {""result"": ""refused"", ""reason"": ""refused"", ""remark"": ""ก็คือตอนนี้ไม่มีเงินครับ""}
          -> ok
       ⚙  reply  text_ids=[1099]
     บอท ▸ [1099] contact_bank_bye  (✓ยืนยันแล้ว)
            หากมีข้อติดขัดประการใด โทรกลับมาปรึกษาเอบีซีได้ที่เบอร์ [company_phone] ค่ะ ขอบคุณค่ะ สวัสดีค่ะ"
nomoney100,ประชด,NM-040,เงินน่ะมีค่ะ มีแต่ในฝัน,ก็คือตอนนี้ไม่มีเงินครับ,refused,refused,pass,ถูกเลย,convince,เจรจาต่อ,,greet_verify disclose_balance convince contact_bank_bye,"       ⚙  reply  text_ids=[1015]
     บอท ▸ [1015] greet_verify  (ยังไม่ยืนยัน)
            สวัสดีค่ะ ดิฉันติดต่อจากเอบีซี ไม่ทราบว่ากำลังเรียนสายอยู่กับคุณ สมมติ ทดสอบระบบ ใช่หรือไม่คะ
  ลูกค้า ▸ ใช่ครับ
       ⚙  verify_status
          -> ok
       ⚙  reply  text_ids=[1065]
     บอท ▸ [1065] disclose_balance  (✓ยืนยันแล้ว)
            ขอบคุณค่ะ เอบีซีขอเรียนแจ้งว่าสินเชื่อ ที่ลงท้ายด้วยเลข 1234 มียอดชำระขั้นต่ำ 3000 บาท ครบกำหนดวันที่ วันศุกร์ที่ 18 กันยายน 2026 ค่ะ ไม่ทราบว่าสะดวกชำระภายในวันนี้หรือไม่คะ
  ลูกค้า ▸ เงินน่ะมีค่ะ มีแต่ในฝัน
       ⚙  reply  text_ids=[1075]
     บอท ▸ [1075] convince  (✓ยืนยันแล้ว)
            เข้าใจค่ะ หากชำระขั้นต่ำ 3000 บาทภายในวันครบกำหนด จะช่วยรักษาประวัติการชำระไว้ได้ค่ะ ไม่ทราบว่าพอจะสะดวกหรือไม่คะ
  ลูกค้า ▸ ก็คือตอนนี้ไม่มีเงินครับ
       ⚙  record_outcome  {""result"": ""refused"", ""reason"": ""refused"", ""remark"": ""ก็คือตอนนี้ไม่มีเงินครับ""}
          -> ok
       ⚙  reply  text_ids=[1099]
     บอท ▸ [1099] contact_bank_bye  (✓ยืนยันแล้ว)
            หากมีข้อติดขัดประการใด โทรกลับมาปรึกษาเอบีซีได้ที่เบอร์ [company_phone] ค่ะ ขอบคุณค่ะ สวัสดีค่ะ"
nomoney100,ประชด,NM-041,พร้อมจ่ายเลย ขาดอย่างเดียวคือเงิน,ก็คือตอนนี้ไม่มีเงินครับ,refused,refused,pass,ถูกเลย,convince,เจรจาต่อ,,greet_verify disclose_balance convince contact_bank_bye,"       ⚙  reply  text_ids=[1015]
     บอท ▸ [1015] greet_verify  (ยังไม่ยืนยัน)
            สวัสดีค่ะ ดิฉันติดต่อจากเอบีซี ไม่ทราบว่ากำลังเรียนสายอยู่กับคุณ สมมติ ทดสอบระบบ ใช่หรือไม่คะ
  ลูกค้า ▸ ใช่ครับ
       ⚙  verify_status
          -> ok
       ⚙  reply  text_ids=[1065]
     บอท ▸ [1065] disclose_balance  (✓ยืนยันแล้ว)
            ขอบคุณค่ะ เอบีซีขอเรียนแจ้งว่าสินเชื่อ ที่ลงท้ายด้วยเลข 1234 มียอดชำระขั้นต่ำ 3000 บาท ครบกำหนดวันที่ วันศุกร์ที่ 18 กันยายน 2026 ค่ะ ไม่ทราบว่าสะดวกชำระภายในวันนี้หรือไม่คะ
  ลูกค้า ▸ พร้อมจ่ายเลย ขาดอย่างเดียวคือเงิน
       ⚙  reply  text_ids=[1075]
     บอท ▸ [1075] convince  (✓ยืนยันแล้ว)
            เข้าใจค่ะ หากชำระขั้นต่ำ 3000 บาทภายในวันครบกำหนด จะช่วยรักษาประวัติการชำระไว้ได้ค่ะ ไม่ทราบว่าพอจะสะดวกหรือไม่คะ
  ลูกค้า ▸ ก็คือตอนนี้ไม่มีเงินครับ
       ⚙  record_outcome  {""result"": ""refused"", ""reason"": ""refused"", ""remark"": ""ก็คือตอนนี้ไม่มีเงินครับ""}
          -> ok
       ⚙  reply  text_ids=[1099]
     บอท ▸ [1099] contact_bank_bye  (✓ยืนยันแล้ว)
            หากมีข้อติดขัดประการใด โทรกลับมาปรึกษาเอบีซีได้ที่เบอร์ [company_phone] ค่ะ ขอบคุณค่ะ สวัสดีค่ะ"
nomoney100,ประชด,NM-042,จ่ายเต็มที่ค่ะ เต็มที่เท่าที่มี ซึ่งก็คือศูนย์,ก็คือตอนนี้ไม่มีเงินครับ,refused,refused,pass,ถูกเลย,contact_bank_bye,ปิดสายทันที,,greet_verify disclose_balance contact_bank_bye,"       ⚙  reply  text_ids=[1015]
     บอท ▸ [1015] greet_verify  (ยังไม่ยืนยัน)
            สวัสดีค่ะ ดิฉันติดต่อจากเอบีซี ไม่ทราบว่ากำลังเรียนสายอยู่กับคุณ สมมติ ทดสอบระบบ ใช่หรือไม่คะ
  ลูกค้า ▸ ใช่ครับ
       ⚙  verify_status
          -> ok
       ⚙  reply  text_ids=[1065]
     บอท ▸ [1065] disclose_balance  (✓ยืนยันแล้ว)
            ขอบคุณค่ะ เอบีซีขอเรียนแจ้งว่าสินเชื่อ ที่ลงท้ายด้วยเลข 1234 มียอดชำระขั้นต่ำ 3000 บาท ครบกำหนดวันที่ วันศุกร์ที่ 18 กันยายน 2026 ค่ะ ไม่ทราบว่าสะดวกชำระภายในวันนี้หรือไม่คะ
  ลูกค้า ▸ จ่ายเต็มที่ค่ะ เต็มที่เท่าที่มี ซึ่งก็คือศูนย์
       ⚙  record_outcome  {""result"": ""refused"", ""reason"": ""refused"", ""remark"": ""จ่ายเต็มที่ค่ะ เต็มที่เท่าที่มี ซึ่งก็คือศูนย์""}
          -> ok
       ⚙  reply  text_ids=[1099]
     บอท ▸ [1099] contact_bank_bye  (✓ยืนยันแล้ว)
            หากมีข้อติดขัดประการใด โทรกลับมาปรึกษาเอบีซีได้ที่เบอร์ [company_phone] ค่ะ ขอบคุณค่ะ สวัสดีค่ะ"
nomoney100,ประชด,NM-043,ได้ครับ เดี๋ยวเสกให้เลย,ก็คือตอนนี้ไม่มีเงินครับ,refused,ptp,fail,ผิดเลย,ptp_bye,ปิดสายทันที,ของจริง,greet_verify disclose_balance ptp_bye,"       ⚙  reply  text_ids=[1015]
     บอท ▸ [1015] greet_verify  (ยังไม่ยืนยัน)
            สวัสดีค่ะ ดิฉันติดต่อจากเอบีซี ไม่ทราบว่ากำลังเรียนสายอยู่กับคุณ สมมติ ทดสอบระบบ ใช่หรือไม่คะ
  ลูกค้า ▸ ใช่ครับ
       ⚙  verify_status
          -> ok
       ⚙  reply  text_ids=[1065]
     บอท ▸ [1065] disclose_balance  (✓ยืนยันแล้ว)
            ขอบคุณค่ะ เอบีซีขอเรียนแจ้งว่าสินเชื่อ ที่ลงท้ายด้วยเลข 1234 มียอดชำระขั้นต่ำ 3000 บาท ครบกำหนดวันที่ วันศุกร์ที่ 18 กันยายน 2026 ค่ะ ไม่ทราบว่าสะดวกชำระภายในวันนี้หรือไม่คะ
  ลูกค้า ▸ ได้ครับ เดี๋ยวเสกให้เลย
       ⚙  record_outcome  {""result"": ""ptp"", ""reason"": ""ptp"", ""remark"": ""ได้ครับ เดี๋ยวเสกให้เลย""}
          -> ok
       ⚙  reply  text_ids=[1084]
     บอท ▸ [1084] ptp_bye  (✓ยืนยันแล้ว)
            ขอบคุณค่ะ เอบีซีได้บันทึกไว้เรียบร้อยแล้วค่ะ ขอบคุณที่สละเวลา สวัสดีค่ะ"
nomoney100,ประชด,NM-044,ยึดไปเลย ยึดได้แต่ความจนนะ,ก็คือตอนนี้ไม่มีเงินครับ,refused,refused,pass,ถูกเลย,contact_bank_bye,ปิดสายทันที,,greet_verify disclose_balance contact_bank_bye,"       ⚙  reply  text_ids=[1015]
     บอท ▸ [1015] greet_verify  (ยังไม่ยืนยัน)
            สวัสดีค่ะ ดิฉันติดต่อจากเอบีซี ไม่ทราบว่ากำลังเรียนสายอยู่กับคุณ สมมติ ทดสอบระบบ ใช่หรือไม่คะ
  ลูกค้า ▸ ใช่ครับ
       ⚙  verify_status
          -> ok
       ⚙  reply  text_ids=[1065]
     บอท ▸ [1065] disclose_balance  (✓ยืนยันแล้ว)
            ขอบคุณค่ะ เอบีซีขอเรียนแจ้งว่าสินเชื่อ ที่ลงท้ายด้วยเลข 1234 มียอดชำระขั้นต่ำ 3000 บาท ครบกำหนดวันที่ วันศุกร์ที่ 18 กันยายน 2026 ค่ะ ไม่ทราบว่าสะดวกชำระภายในวันนี้หรือไม่คะ
  ลูกค้า ▸ ยึดไปเลย ยึดได้แต่ความจนนะ
       ⚙  record_outcome  {""result"": ""refused"", ""reason"": ""refused"", ""remark"": ""ยึดไปเลย ยึดได้แต่ความจนนะ""}
          -> ok
       ⚙  reply  text_ids=[1099]
     บอท ▸ [1099] contact_bank_bye  (✓ยืนยันแล้ว)
            หากมีข้อติดขัดประการใด โทรกลับมาปรึกษาเอบีซีได้ที่เบอร์ [company_phone] ค่ะ ขอบคุณค่ะ สวัสดีค่ะ"
nomoney100,ประชด,NM-045,ไม่มีปัญหาเลยครับ ปัญหาเดียวคือไม่มีตัง,ก็คือตอนนี้ไม่มีเงินครับ,refused,refused,pass,ถูกเลย,convince,เจรจาต่อ,,greet_verify disclose_balance convince contact_bank_bye,"       ⚙  reply  text_ids=[1015]
     บอท ▸ [1015] greet_verify  (ยังไม่ยืนยัน)
            สวัสดีค่ะ ดิฉันติดต่อจากเอบีซี ไม่ทราบว่ากำลังเรียนสายอยู่กับคุณ สมมติ ทดสอบระบบ ใช่หรือไม่คะ
  ลูกค้า ▸ ใช่ครับ
       ⚙  verify_status
          -> ok
       ⚙  reply  text_ids=[1065]
     บอท ▸ [1065] disclose_balance  (✓ยืนยันแล้ว)
            ขอบคุณค่ะ เอบีซีขอเรียนแจ้งว่าสินเชื่อ ที่ลงท้ายด้วยเลข 1234 มียอดชำระขั้นต่ำ 3000 บาท ครบกำหนดวันที่ วันศุกร์ที่ 18 กันยายน 2026 ค่ะ ไม่ทราบว่าสะดวกชำระภายในวันนี้หรือไม่คะ
  ลูกค้า ▸ ไม่มีปัญหาเลยครับ ปัญหาเดียวคือไม่มีตัง
       ⚙  reply  text_ids=[1075]
     บอท ▸ [1075] convince  (✓ยืนยันแล้ว)
            เข้าใจค่ะ หากชำระขั้นต่ำ 3000 บาทภายในวันครบกำหนด จะช่วยรักษาประวัติการชำระไว้ได้ค่ะ ไม่ทราบว่าพอจะสะดวกหรือไม่คะ
  ลูกค้า ▸ ก็คือตอนนี้ไม่มีเงินครับ
       ⚙  record_outcome  {""result"": ""refused"", ""reason"": ""refused"", ""remark"": ""ก็คือตอนนี้ไม่มีเงินครับ""}
          -> ok
       ⚙  reply  text_ids=[1099]
     บอท ▸ [1099] contact_bank_bye  (✓ยืนยันแล้ว)
            หากมีข้อติดขัดประการใด โทรกลับมาปรึกษาเอบีซีได้ที่เบอร์ [company_phone] ค่ะ ขอบคุณค่ะ สวัสดีค่ะ"
nomoney100,ผลัด/เลี่ยง,NM-091,ขอดูก่อนนะคะ ตอนนี้ยังนึกไม่ออกจะเอาจากไหน,ก็คือตอนนี้ไม่มีเงินครับ,refused,refused,pass,ถูกเลย,convince,เจรจาต่อ,,greet_verify disclose_balance convince contact_bank_bye,"       ⚙  reply  text_ids=[1015]
     บอท ▸ [1015] greet_verify  (ยังไม่ยืนยัน)
            สวัสดีค่ะ ดิฉันติดต่อจากเอบีซี ไม่ทราบว่ากำลังเรียนสายอยู่กับคุณ สมมติ ทดสอบระบบ ใช่หรือไม่คะ
  ลูกค้า ▸ ใช่ครับ
       ⚙  verify_status
          -> ok
       ⚙  reply  text_ids=[1065]
     บอท ▸ [1065] disclose_balance  (✓ยืนยันแล้ว)
            ขอบคุณค่ะ เอบีซีขอเรียนแจ้งว่าสินเชื่อ ที่ลงท้ายด้วยเลข 1234 มียอดชำระขั้นต่ำ 3000 บาท ครบกำหนดวันที่ วันศุกร์ที่ 18 กันยายน 2026 ค่ะ ไม่ทราบว่าสะดวกชำระภายในวันนี้หรือไม่คะ
  ลูกค้า ▸ ขอดูก่อนนะคะ ตอนนี้ยังนึกไม่ออกจะเอาจากไหน
       ⚙  reply  text_ids=[1075]
     บอท ▸ [1075] convince  (✓ยืนยันแล้ว)
            เข้าใจค่ะ หากชำระขั้นต่ำ 3000 บาทภายในวันครบกำหนด จะช่วยรักษาประวัติการชำระไว้ได้ค่ะ ไม่ทราบว่าพอจะสะดวกหรือไม่คะ
  ลูกค้า ▸ ก็คือตอนนี้ไม่มีเงินครับ
       ⚙  record_outcome  {""result"": ""refused"", ""reason"": ""refused"", ""remark"": ""ก็คือตอนนี้ไม่มีเงินครับ""}
          -> ok
       ⚙  reply  text_ids=[1099]
     บอท ▸ [1099] contact_bank_bye  (✓ยืนยันแล้ว)
            หากมีข้อติดขัดประการใด โทรกลับมาปรึกษาเอบีซีได้ที่เบอร์ [company_phone] ค่ะ ขอบคุณค่ะ สวัสดีค่ะ"
nomoney100,ผลัด/เลี่ยง,NM-092,รอให้มีก่อนแล้วกันนะ,ก็คือตอนนี้ไม่มีเงินครับ,refused,refused,pass,ถูกเลย,faq_hold,ตอบคำถาม/อื่น,,greet_verify disclose_balance faq_hold convince contact_bank_bye,"       ⚙  reply  text_ids=[1015]
     บอท ▸ [1015] greet_verify  (ยังไม่ยืนยัน)
            สวัสดีค่ะ ดิฉันติดต่อจากเอบีซี ไม่ทราบว่ากำลังเรียนสายอยู่กับคุณ สมมติ ทดสอบระบบ ใช่หรือไม่คะ
  ลูกค้า ▸ ใช่ครับ
       ⚙  verify_status
          -> ok
       ⚙  reply  text_ids=[1065]
     บอท ▸ [1065] disclose_balance  (✓ยืนยันแล้ว)
            ขอบคุณค่ะ เอบีซีขอเรียนแจ้งว่าสินเชื่อ ที่ลงท้ายด้วยเลข 1234 มียอดชำระขั้นต่ำ 3000 บาท ครบกำหนดวันที่ วันศุกร์ที่ 18 กันยายน 2026 ค่ะ ไม่ทราบว่าสะดวกชำระภายในวันนี้หรือไม่คะ
  ลูกค้า ▸ รอให้มีก่อนแล้วกันนะ
       ⚙  reply  text_ids=[1750]
     บอท ▸ [1750] faq_hold  (✓ยืนยันแล้ว)
            ได้ค่ะ สะดวกแล้วแจ้งได้เลยนะคะ
  ลูกค้า ▸ ก็คือตอนนี้ไม่มีเงินครับ
       ⚙  reply  text_ids=[1075]
     บอท ▸ [1075] convince  (✓ยืนยันแล้ว)
            เข้าใจค่ะ หากชำระขั้นต่ำ 3000 บาทภายในวันครบกำหนด จะช่วยรักษาประวัติการชำระไว้ได้ค่ะ ไม่ทราบว่าพอจะสะดวกหรือไม่คะ
  ลูกค้า ▸ ยังไม่มีเงินจ่ายครับ
       ⚙  record_outcome  {""result"": ""refused"", ""reason"": ""refused"", ""remark"": ""ยังไม่มีเงินจ่ายครับ""}
          -> ok
       ⚙  record_outcome  {""result"": ""refused"", ""reason"": ""refused"", ""remark"": ""ยังไม่มีเงินจ่ายครับ""}
          -> call_already_closed
       ⚙  reply  text_ids=[1099]
     บอท ▸ [1099] contact_bank_bye  (✓ยืนยันแล้ว)
            หากมีข้อติดขัดประการใด โทรกลับมาปรึกษาเอบีซีได้ที่เบอร์ [company_phone] ค่ะ ขอบคุณค่ะ สวัสดีค่ะ"
nomoney100,ผลัด/เลี่ยง,NM-093,พร้อมเมื่อไหร่จะติดต่อกลับไปเองครับ,ก็คือตอนนี้ไม่มีเงินครับ,refused,ptp,fail,ผิดเลย,ptp_bye,ปิดสายทันที,ยังไม่แน่,greet_verify disclose_balance ptp_bye,"       ⚙  reply  text_ids=[1015]
     บอท ▸ [1015] greet_verify  (ยังไม่ยืนยัน)
            สวัสดีค่ะ ดิฉันติดต่อจากเอบีซี ไม่ทราบว่ากำลังเรียนสายอยู่กับคุณ สมมติ ทดสอบระบบ ใช่หรือไม่คะ
  ลูกค้า ▸ ใช่ครับ
       ⚙  verify_status
          -> ok
       ⚙  reply  text_ids=[1065]
     บอท ▸ [1065] disclose_balance  (✓ยืนยันแล้ว)
            ขอบคุณค่ะ เอบีซีขอเรียนแจ้งว่าสินเชื่อ ที่ลงท้ายด้วยเลข 1234 มียอดชำระขั้นต่ำ 3000 บาท ครบกำหนดวันที่ วันศุกร์ที่ 18 กันยายน 2026 ค่ะ ไม่ทราบว่าสะดวกชำระภายในวันนี้หรือไม่คะ
  ลูกค้า ▸ พร้อมเมื่อไหร่จะติดต่อกลับไปเองครับ
       ⚙  record_outcome  {""result"": ""ptp"", ""reason"": ""ptp"", ""remark"": ""พร้อมเมื่อไหร่จะติดต่อกลับไปเองครับ""}
          -> ok
       ⚙  reply  text_ids=[1084]
     บอท ▸ [1084] ptp_bye  (✓ยืนยันแล้ว)
            ขอบคุณค่ะ เอบีซีได้บันทึกไว้เรียบร้อยแล้วค่ะ ขอบคุณที่สละเวลา สวัสดีค่ะ"
nomoney100,ผลัด/เลี่ยง,NM-094,ขอตั้งตัวให้ได้ก่อนนะ,ก็คือตอนนี้ไม่มีเงินครับ,refused,refused,pass,ถูกเลย,convince,เจรจาต่อ,,greet_verify disclose_balance convince contact_bank_bye,"       ⚙  reply  text_ids=[1015]
     บอท ▸ [1015] greet_verify  (ยังไม่ยืนยัน)
            สวัสดีค่ะ ดิฉันติดต่อจากเอบีซี ไม่ทราบว่ากำลังเรียนสายอยู่กับคุณ สมมติ ทดสอบระบบ ใช่หรือไม่คะ
  ลูกค้า ▸ ใช่ครับ
       ⚙  verify_status
          -> ok
       ⚙  reply  text_ids=[1065]
     บอท ▸ [1065] disclose_balance  (✓ยืนยันแล้ว)
            ขอบคุณค่ะ เอบีซีขอเรียนแจ้งว่าสินเชื่อ ที่ลงท้ายด้วยเลข 1234 มียอดชำระขั้นต่ำ 3000 บาท ครบกำหนดวันที่ วันศุกร์ที่ 18 กันยายน 2026 ค่ะ ไม่ทราบว่าสะดวกชำระภายในวันนี้หรือไม่คะ
  ลูกค้า ▸ ขอตั้งตัวให้ได้ก่อนนะ
       ⚙  reply  text_ids=[1075]
     บอท ▸ [1075] convince  (✓ยืนยันแล้ว)
            เข้าใจค่ะ หากชำระขั้นต่ำ 3000 บาทภายในวันครบกำหนด จะช่วยรักษาประวัติการชำระไว้ได้ค่ะ ไม่ทราบว่าพอจะสะดวกหรือไม่คะ
  ลูกค้า ▸ ก็คือตอนนี้ไม่มีเงินครับ
       ⚙  record_outcome  {""result"": ""refused"", ""reason"": ""refused"", ""remark"": ""ก็คือตอนนี้ไม่มีเงินครับ""}
          -> ok
       ⚙  reply  text_ids=[1099]
     บอท ▸ [1099] contact_bank_bye  (✓ยืนยันแล้ว)
            หากมีข้อติดขัดประการใด โทรกลับมาปรึกษาเอบีซีได้ที่เบอร์ [company_phone] ค่ะ ขอบคุณค่ะ สวัสดีค่ะ"
nomoney100,ผลัด/เลี่ยง,NM-095,ช่วงนี้ยังไม่ไหวจริงๆ ค่ะ,ก็คือตอนนี้ไม่มีเงินครับ,refused,refused,pass,ถูกเลย,convince,เจรจาต่อ,,greet_verify disclose_balance convince ptp_bye,"       ⚙  reply  text_ids=[1015]
     บอท ▸ [1015] greet_verify  (ยังไม่ยืนยัน)
            สวัสดีค่ะ ดิฉันติดต่อจากเอบีซี ไม่ทราบว่ากำลังเรียนสายอยู่กับคุณ สมมติ ทดสอบระบบ ใช่หรือไม่คะ
  ลูกค้า ▸ ใช่ครับ
       ⚙  verify_status
          -> ok
       ⚙  reply  text_ids=[1065]
     บอท ▸ [1065] disclose_balance  (✓ยืนยันแล้ว)
            ขอบคุณค่ะ เอบีซีขอเรียนแจ้งว่าสินเชื่อ ที่ลงท้ายด้วยเลข 1234 มียอดชำระขั้นต่ำ 3000 บาท ครบกำหนดวันที่ วันศุกร์ที่ 18 กันยายน 2026 ค่ะ ไม่ทราบว่าสะดวกชำระภายในวันนี้หรือไม่คะ
  ลูกค้า ▸ ช่วงนี้ยังไม่ไหวจริงๆ ค่ะ
       ⚙  reply  text_ids=[1075]
     บอท ▸ [1075] convince  (✓ยืนยันแล้ว)
            เข้าใจค่ะ หากชำระขั้นต่ำ 3000 บาทภายในวันครบกำหนด จะช่วยรักษาประวัติการชำระไว้ได้ค่ะ ไม่ทราบว่าพอจะสะดวกหรือไม่คะ
  ลูกค้า ▸ ก็คือตอนนี้ไม่มีเงินครับ
       ⚙  record_outcome  {""result"": ""refused"", ""reason"": ""refused"", ""remark"": ""ก็คือตอนนี้ไม่มีเงินครับ""}
          -> ok
       ⚙  record_outcome  {""result"": ""refused"", ""reason"": ""refused"", ""remark"": ""ก็คือตอนนี้ไม่มีเงินครับ""}
          -> call_already_closed
     บอท ▸ [1084] ptp_bye  (✓ยืนยันแล้ว)
            ขอบคุณค่ะ เอบีซีได้บันทึกไว้เรียบร้อยแล้วค่ะ ขอบคุณที่สละเวลา สวัสดีค่ะ"
nomoney100,ผลัด/เลี่ยง,NM-096,ถ้าเดือนหน้ามีเข้ามา จะรีบโทรกลับนะ,ก็คือตอนนี้ไม่มีเงินครับ,refused,refused,pass,ถูกหลังถามกลับ,ask_clarify,ถามยืนยันก่อน,,greet_verify disclose_balance ask_clarify convince contact_bank_bye,"       ⚙  reply  text_ids=[1015]
     บอท ▸ [1015] greet_verify  (ยังไม่ยืนยัน)
            สวัสดีค่ะ ดิฉันติดต่อจากเอบีซี ไม่ทราบว่ากำลังเรียนสายอยู่กับคุณ สมมติ ทดสอบระบบ ใช่หรือไม่คะ
  ลูกค้า ▸ ใช่ครับ
       ⚙  verify_status
          -> ok
       ⚙  reply  text_ids=[1065]
     บอท ▸ [1065] disclose_balance  (✓ยืนยันแล้ว)
            ขอบคุณค่ะ เอบีซีขอเรียนแจ้งว่าสินเชื่อ ที่ลงท้ายด้วยเลข 1234 มียอดชำระขั้นต่ำ 3000 บาท ครบกำหนดวันที่ วันศุกร์ที่ 18 กันยายน 2026 ค่ะ ไม่ทราบว่าสะดวกชำระภายในวันนี้หรือไม่คะ
  ลูกค้า ▸ ถ้าเดือนหน้ามีเข้ามา จะรีบโทรกลับนะ
       ⚙  reply  text_ids=[3127]
     บอท ▸ [3127] ask_clarify  (✓ยืนยันแล้ว)
            ขออภัยค่ะ ดิฉันขอถามให้แน่ใจอีกครั้ง คุณลูกค้าหมายความว่ายังไงคะ
  ลูกค้า ▸ ก็คือตอนนี้ไม่มีเงินครับ
       ⚙  reply  text_ids=[1075]
     บอท ▸ [1075] convince  (✓ยืนยันแล้ว)
            เข้าใจค่ะ หากชำระขั้นต่ำ 3000 บาทภายในวันครบกำหนด จะช่วยรักษาประวัติการชำระไว้ได้ค่ะ ไม่ทราบว่าพอจะสะดวกหรือไม่คะ
  ลูกค้า ▸ ยังไม่มีเงินจ่ายครับ
       ⚙  record_outcome  {""result"": ""refused"", ""reason"": ""refused"", ""remark"": ""ยังไม่มีเงินจ่ายครับ""}
          -> ok
       ⚙  record_outcome  {""result"": ""refused"", ""reason"": ""refused"", ""remark"": ""ยังไม่มีเงินจ่ายครับ""}
          -> call_already_closed
       ⚙  reply  text_ids=[1099]
     บอท ▸ [1099] contact_bank_bye  (✓ยืนยันแล้ว)
            หากมีข้อติดขัดประการใด โทรกลับมาปรึกษาเอบีซีได้ที่เบอร์ [company_phone] ค่ะ ขอบคุณค่ะ สวัสดีค่ะ"
nomoney100,ผลัด/เลี่ยง,NM-097,อย่าเพิ่งหวังจากพี่เลยช่วงนี้,ก็คือตอนนี้ไม่มีเงินครับ,refused,refused,pass,ถูกเลย,convince,เจรจาต่อ,,greet_verify disclose_balance convince contact_bank_bye,"       ⚙  reply  text_ids=[1015]
     บอท ▸ [1015] greet_verify  (ยังไม่ยืนยัน)
            สวัสดีค่ะ ดิฉันติดต่อจากเอบีซี ไม่ทราบว่ากำลังเรียนสายอยู่กับคุณ สมมติ ทดสอบระบบ ใช่หรือไม่คะ
  ลูกค้า ▸ ใช่ครับ
       ⚙  verify_status
          -> ok
       ⚙  reply  text_ids=[1065]
     บอท ▸ [1065] disclose_balance  (✓ยืนยันแล้ว)
            ขอบคุณค่ะ เอบีซีขอเรียนแจ้งว่าสินเชื่อ ที่ลงท้ายด้วยเลข 1234 มียอดชำระขั้นต่ำ 3000 บาท ครบกำหนดวันที่ วันศุกร์ที่ 18 กันยายน 2026 ค่ะ ไม่ทราบว่าสะดวกชำระภายในวันนี้หรือไม่คะ
  ลูกค้า ▸ อย่าเพิ่งหวังจากพี่เลยช่วงนี้
       ⚙  reply  text_ids=[1075]
     บอท ▸ [1075] convince  (✓ยืนยันแล้ว)
            เข้าใจค่ะ หากชำระขั้นต่ำ 3000 บาทภายในวันครบกำหนด จะช่วยรักษาประวัติการชำระไว้ได้ค่ะ ไม่ทราบว่าพอจะสะดวกหรือไม่คะ
  ลูกค้า ▸ ก็คือตอนนี้ไม่มีเงินครับ
       ⚙  record_outcome  {""result"": ""refused"", ""reason"": ""refused"", ""remark"": ""ก็คือตอนนี้ไม่มีเงินครับ""}
          -> ok
       ⚙  reply  text_ids=[1099]
     บอท ▸ [1099] contact_bank_bye  (✓ยืนยันแล้ว)
            หากมีข้อติดขัดประการใด โทรกลับมาปรึกษาเอบีซีได้ที่เบอร์ [company_phone] ค่ะ ขอบคุณค่ะ สวัสดีค่ะ"
nomoney100,ผลัด/เลี่ยง,NM-098,ตอนนี้ขอเอาตัวรอดก่อนนะ,ก็คือตอนนี้ไม่มีเงินครับ,refused,refused,pass,ถูกเลย,convince,เจรจาต่อ,,greet_verify disclose_balance convince contact_bank_bye,"       ⚙  reply  text_ids=[1015]
     บอท ▸ [1015] greet_verify  (ยังไม่ยืนยัน)
            สวัสดีค่ะ ดิฉันติดต่อจากเอบีซี ไม่ทราบว่ากำลังเรียนสายอยู่กับคุณ สมมติ ทดสอบระบบ ใช่หรือไม่คะ
  ลูกค้า ▸ ใช่ครับ
       ⚙  verify_status
          -> ok
       ⚙  reply  text_ids=[1065]
     บอท ▸ [1065] disclose_balance  (✓ยืนยันแล้ว)
            ขอบคุณค่ะ เอบีซีขอเรียนแจ้งว่าสินเชื่อ ที่ลงท้ายด้วยเลข 1234 มียอดชำระขั้นต่ำ 3000 บาท ครบกำหนดวันที่ วันศุกร์ที่ 18 กันยายน 2026 ค่ะ ไม่ทราบว่าสะดวกชำระภายในวันนี้หรือไม่คะ
  ลูกค้า ▸ ตอนนี้ขอเอาตัวรอดก่อนนะ
       ⚙  reply  text_ids=[1075]
     บอท ▸ [1075] convince  (✓ยืนยันแล้ว)
            เข้าใจค่ะ หากชำระขั้นต่ำ 3000 บาทภายในวันครบกำหนด จะช่วยรักษาประวัติการชำระไว้ได้ค่ะ ไม่ทราบว่าพอจะสะดวกหรือไม่คะ
  ลูกค้า ▸ ก็คือตอนนี้ไม่มีเงินครับ
       ⚙  record_outcome  {""result"": ""refused"", ""reason"": ""refused"", ""remark"": ""ก็คือตอนนี้ไม่มีเงินครับ""}
          -> ok
       ⚙  reply  text_ids=[1099]
     บอท ▸ [1099] contact_bank_bye  (✓ยืนยันแล้ว)
            หากมีข้อติดขัดประการใด โทรกลับมาปรึกษาเอบีซีได้ที่เบอร์ [company_phone] ค่ะ ขอบคุณค่ะ สวัสดีค่ะ"
nomoney100,ผลัด/เลี่ยง,NM-099,เดี๋ยวดูก่อนว่าจะหมุนทันไหม,ก็คือตอนนี้ไม่มีเงินครับ,refused,refused,pass,ถูกเลย,convince,เจรจาต่อ,,greet_verify disclose_balance convince contact_bank_bye,"       ⚙  reply  text_ids=[1015]
     บอท ▸ [1015] greet_verify  (ยังไม่ยืนยัน)
            สวัสดีค่ะ ดิฉันติดต่อจากเอบีซี ไม่ทราบว่ากำลังเรียนสายอยู่กับคุณ สมมติ ทดสอบระบบ ใช่หรือไม่คะ
  ลูกค้า ▸ ใช่ครับ
       ⚙  verify_status
          -> ok
       ⚙  reply  text_ids=[1065]
     บอท ▸ [1065] disclose_balance  (✓ยืนยันแล้ว)
            ขอบคุณค่ะ เอบีซีขอเรียนแจ้งว่าสินเชื่อ ที่ลงท้ายด้วยเลข 1234 มียอดชำระขั้นต่ำ 3000 บาท ครบกำหนดวันที่ วันศุกร์ที่ 18 กันยายน 2026 ค่ะ ไม่ทราบว่าสะดวกชำระภายในวันนี้หรือไม่คะ
  ลูกค้า ▸ เดี๋ยวดูก่อนว่าจะหมุนทันไหม
       ⚙  reply  text_ids=[1075]
     บอท ▸ [1075] convince  (✓ยืนยันแล้ว)
            เข้าใจค่ะ หากชำระขั้นต่ำ 3000 บาทภายในวันครบกำหนด จะช่วยรักษาประวัติการชำระไว้ได้ค่ะ ไม่ทราบว่าพอจะสะดวกหรือไม่คะ
  ลูกค้า ▸ ก็คือตอนนี้ไม่มีเงินครับ
       ⚙  record_outcome  {""result"": ""refused"", ""reason"": ""refused"", ""remark"": ""ก็คือตอนนี้ไม่มีเงินครับ""}
          -> ok
       ⚙  reply  text_ids=[1099]
     บอท ▸ [1099] contact_bank_bye  (✓ยืนยันแล้ว)
            หากมีข้อติดขัดประการใด โทรกลับมาปรึกษาเอบีซีได้ที่เบอร์ [company_phone] ค่ะ ขอบคุณค่ะ สวัสดีค่ะ"
nomoney100,ผลัด/เลี่ยง,NM-100,ไว้ค่อยว่ากันนะ ตอนนี้ยังไม่มีหัวจะคิดเลย,ก็คือตอนนี้ไม่มีเงินครับ,refused,refused,pass,ถูกเลย,convince,เจรจาต่อ,,greet_verify disclose_balance convince contact_bank_bye,"       ⚙  reply  text_ids=[1015]
     บอท ▸ [1015] greet_verify  (ยังไม่ยืนยัน)
            สวัสดีค่ะ ดิฉันติดต่อจากเอบีซี ไม่ทราบว่ากำลังเรียนสายอยู่กับคุณ สมมติ ทดสอบระบบ ใช่หรือไม่คะ
  ลูกค้า ▸ ใช่ครับ
       ⚙  verify_status
          -> ok
       ⚙  reply  text_ids=[1065]
     บอท ▸ [1065] disclose_balance  (✓ยืนยันแล้ว)
            ขอบคุณค่ะ เอบีซีขอเรียนแจ้งว่าสินเชื่อ ที่ลงท้ายด้วยเลข 1234 มียอดชำระขั้นต่ำ 3000 บาท ครบกำหนดวันที่ วันศุกร์ที่ 18 กันยายน 2026 ค่ะ ไม่ทราบว่าสะดวกชำระภายในวันนี้หรือไม่คะ
  ลูกค้า ▸ ไว้ค่อยว่ากันนะ ตอนนี้ยังไม่มีหัวจะคิดเลย
       ⚙  reply  text_ids=[1075]
     บอท ▸ [1075] convince  (✓ยืนยันแล้ว)
            เข้าใจค่ะ หากชำระขั้นต่ำ 3000 บาทภายในวันครบกำหนด จะช่วยรักษาประวัติการชำระไว้ได้ค่ะ ไม่ทราบว่าพอจะสะดวกหรือไม่คะ
  ลูกค้า ▸ ก็คือตอนนี้ไม่มีเงินครับ
       ⚙  record_outcome  {""result"": ""refused"", ""reason"": ""refused"", ""remark"": ""ก็คือตอนนี้ไม่มีเงินครับ""}
          -> ok
       ⚙  reply  text_ids=[1099]
     บอท ▸ [1099] contact_bank_bye  (✓ยืนยันแล้ว)
            หากมีข้อติดขัดประการใด โทรกลับมาปรึกษาเอบีซีได้ที่เบอร์ [company_phone] ค่ะ ขอบคุณค่ะ สวัสดีค่ะ"
nomoney100,มีคำว่าจ่ายแล้ว,NM-046,จ่ายไปหมดแล้วค่ะ ค่าเทอมลูก ค่าเช่าบ้าน ไม่เหลือเลย,ก็คือตอนนี้ไม่มีเงินครับ,refused,refused,pass,ถูกเลย,confirm_paid,ถามยืนยันก่อน,,greet_verify disclose_balance confirm_paid convince contact_bank_bye,"       ⚙  reply  text_ids=[1015]
     บอท ▸ [1015] greet_verify  (ยังไม่ยืนยัน)
            สวัสดีค่ะ ดิฉันติดต่อจากเอบีซี ไม่ทราบว่ากำลังเรียนสายอยู่กับคุณ สมมติ ทดสอบระบบ ใช่หรือไม่คะ
  ลูกค้า ▸ ใช่ครับ
       ⚙  verify_status
          -> ok
       ⚙  reply  text_ids=[1065]
     บอท ▸ [1065] disclose_balance  (✓ยืนยันแล้ว)
            ขอบคุณค่ะ เอบีซีขอเรียนแจ้งว่าสินเชื่อ ที่ลงท้ายด้วยเลข 1234 มียอดชำระขั้นต่ำ 3000 บาท ครบกำหนดวันที่ วันศุกร์ที่ 18 กันยายน 2026 ค่ะ ไม่ทราบว่าสะดวกชำระภายในวันนี้หรือไม่คะ
  ลูกค้า ▸ จ่ายไปหมดแล้วค่ะ ค่าเทอมลูก ค่าเช่าบ้าน ไม่เหลือเลย
       ⚙  reply  text_ids=[2752]
     บอท ▸ [2752] confirm_paid  (✓ยืนยันแล้ว)
            ขอยืนยันนะคะ คุณลูกค้าได้ชำระยอดนี้เรียบร้อยแล้วใช่หรือไม่คะ
  ลูกค้า ▸ ก็คือตอนนี้ไม่มีเงินครับ
       ⚙  reply  text_ids=[1075]
     บอท ▸ [1075] convince  (✓ยืนยันแล้ว)
            เข้าใจค่ะ หากชำระขั้นต่ำ 3000 บาทภายในวันครบกำหนด จะช่วยรักษาประวัติการชำระไว้ได้ค่ะ ไม่ทราบว่าพอจะสะดวกหรือไม่คะ
  ลูกค้า ▸ ยังไม่มีเงินจ่ายครับ
       ⚙  record_outcome  {""result"": ""refused"", ""reason"": ""refused"", ""remark"": ""ยังไม่มีเงินจ่ายครับ""}
          -> ok
       ⚙  record_outcome  {""result"": ""refused"", ""reason"": ""refused"", ""remark"": ""ยังไม่มีเงินจ่ายครับ""}
          -> call_already_closed
       ⚙  reply  text_ids=[1099]
     บอท ▸ [1099] contact_bank_bye  (✓ยืนยันแล้ว)
            หากมีข้อติดขัดประการใด โทรกลับมาปรึกษาเอบีซีได้ที่เบอร์ [company_phone] ค่ะ ขอบคุณค่ะ สวัสดีค่ะ"
nomoney100,มีคำว่าจ่ายแล้ว,NM-047,เงินเดือนออกมาก็จ่ายหมดแล้ว จ่ายที่อื่นน่ะ,ก็คือตอนนี้ไม่มีเงินครับ,refused,refused,pass,ถูกเลย,offer_channel_only,ตอบคำถาม/อื่น,,greet_verify disclose_balance offer_channel_only convince contact_bank_bye,"       ⚙  reply  text_ids=[1015]
     บอท ▸ [1015] greet_verify  (ยังไม่ยืนยัน)
            สวัสดีค่ะ ดิฉันติดต่อจากเอบีซี ไม่ทราบว่ากำลังเรียนสายอยู่กับคุณ สมมติ ทดสอบระบบ ใช่หรือไม่คะ
  ลูกค้า ▸ ใช่ครับ
       ⚙  verify_status
          -> ok
       ⚙  reply  text_ids=[1065]
     บอท ▸ [1065] disclose_balance  (✓ยืนยันแล้ว)
            ขอบคุณค่ะ เอบีซีขอเรียนแจ้งว่าสินเชื่อ ที่ลงท้ายด้วยเลข 1234 มียอดชำระขั้นต่ำ 3000 บาท ครบกำหนดวันที่ วันศุกร์ที่ 18 กันยายน 2026 ค่ะ ไม่ทราบว่าสะดวกชำระภายในวันนี้หรือไม่คะ
  ลูกค้า ▸ เงินเดือนออกมาก็จ่ายหมดแล้ว จ่ายที่อื่นน่ะ
       ⚙  reply  text_ids=[2100]
     บอท ▸ [2100] offer_channel_only  (✓ยืนยันแล้ว)
            ชำระได้ที่แอปพลิเคชันของเอบีซี หรือที่สาขาค่ะ หากต้องการช่องทางเพิ่มเติม ติดต่อ [company_phone] ได้ค่ะ
  ลูกค้า ▸ ก็คือตอนนี้ไม่มีเงินครับ
       ⚙  reply  text_ids=[1075]
     บอท ▸ [1075] convince  (✓ยืนยันแล้ว)
            เข้าใจค่ะ หากชำระขั้นต่ำ 3000 บาทภายในวันครบกำหนด จะช่วยรักษาประวัติการชำระไว้ได้ค่ะ ไม่ทราบว่าพอจะสะดวกหรือไม่คะ
  ลูกค้า ▸ ยังไม่มีเงินจ่ายครับ
       ⚙  record_outcome  {""result"": ""refused"", ""reason"": ""refused"", ""remark"": ""ยังไม่มีเงินจ่ายครับ""}
          -> ok
       ⚙  record_outcome  {""result"": ""refused"", ""reason"": ""refused"", ""remark"": ""ยังไม่มีเงินจ่ายครับ""}
          -> call_already_closed
       ⚙  reply  text_ids=[1099]
     บอท ▸ [1099] contact_bank_bye  (✓ยืนยันแล้ว)
            หากมีข้อติดขัดประการใด โทรกลับมาปรึกษาเอบีซีได้ที่เบอร์ [company_phone] ค่ะ ขอบคุณค่ะ สวัสดีค่ะ"
nomoney100,มีคำว่าจ่ายแล้ว,NM-048,จ่ายแล้วค่ะ จ่ายค่าหมอแม่ไปหมด,ก็คือตอนนี้ไม่มีเงินครับ,refused,refused,pass,ถูกเลย,confirm_paid,ถามยืนยันก่อน,,greet_verify disclose_balance confirm_paid convince contact_bank_bye,"       ⚙  reply  text_ids=[1015]
     บอท ▸ [1015] greet_verify  (ยังไม่ยืนยัน)
            สวัสดีค่ะ ดิฉันติดต่อจากเอบีซี ไม่ทราบว่ากำลังเรียนสายอยู่กับคุณ สมมติ ทดสอบระบบ ใช่หรือไม่คะ
  ลูกค้า ▸ ใช่ครับ
       ⚙  verify_status
          -> ok
       ⚙  reply  text_ids=[1065]
     บอท ▸ [1065] disclose_balance  (✓ยืนยันแล้ว)
            ขอบคุณค่ะ เอบีซีขอเรียนแจ้งว่าสินเชื่อ ที่ลงท้ายด้วยเลข 1234 มียอดชำระขั้นต่ำ 3000 บาท ครบกำหนดวันที่ วันศุกร์ที่ 18 กันยายน 2026 ค่ะ ไม่ทราบว่าสะดวกชำระภายในวันนี้หรือไม่คะ
  ลูกค้า ▸ จ่ายแล้วค่ะ จ่ายค่าหมอแม่ไปหมด
       ⚙  reply  text_ids=[2752]
     บอท ▸ [2752] confirm_paid  (✓ยืนยันแล้ว)
            ขอยืนยันนะคะ คุณลูกค้าได้ชำระยอดนี้เรียบร้อยแล้วใช่หรือไม่คะ
  ลูกค้า ▸ ก็คือตอนนี้ไม่มีเงินครับ
       ⚙  reply  text_ids=[1075]
     บอท ▸ [1075] convince  (✓ยืนยันแล้ว)
            เข้าใจค่ะ หากชำระขั้นต่ำ 3000 บาทภายในวันครบกำหนด จะช่วยรักษาประวัติการชำระไว้ได้ค่ะ ไม่ทราบว่าพอจะสะดวกหรือไม่คะ
  ลูกค้า ▸ ยังไม่มีเงินจ่ายครับ
       ⚙  record_outcome  {""result"": ""refused"", ""reason"": ""refused"", ""remark"": ""ยังไม่มีเงินจ่ายครับ""}
          -> ok
       ⚙  record_outcome  {""result"": ""refused"", ""reason"": ""refused"", ""remark"": ""ยังไม่มีเงินจ่ายครับ""}
          -> call_already_closed
       ⚙  reply  text_ids=[1099]
     บอท ▸ [1099] contact_bank_bye  (✓ยืนยันแล้ว)
            หากมีข้อติดขัดประการใด โทรกลับมาปรึกษาเอบีซีได้ที่เบอร์ [company_phone] ค่ะ ขอบคุณค่ะ สวัสดีค่ะ"
nomoney100,มีคำว่าจ่ายแล้ว,NM-049,หมดแล้วครับ ไม่เหลือเลย,ก็คือตอนนี้ไม่มีเงินครับ,refused,refused,pass,ถูกเลย,contact_bank_bye,ปิดสายทันที,,greet_verify disclose_balance contact_bank_bye,"       ⚙  reply  text_ids=[1015]
     บอท ▸ [1015] greet_verify  (ยังไม่ยืนยัน)
            สวัสดีค่ะ ดิฉันติดต่อจากเอบีซี ไม่ทราบว่ากำลังเรียนสายอยู่กับคุณ สมมติ ทดสอบระบบ ใช่หรือไม่คะ
  ลูกค้า ▸ ใช่ครับ
       ⚙  verify_status
          -> ok
       ⚙  reply  text_ids=[1065]
     บอท ▸ [1065] disclose_balance  (✓ยืนยันแล้ว)
            ขอบคุณค่ะ เอบีซีขอเรียนแจ้งว่าสินเชื่อ ที่ลงท้ายด้วยเลข 1234 มียอดชำระขั้นต่ำ 3000 บาท ครบกำหนดวันที่ วันศุกร์ที่ 18 กันยายน 2026 ค่ะ ไม่ทราบว่าสะดวกชำระภายในวันนี้หรือไม่คะ
  ลูกค้า ▸ หมดแล้วครับ ไม่เหลือเลย
       ⚙  record_outcome  {""result"": ""refused"", ""reason"": ""refused"", ""remark"": ""หมดแล้วครับ ไม่เหลือเลย""}
          -> ok
       ⚙  reply  text_ids=[1099]
     บอท ▸ [1099] contact_bank_bye  (✓ยืนยันแล้ว)
            หากมีข้อติดขัดประการใด โทรกลับมาปรึกษาเอบีซีได้ที่เบอร์ [company_phone] ค่ะ ขอบคุณค่ะ สวัสดีค่ะ"
nomoney100,มีคำว่าจ่ายแล้ว,NM-050,โอนไปหมดแล้ว ให้ทางบ้านต่างจังหวัด,ก็คือตอนนี้ไม่มีเงินครับ,refused,to_verify,fail,ผิดเลย,thank_paid_bye,ปิดสายทันที,ของจริง,greet_verify disclose_balance thank_paid_bye,"       ⚙  reply  text_ids=[1015]
     บอท ▸ [1015] greet_verify  (ยังไม่ยืนยัน)
            สวัสดีค่ะ ดิฉันติดต่อจากเอบีซี ไม่ทราบว่ากำลังเรียนสายอยู่กับคุณ สมมติ ทดสอบระบบ ใช่หรือไม่คะ
  ลูกค้า ▸ ใช่ครับ
       ⚙  verify_status
          -> ok
       ⚙  reply  text_ids=[1065]
     บอท ▸ [1065] disclose_balance  (✓ยืนยันแล้ว)
            ขอบคุณค่ะ เอบีซีขอเรียนแจ้งว่าสินเชื่อ ที่ลงท้ายด้วยเลข 1234 มียอดชำระขั้นต่ำ 3000 บาท ครบกำหนดวันที่ วันศุกร์ที่ 18 กันยายน 2026 ค่ะ ไม่ทราบว่าสะดวกชำระภายในวันนี้หรือไม่คะ
  ลูกค้า ▸ โอนไปหมดแล้ว ให้ทางบ้านต่างจังหวัด
       ⚙  record_outcome  {""result"": ""to_verify"", ""reason"": ""claims_paid"", ""remark"": ""โอนไปหมดแล้ว ให้ทางบ้านต่างจังหวัด""}
          -> ok
       ⚙  reply  text_ids=[1092]
     บอท ▸ [1092] thank_paid_bye  (✓ยืนยันแล้ว)
            ขอบคุณค่ะ เอบีซีจะตรวจสอบรายการให้อีกครั้ง หากมีข้อสงสัยติดต่อได้ที่ [company_phone] ค่ะ สวัสดีค่ะ"
nomoney100,มีคำว่าจ่ายแล้ว,NM-051,เดือนนี้จ่ายอย่างอื่นไปแล้ว ไม่เหลือมาจ่ายตรงนี้,ก็คือตอนนี้ไม่มีเงินครับ,refused,refused,pass,ถูกเลย,convince,เจรจาต่อ,,greet_verify disclose_balance convince contact_bank_bye,"       ⚙  reply  text_ids=[1015]
     บอท ▸ [1015] greet_verify  (ยังไม่ยืนยัน)
            สวัสดีค่ะ ดิฉันติดต่อจากเอบีซี ไม่ทราบว่ากำลังเรียนสายอยู่กับคุณ สมมติ ทดสอบระบบ ใช่หรือไม่คะ
  ลูกค้า ▸ ใช่ครับ
       ⚙  verify_status
          -> ok
       ⚙  reply  text_ids=[1065]
     บอท ▸ [1065] disclose_balance  (✓ยืนยันแล้ว)
            ขอบคุณค่ะ เอบีซีขอเรียนแจ้งว่าสินเชื่อ ที่ลงท้ายด้วยเลข 1234 มียอดชำระขั้นต่ำ 3000 บาท ครบกำหนดวันที่ วันศุกร์ที่ 18 กันยายน 2026 ค่ะ ไม่ทราบว่าสะดวกชำระภายในวันนี้หรือไม่คะ
  ลูกค้า ▸ เดือนนี้จ่ายอย่างอื่นไปแล้ว ไม่เหลือมาจ่ายตรงนี้
       ⚙  reply  text_ids=[1075]
     บอท ▸ [1075] convince  (✓ยืนยันแล้ว)
            เข้าใจค่ะ หากชำระขั้นต่ำ 3000 บาทภายในวันครบกำหนด จะช่วยรักษาประวัติการชำระไว้ได้ค่ะ ไม่ทราบว่าพอจะสะดวกหรือไม่คะ
  ลูกค้า ▸ ก็คือตอนนี้ไม่มีเงินครับ
       ⚙  record_outcome  {""result"": ""refused"", ""reason"": ""refused"", ""remark"": ""ก็คือตอนนี้ไม่มีเงินครับ""}
          -> ok
       ⚙  reply  text_ids=[1099]
     บอท ▸ [1099] contact_bank_bye  (✓ยืนยันแล้ว)
            หากมีข้อติดขัดประการใด โทรกลับมาปรึกษาเอบีซีได้ที่เบอร์ [company_phone] ค่ะ ขอบคุณค่ะ สวัสดีค่ะ"
nomoney100,มีคำว่าจ่ายแล้ว,NM-052,บัตรทุกใบเต็มวงเงินหมดแล้วครับ,ก็คือตอนนี้ไม่มีเงินครับ,refused,refused,pass,ถูกเลย,convince,เจรจาต่อ,,greet_verify disclose_balance convince contact_bank_bye,"       ⚙  reply  text_ids=[1015]
     บอท ▸ [1015] greet_verify  (ยังไม่ยืนยัน)
            สวัสดีค่ะ ดิฉันติดต่อจากเอบีซี ไม่ทราบว่ากำลังเรียนสายอยู่กับคุณ สมมติ ทดสอบระบบ ใช่หรือไม่คะ
  ลูกค้า ▸ ใช่ครับ
       ⚙  verify_status
          -> ok
       ⚙  reply  text_ids=[1065]
     บอท ▸ [1065] disclose_balance  (✓ยืนยันแล้ว)
            ขอบคุณค่ะ เอบีซีขอเรียนแจ้งว่าสินเชื่อ ที่ลงท้ายด้วยเลข 1234 มียอดชำระขั้นต่ำ 3000 บาท ครบกำหนดวันที่ วันศุกร์ที่ 18 กันยายน 2026 ค่ะ ไม่ทราบว่าสะดวกชำระภายในวันนี้หรือไม่คะ
  ลูกค้า ▸ บัตรทุกใบเต็มวงเงินหมดแล้วครับ
       ⚙  reply  text_ids=[1075]
     บอท ▸ [1075] convince  (✓ยืนยันแล้ว)
            เข้าใจค่ะ หากชำระขั้นต่ำ 3000 บาทภายในวันครบกำหนด จะช่วยรักษาประวัติการชำระไว้ได้ค่ะ ไม่ทราบว่าพอจะสะดวกหรือไม่คะ
  ลูกค้า ▸ ก็คือตอนนี้ไม่มีเงินครับ
       ⚙  record_outcome  {""result"": ""refused"", ""reason"": ""refused"", ""remark"": ""ก็คือตอนนี้ไม่มีเงินครับ""}
          -> ok
       ⚙  record_outcome  {""result"": ""refused"", ""reason"": ""refused"", ""remark"": ""ก็คือตอนนี้ไม่มีเงินครับ""}
          -> call_already_closed
       ⚙  reply  text_ids=[1099]
     บอท ▸ [1099] contact_bank_bye  (✓ยืนยันแล้ว)
            หากมีข้อติดขัดประการใด โทรกลับมาปรึกษาเอบีซีได้ที่เบอร์ [company_phone] ค่ะ ขอบคุณค่ะ สวัสดีค่ะ"
nomoney100,มีคำว่าจ่ายแล้ว,NM-053,มีเท่าไหร่ก็จ่ายไปหมดแล้ว,ก็คือตอนนี้ไม่มีเงินครับ,refused,refused,pass,ถูกหลังถามกลับ,ask_clarify,ถามยืนยันก่อน,,greet_verify disclose_balance ask_clarify convince contact_bank_bye,"       ⚙  reply  text_ids=[1015]
     บอท ▸ [1015] greet_verify  (ยังไม่ยืนยัน)
            สวัสดีค่ะ ดิฉันติดต่อจากเอบีซี ไม่ทราบว่ากำลังเรียนสายอยู่กับคุณ สมมติ ทดสอบระบบ ใช่หรือไม่คะ
  ลูกค้า ▸ ใช่ครับ
       ⚙  verify_status
          -> ok
       ⚙  reply  text_ids=[1065]
     บอท ▸ [1065] disclose_balance  (✓ยืนยันแล้ว)
            ขอบคุณค่ะ เอบีซีขอเรียนแจ้งว่าสินเชื่อ ที่ลงท้ายด้วยเลข 1234 มียอดชำระขั้นต่ำ 3000 บาท ครบกำหนดวันที่ วันศุกร์ที่ 18 กันยายน 2026 ค่ะ ไม่ทราบว่าสะดวกชำระภายในวันนี้หรือไม่คะ
  ลูกค้า ▸ มีเท่าไหร่ก็จ่ายไปหมดแล้ว
       ⚙  reply  text_ids=[3127]
     บอท ▸ [3127] ask_clarify  (✓ยืนยันแล้ว)
            ขออภัยค่ะ ดิฉันขอถามให้แน่ใจอีกครั้ง คุณลูกค้าหมายความว่ายังไงคะ
  ลูกค้า ▸ ก็คือตอนนี้ไม่มีเงินครับ
       ⚙  reply  text_ids=[1075]
     บอท ▸ [1075] convince  (✓ยืนยันแล้ว)
            เข้าใจค่ะ หากชำระขั้นต่ำ 3000 บาทภายในวันครบกำหนด จะช่วยรักษาประวัติการชำระไว้ได้ค่ะ ไม่ทราบว่าพอจะสะดวกหรือไม่คะ
  ลูกค้า ▸ ยังไม่มีเงินจ่ายครับ
       ⚙  record_outcome  {""result"": ""refused"", ""reason"": ""refused"", ""remark"": ""ยังไม่มีเงินจ่ายครับ""}
          -> ok
       ⚙  record_outcome  {""result"": ""refused"", ""reason"": ""refused"", ""remark"": ""ยังไม่มีเงินจ่ายครับ""}
          -> call_already_closed
       ⚙  reply  text_ids=[1099]
     บอท ▸ [1099] contact_bank_bye  (✓ยืนยันแล้ว)
            หากมีข้อติดขัดประการใด โทรกลับมาปรึกษาเอบีซีได้ที่เบอร์ [company_phone] ค่ะ ขอบคุณค่ะ สวัสดีค่ะ"
nomoney100,มีคำว่าจ่ายแล้ว,NM-054,เคลียร์ที่อื่นไปก่อนแล้ว ตรงนี้ยังไม่ไหวค่ะ,ก็คือตอนนี้ไม่มีเงินครับ,refused,to_verify,fail,ผิดเลย,verify_claim_bye,ปิดสายทันที,ของจริง,greet_verify disclose_balance verify_claim_bye,"       ⚙  reply  text_ids=[1015]
     บอท ▸ [1015] greet_verify  (ยังไม่ยืนยัน)
            สวัสดีค่ะ ดิฉันติดต่อจากเอบีซี ไม่ทราบว่ากำลังเรียนสายอยู่กับคุณ สมมติ ทดสอบระบบ ใช่หรือไม่คะ
  ลูกค้า ▸ ใช่ครับ
       ⚙  verify_status
          -> ok
       ⚙  reply  text_ids=[1065]
     บอท ▸ [1065] disclose_balance  (✓ยืนยันแล้ว)
            ขอบคุณค่ะ เอบีซีขอเรียนแจ้งว่าสินเชื่อ ที่ลงท้ายด้วยเลข 1234 มียอดชำระขั้นต่ำ 3000 บาท ครบกำหนดวันที่ วันศุกร์ที่ 18 กันยายน 2026 ค่ะ ไม่ทราบว่าสะดวกชำระภายในวันนี้หรือไม่คะ
  ลูกค้า ▸ เคลียร์ที่อื่นไปก่อนแล้ว ตรงนี้ยังไม่ไหวค่ะ
       ⚙  record_outcome  {""result"": ""to_verify"", ""reason"": ""claim_to_verify"", ""remark"": ""เคลียร์ที่อื่นไปก่อนแล้ว ตรงนี้ยังไม่ไหวค่ะ""}
          -> ok
       ⚙  reply  text_ids=[3199]
     บอท ▸ [3199] verify_claim_bye  (✓ยืนยันแล้ว)
            รับทราบค่ะ ดิฉันขออนุญาตตรวจสอบกับระบบก่อน แล้วจะติดต่อกลับนะคะ ขอบคุณค่ะ สวัสดีค่ะ"
nomoney100,มีคำว่าจ่ายแล้ว,NM-055,จ่ายค่างวดรถไปแล้วก็หมดตัวเลย,ก็คือตอนนี้ไม่มีเงินครับ,refused,refused,pass,ถูกเลย,convince,เจรจาต่อ,,greet_verify disclose_balance convince contact_bank_bye,"       ⚙  reply  text_ids=[1015]
     บอท ▸ [1015] greet_verify  (ยังไม่ยืนยัน)
            สวัสดีค่ะ ดิฉันติดต่อจากเอบีซี ไม่ทราบว่ากำลังเรียนสายอยู่กับคุณ สมมติ ทดสอบระบบ ใช่หรือไม่คะ
  ลูกค้า ▸ ใช่ครับ
       ⚙  verify_status
          -> ok
       ⚙  reply  text_ids=[1065]
     บอท ▸ [1065] disclose_balance  (✓ยืนยันแล้ว)
            ขอบคุณค่ะ เอบีซีขอเรียนแจ้งว่าสินเชื่อ ที่ลงท้ายด้วยเลข 1234 มียอดชำระขั้นต่ำ 3000 บาท ครบกำหนดวันที่ วันศุกร์ที่ 18 กันยายน 2026 ค่ะ ไม่ทราบว่าสะดวกชำระภายในวันนี้หรือไม่คะ
  ลูกค้า ▸ จ่ายค่างวดรถไปแล้วก็หมดตัวเลย
       ⚙  reply  text_ids=[1075]
     บอท ▸ [1075] convince  (✓ยืนยันแล้ว)
            เข้าใจค่ะ หากชำระขั้นต่ำ 3000 บาทภายในวันครบกำหนด จะช่วยรักษาประวัติการชำระไว้ได้ค่ะ ไม่ทราบว่าพอจะสะดวกหรือไม่คะ
  ลูกค้า ▸ ก็คือตอนนี้ไม่มีเงินครับ
       ⚙  record_outcome  {""result"": ""refused"", ""reason"": ""refused"", ""remark"": ""ก็คือตอนนี้ไม่มีเงินครับ""}
          -> ok
       ⚙  reply  text_ids=[1099]
     บอท ▸ [1099] contact_bank_bye  (✓ยืนยันแล้ว)
            หากมีข้อติดขัดประการใด โทรกลับมาปรึกษาเอบีซีได้ที่เบอร์ [company_phone] ค่ะ ขอบคุณค่ะ สวัสดีค่ะ"
nomoney100,มีคำว่าจ่ายแล้ว,NM-056,เงินเข้ามาก็ออกหมดแล้วค่ะ,ก็คือตอนนี้ไม่มีเงินครับ,refused,refused,pass,ถูกเลย,confirm_paid,ถามยืนยันก่อน,,greet_verify disclose_balance confirm_paid convince contact_bank_bye,"       ⚙  reply  text_ids=[1015]
     บอท ▸ [1015] greet_verify  (ยังไม่ยืนยัน)
            สวัสดีค่ะ ดิฉันติดต่อจากเอบีซี ไม่ทราบว่ากำลังเรียนสายอยู่กับคุณ สมมติ ทดสอบระบบ ใช่หรือไม่คะ
  ลูกค้า ▸ ใช่ครับ
       ⚙  verify_status
          -> ok
       ⚙  reply  text_ids=[1065]
     บอท ▸ [1065] disclose_balance  (✓ยืนยันแล้ว)
            ขอบคุณค่ะ เอบีซีขอเรียนแจ้งว่าสินเชื่อ ที่ลงท้ายด้วยเลข 1234 มียอดชำระขั้นต่ำ 3000 บาท ครบกำหนดวันที่ วันศุกร์ที่ 18 กันยายน 2026 ค่ะ ไม่ทราบว่าสะดวกชำระภายในวันนี้หรือไม่คะ
  ลูกค้า ▸ เงินเข้ามาก็ออกหมดแล้วค่ะ
       ⚙  reply  text_ids=[2752]
     บอท ▸ [2752] confirm_paid  (✓ยืนยันแล้ว)
            ขอยืนยันนะคะ คุณลูกค้าได้ชำระยอดนี้เรียบร้อยแล้วใช่หรือไม่คะ
  ลูกค้า ▸ ก็คือตอนนี้ไม่มีเงินครับ
       ⚙  reply  text_ids=[1075]
     บอท ▸ [1075] convince  (✓ยืนยันแล้ว)
            เข้าใจค่ะ หากชำระขั้นต่ำ 3000 บาทภายในวันครบกำหนด จะช่วยรักษาประวัติการชำระไว้ได้ค่ะ ไม่ทราบว่าพอจะสะดวกหรือไม่คะ
  ลูกค้า ▸ ยังไม่มีเงินจ่ายครับ
       ⚙  record_outcome  {""result"": ""refused"", ""reason"": ""refused"", ""remark"": ""ยังไม่มีเงินจ่ายครับ""}
          -> ok
       ⚙  record_outcome  {""result"": ""refused"", ""reason"": ""refused"", ""remark"": ""ยังไม่มีเงินจ่ายครับ""}
          -> call_already_closed
       ⚙  reply  text_ids=[1099]
     บอท ▸ [1099] contact_bank_bye  (✓ยืนยันแล้ว)
            หากมีข้อติดขัดประการใด โทรกลับมาปรึกษาเอบีซีได้ที่เบอร์ [company_phone] ค่ะ ขอบคุณค่ะ สวัสดีค่ะ"
nomoney100,มีคำว่าจ่ายแล้ว,NM-057,จ่ายหนี้ก้อนอื่นไปแล้ว เหลือไม่ถึงร้อย,ก็คือตอนนี้ไม่มีเงินครับ,refused,refused,pass,ถูกหลังถามกลับ,ask_clarify,ถามยืนยันก่อน,,greet_verify disclose_balance ask_clarify convince contact_bank_bye,"       ⚙  reply  text_ids=[1015]
     บอท ▸ [1015] greet_verify  (ยังไม่ยืนยัน)
            สวัสดีค่ะ ดิฉันติดต่อจากเอบีซี ไม่ทราบว่ากำลังเรียนสายอยู่กับคุณ สมมติ ทดสอบระบบ ใช่หรือไม่คะ
  ลูกค้า ▸ ใช่ครับ
       ⚙  verify_status
          -> ok
       ⚙  reply  text_ids=[1065]
     บอท ▸ [1065] disclose_balance  (✓ยืนยันแล้ว)
            ขอบคุณค่ะ เอบีซีขอเรียนแจ้งว่าสินเชื่อ ที่ลงท้ายด้วยเลข 1234 มียอดชำระขั้นต่ำ 3000 บาท ครบกำหนดวันที่ วันศุกร์ที่ 18 กันยายน 2026 ค่ะ ไม่ทราบว่าสะดวกชำระภายในวันนี้หรือไม่คะ
  ลูกค้า ▸ จ่ายหนี้ก้อนอื่นไปแล้ว เหลือไม่ถึงร้อย
       ⚙  reply  text_ids=[3127]
     บอท ▸ [3127] ask_clarify  (✓ยืนยันแล้ว)
            ขออภัยค่ะ ดิฉันขอถามให้แน่ใจอีกครั้ง คุณลูกค้าหมายความว่ายังไงคะ
  ลูกค้า ▸ ก็คือตอนนี้ไม่มีเงินครับ
       ⚙  reply  text_ids=[1075]
     บอท ▸ [1075] convince  (✓ยืนยันแล้ว)
            เข้าใจค่ะ หากชำระขั้นต่ำ 3000 บาทภายในวันครบกำหนด จะช่วยรักษาประวัติการชำระไว้ได้ค่ะ ไม่ทราบว่าพอจะสะดวกหรือไม่คะ
  ลูกค้า ▸ ยังไม่มีเงินจ่ายครับ
       ⚙  record_outcome  {""result"": ""refused"", ""reason"": ""refused"", ""remark"": ""ยังไม่มีเงินจ่ายครับ""}
          -> ok
       ⚙  record_outcome  {""result"": ""refused"", ""reason"": ""refused"", ""remark"": ""ยังไม่มีเงินจ่ายครับ""}
          -> call_already_closed
       ⚙  reply  text_ids=[1099]
     บอท ▸ [1099] contact_bank_bye  (✓ยืนยันแล้ว)
            หากมีข้อติดขัดประการใด โทรกลับมาปรึกษาเอบีซีได้ที่เบอร์ [company_phone] ค่ะ ขอบคุณค่ะ สวัสดีค่ะ"
nomoney100,มีคำว่าจ่ายแล้ว,NM-058,ที่มีอยู่ใช้ไปหมดแล้วกับค่ารักษา,ก็คือตอนนี้ไม่มีเงินครับ,refused,refused,pass,ถูกเลย,convince,เจรจาต่อ,,greet_verify disclose_balance convince contact_bank_bye,"       ⚙  reply  text_ids=[1015]
     บอท ▸ [1015] greet_verify  (ยังไม่ยืนยัน)
            สวัสดีค่ะ ดิฉันติดต่อจากเอบีซี ไม่ทราบว่ากำลังเรียนสายอยู่กับคุณ สมมติ ทดสอบระบบ ใช่หรือไม่คะ
  ลูกค้า ▸ ใช่ครับ
       ⚙  verify_status
          -> ok
       ⚙  reply  text_ids=[1065]
     บอท ▸ [1065] disclose_balance  (✓ยืนยันแล้ว)
            ขอบคุณค่ะ เอบีซีขอเรียนแจ้งว่าสินเชื่อ ที่ลงท้ายด้วยเลข 1234 มียอดชำระขั้นต่ำ 3000 บาท ครบกำหนดวันที่ วันศุกร์ที่ 18 กันยายน 2026 ค่ะ ไม่ทราบว่าสะดวกชำระภายในวันนี้หรือไม่คะ
  ลูกค้า ▸ ที่มีอยู่ใช้ไปหมดแล้วกับค่ารักษา
       ⚙  reply  text_ids=[1075]
     บอท ▸ [1075] convince  (✓ยืนยันแล้ว)
            เข้าใจค่ะ หากชำระขั้นต่ำ 3000 บาทภายในวันครบกำหนด จะช่วยรักษาประวัติการชำระไว้ได้ค่ะ ไม่ทราบว่าพอจะสะดวกหรือไม่คะ
  ลูกค้า ▸ ก็คือตอนนี้ไม่มีเงินครับ
       ⚙  record_outcome  {""result"": ""refused"", ""reason"": ""refused"", ""remark"": ""ก็คือตอนนี้ไม่มีเงินครับ""}
          -> ok
       ⚙  record_outcome  {""result"": ""refused"", ""reason"": ""refused"", ""remark"": ""ก็คือตอนนี้ไม่มีเงินครับ""}
          -> call_already_closed
       ⚙  reply  text_ids=[1099]
     บอท ▸ [1099] contact_bank_bye  (✓ยืนยันแล้ว)
            หากมีข้อติดขัดประการใด โทรกลับมาปรึกษาเอบีซีได้ที่เบอร์ [company_phone] ค่ะ ขอบคุณค่ะ สวัสดีค่ะ"
nomoney100,มีคำว่าจ่ายแล้ว,NM-059,ตัดไปหมดแล้ว ทั้งค่าน้ำค่าไฟ บัญชีเหลือศูนย์,ก็คือตอนนี้ไม่มีเงินครับ,refused,refused,pass,ถูกเลย,convince,เจรจาต่อ,,greet_verify disclose_balance convince contact_bank_bye,"       ⚙  reply  text_ids=[1015]
     บอท ▸ [1015] greet_verify  (ยังไม่ยืนยัน)
            สวัสดีค่ะ ดิฉันติดต่อจากเอบีซี ไม่ทราบว่ากำลังเรียนสายอยู่กับคุณ สมมติ ทดสอบระบบ ใช่หรือไม่คะ
  ลูกค้า ▸ ใช่ครับ
       ⚙  verify_status
          -> ok
       ⚙  reply  text_ids=[1065]
     บอท ▸ [1065] disclose_balance  (✓ยืนยันแล้ว)
            ขอบคุณค่ะ เอบีซีขอเรียนแจ้งว่าสินเชื่อ ที่ลงท้ายด้วยเลข 1234 มียอดชำระขั้นต่ำ 3000 บาท ครบกำหนดวันที่ วันศุกร์ที่ 18 กันยายน 2026 ค่ะ ไม่ทราบว่าสะดวกชำระภายในวันนี้หรือไม่คะ
  ลูกค้า ▸ ตัดไปหมดแล้ว ทั้งค่าน้ำค่าไฟ บัญชีเหลือศูนย์
       ⚙  reply  text_ids=[1075]
     บอท ▸ [1075] convince  (✓ยืนยันแล้ว)
            เข้าใจค่ะ หากชำระขั้นต่ำ 3000 บาทภายในวันครบกำหนด จะช่วยรักษาประวัติการชำระไว้ได้ค่ะ ไม่ทราบว่าพอจะสะดวกหรือไม่คะ
  ลูกค้า ▸ ก็คือตอนนี้ไม่มีเงินครับ
       ⚙  record_outcome  {""result"": ""refused"", ""reason"": ""refused"", ""remark"": ""ก็คือตอนนี้ไม่มีเงินครับ""}
          -> ok
       ⚙  reply  text_ids=[1099]
     บอท ▸ [1099] contact_bank_bye  (✓ยืนยันแล้ว)
            หากมีข้อติดขัดประการใด โทรกลับมาปรึกษาเอบีซีได้ที่เบอร์ [company_phone] ค่ะ ขอบคุณค่ะ สวัสดีค่ะ"
nomoney100,มีคำว่าจ่ายแล้ว,NM-060,จ่ายไปแล้วเมื่อวาน ค่าหอ ตอนนี้เหลือไม่พอกินข้าว,ก็คือตอนนี้ไม่มีเงินครับ,refused,refused,pass,ถูกหลังถามกลับ,ask_clarify,ถามยืนยันก่อน,,greet_verify disclose_balance ask_clarify convince contact_bank_bye,"       ⚙  reply  text_ids=[1015]
     บอท ▸ [1015] greet_verify  (ยังไม่ยืนยัน)
            สวัสดีค่ะ ดิฉันติดต่อจากเอบีซี ไม่ทราบว่ากำลังเรียนสายอยู่กับคุณ สมมติ ทดสอบระบบ ใช่หรือไม่คะ
  ลูกค้า ▸ ใช่ครับ
       ⚙  verify_status
          -> ok
       ⚙  reply  text_ids=[1065]
     บอท ▸ [1065] disclose_balance  (✓ยืนยันแล้ว)
            ขอบคุณค่ะ เอบีซีขอเรียนแจ้งว่าสินเชื่อ ที่ลงท้ายด้วยเลข 1234 มียอดชำระขั้นต่ำ 3000 บาท ครบกำหนดวันที่ วันศุกร์ที่ 18 กันยายน 2026 ค่ะ ไม่ทราบว่าสะดวกชำระภายในวันนี้หรือไม่คะ
  ลูกค้า ▸ จ่ายไปแล้วเมื่อวาน ค่าหอ ตอนนี้เหลือไม่พอกินข้าว
       ⚙  reply  text_ids=[3127]
     บอท ▸ [3127] ask_clarify  (✓ยืนยันแล้ว)
            ขออภัยค่ะ ดิฉันขอถามให้แน่ใจอีกครั้ง คุณลูกค้าหมายความว่ายังไงคะ
  ลูกค้า ▸ ก็คือตอนนี้ไม่มีเงินครับ
       ⚙  reply  text_ids=[1075]
     บอท ▸ [1075] convince  (✓ยืนยันแล้ว)
            เข้าใจค่ะ หากชำระขั้นต่ำ 3000 บาทภายในวันครบกำหนด จะช่วยรักษาประวัติการชำระไว้ได้ค่ะ ไม่ทราบว่าพอจะสะดวกหรือไม่คะ
  ลูกค้า ▸ ยังไม่มีเงินจ่ายครับ
       ⚙  record_outcome  {""result"": ""refused"", ""reason"": ""refused"", ""remark"": ""ยังไม่มีเงินจ่ายครับ""}
          -> ok
       ⚙  record_outcome  {""result"": ""refused"", ""reason"": ""refused"", ""remark"": ""ยังไม่มีเงินจ่ายครับ""}
          -> call_already_closed
       ⚙  reply  text_ids=[1099]
     บอท ▸ [1099] contact_bank_bye  (✓ยืนยันแล้ว)
            หากมีข้อติดขัดประการใด โทรกลับมาปรึกษาเอบีซีได้ที่เบอร์ [company_phone] ค่ะ ขอบคุณค่ะ สวัสดีค่ะ"
nomoney100,สำนวน,NM-076,ช็อตอยู่ครับพี่,ก็คือตอนนี้ไม่มีเงินครับ,refused,refused,pass,ถูกเลย,faq_hold,ตอบคำถาม/อื่น,,greet_verify disclose_balance faq_hold convince contact_bank_bye,"       ⚙  reply  text_ids=[1015]
     บอท ▸ [1015] greet_verify  (ยังไม่ยืนยัน)
            สวัสดีค่ะ ดิฉันติดต่อจากเอบีซี ไม่ทราบว่ากำลังเรียนสายอยู่กับคุณ สมมติ ทดสอบระบบ ใช่หรือไม่คะ
  ลูกค้า ▸ ใช่ครับ
       ⚙  verify_status
          -> ok
       ⚙  reply  text_ids=[1065]
     บอท ▸ [1065] disclose_balance  (✓ยืนยันแล้ว)
            ขอบคุณค่ะ เอบีซีขอเรียนแจ้งว่าสินเชื่อ ที่ลงท้ายด้วยเลข 1234 มียอดชำระขั้นต่ำ 3000 บาท ครบกำหนดวันที่ วันศุกร์ที่ 18 กันยายน 2026 ค่ะ ไม่ทราบว่าสะดวกชำระภายในวันนี้หรือไม่คะ
  ลูกค้า ▸ ช็อตอยู่ครับพี่
       ⚙  reply  text_ids=[1750]
     บอท ▸ [1750] faq_hold  (✓ยืนยันแล้ว)
            ได้ค่ะ สะดวกแล้วแจ้งได้เลยนะคะ
  ลูกค้า ▸ ก็คือตอนนี้ไม่มีเงินครับ
       ⚙  reply  text_ids=[1075]
     บอท ▸ [1075] convince  (✓ยืนยันแล้ว)
            เข้าใจค่ะ หากชำระขั้นต่ำ 3000 บาทภายในวันครบกำหนด จะช่วยรักษาประวัติการชำระไว้ได้ค่ะ ไม่ทราบว่าพอจะสะดวกหรือไม่คะ
  ลูกค้า ▸ ยังไม่มีเงินจ่ายครับ
       ⚙  record_outcome  {""result"": ""refused"", ""reason"": ""refused"", ""remark"": ""ยังไม่มีเงินจ่ายครับ""}
          -> ok
       ⚙  record_outcome  {""result"": ""refused"", ""reason"": ""refused"", ""remark"": ""ยังไม่มีเงินจ่ายครับ""}
          -> call_already_closed
       ⚙  reply  text_ids=[1099]
     บอท ▸ [1099] contact_bank_bye  (✓ยืนยันแล้ว)
            หากมีข้อติดขัดประการใด โทรกลับมาปรึกษาเอบีซีได้ที่เบอร์ [company_phone] ค่ะ ขอบคุณค่ะ สวัสดีค่ะ"
nomoney100,สำนวน,NM-077,ตอนนี้แห้งมากเลยค่ะ,ก็คือตอนนี้ไม่มีเงินครับ,refused,handoff,fail,ผิดเลย,faq_distress,ตอบคำถาม/อื่น,เฉลยผิด,greet_verify disclose_balance faq_distress,"       ⚙  reply  text_ids=[1015]
     บอท ▸ [1015] greet_verify  (ยังไม่ยืนยัน)
            สวัสดีค่ะ ดิฉันติดต่อจากเอบีซี ไม่ทราบว่ากำลังเรียนสายอยู่กับคุณ สมมติ ทดสอบระบบ ใช่หรือไม่คะ
  ลูกค้า ▸ ใช่ครับ
       ⚙  verify_status
          -> ok
       ⚙  reply  text_ids=[1065]
     บอท ▸ [1065] disclose_balance  (✓ยืนยันแล้ว)
            ขอบคุณค่ะ เอบีซีขอเรียนแจ้งว่าสินเชื่อ ที่ลงท้ายด้วยเลข 1234 มียอดชำระขั้นต่ำ 3000 บาท ครบกำหนดวันที่ วันศุกร์ที่ 18 กันยายน 2026 ค่ะ ไม่ทราบว่าสะดวกชำระภายในวันนี้หรือไม่คะ
  ลูกค้า ▸ ตอนนี้แห้งมากเลยค่ะ
       ⚙  reply  text_ids=[2829]
          -> ok
       ⚙  record_outcome  {""result"": ""handoff"", ""reason"": ""distress"", ""remark"": ""ตอนนี้แห้งมากเลยค่ะ""}
          -> ok
       ⚙  reply  text_ids=[2829]
     บอท ▸ [2829] faq_distress  (✓ยืนยันแล้ว)
            ดิฉันเข้าใจว่าตอนนี้หนักมากค่ะ ขออนุญาตบันทึกเรื่องไว้ และให้เจ้าหน้าที่ติดต่อกลับเพื่อดูแลเป็นกรณีพิเศษค่ะ สวัสดีค่ะ"
nomoney100,สำนวน,NM-078,กระเป๋าแบนเลยพี่,ก็คือตอนนี้ไม่มีเงินครับ,refused,refused,pass,ถูกเลย,convince,เจรจาต่อ,,greet_verify disclose_balance convince contact_bank_bye,"       ⚙  reply  text_ids=[1015]
     บอท ▸ [1015] greet_verify  (ยังไม่ยืนยัน)
            สวัสดีค่ะ ดิฉันติดต่อจากเอบีซี ไม่ทราบว่ากำลังเรียนสายอยู่กับคุณ สมมติ ทดสอบระบบ ใช่หรือไม่คะ
  ลูกค้า ▸ ใช่ครับ
       ⚙  verify_status
          -> ok
       ⚙  reply  text_ids=[1065]
     บอท ▸ [1065] disclose_balance  (✓ยืนยันแล้ว)
            ขอบคุณค่ะ เอบีซีขอเรียนแจ้งว่าสินเชื่อ ที่ลงท้ายด้วยเลข 1234 มียอดชำระขั้นต่ำ 3000 บาท ครบกำหนดวันที่ วันศุกร์ที่ 18 กันยายน 2026 ค่ะ ไม่ทราบว่าสะดวกชำระภายในวันนี้หรือไม่คะ
  ลูกค้า ▸ กระเป๋าแบนเลยพี่
       ⚙  reply  text_ids=[1075]
     บอท ▸ [1075] convince  (✓ยืนยันแล้ว)
            เข้าใจค่ะ หากชำระขั้นต่ำ 3000 บาทภายในวันครบกำหนด จะช่วยรักษาประวัติการชำระไว้ได้ค่ะ ไม่ทราบว่าพอจะสะดวกหรือไม่คะ
  ลูกค้า ▸ ก็คือตอนนี้ไม่มีเงินครับ
       ⚙  record_outcome  {""result"": ""refused"", ""reason"": ""refused"", ""remark"": ""ก็คือตอนนี้ไม่มีเงินครับ""}
          -> ok
       ⚙  record_outcome  {""result"": ""refused"", ""reason"": ""refused"", ""remark"": ""ก็คือตอนนี้ไม่มีเงินครับ""}
          -> call_already_closed
       ⚙  reply  text_ids=[1099]
     บอท ▸ [1099] contact_bank_bye  (✓ยืนยันแล้ว)
            หากมีข้อติดขัดประการใด โทรกลับมาปรึกษาเอบีซีได้ที่เบอร์ [company_phone] ค่ะ ขอบคุณค่ะ สวัสดีค่ะ"
nomoney100,สำนวน,NM-079,ชักหน้าไม่ถึงหลังเลยค่ะ,ก็คือตอนนี้ไม่มีเงินครับ,refused,refused,pass,ถูกเลย,convince,เจรจาต่อ,,greet_verify disclose_balance convince contact_bank_bye,"       ⚙  reply  text_ids=[1015]
     บอท ▸ [1015] greet_verify  (ยังไม่ยืนยัน)
            สวัสดีค่ะ ดิฉันติดต่อจากเอบีซี ไม่ทราบว่ากำลังเรียนสายอยู่กับคุณ สมมติ ทดสอบระบบ ใช่หรือไม่คะ
  ลูกค้า ▸ ใช่ครับ
       ⚙  verify_status
          -> ok
       ⚙  reply  text_ids=[1065]
     บอท ▸ [1065] disclose_balance  (✓ยืนยันแล้ว)
            ขอบคุณค่ะ เอบีซีขอเรียนแจ้งว่าสินเชื่อ ที่ลงท้ายด้วยเลข 1234 มียอดชำระขั้นต่ำ 3000 บาท ครบกำหนดวันที่ วันศุกร์ที่ 18 กันยายน 2026 ค่ะ ไม่ทราบว่าสะดวกชำระภายในวันนี้หรือไม่คะ
  ลูกค้า ▸ ชักหน้าไม่ถึงหลังเลยค่ะ
       ⚙  reply  text_ids=[1075]
     บอท ▸ [1075] convince  (✓ยืนยันแล้ว)
            เข้าใจค่ะ หากชำระขั้นต่ำ 3000 บาทภายในวันครบกำหนด จะช่วยรักษาประวัติการชำระไว้ได้ค่ะ ไม่ทราบว่าพอจะสะดวกหรือไม่คะ
  ลูกค้า ▸ ก็คือตอนนี้ไม่มีเงินครับ
       ⚙  record_outcome  {""result"": ""refused"", ""reason"": ""refused"", ""remark"": ""ก็คือตอนนี้ไม่มีเงินครับ""}
          -> ok
       ⚙  record_outcome  {""result"": ""refused"", ""reason"": ""refused"", ""remark"": ""ก็คือตอนนี้ไม่มีเงินครับ""}
          -> call_already_closed
       ⚙  reply  text_ids=[1099]
     บอท ▸ [1099] contact_bank_bye  (✓ยืนยันแล้ว)
            หากมีข้อติดขัดประการใด โทรกลับมาปรึกษาเอบีซีได้ที่เบอร์ [company_phone] ค่ะ ขอบคุณค่ะ สวัสดีค่ะ"
nomoney100,สำนวน,NM-080,เดือนนี้ร่อแร่มาก,ก็คือตอนนี้ไม่มีเงินครับ,refused,refused,pass,ถูกเลย,convince,เจรจาต่อ,,greet_verify disclose_balance convince contact_bank_bye,"       ⚙  reply  text_ids=[1015]
     บอท ▸ [1015] greet_verify  (ยังไม่ยืนยัน)
            สวัสดีค่ะ ดิฉันติดต่อจากเอบีซี ไม่ทราบว่ากำลังเรียนสายอยู่กับคุณ สมมติ ทดสอบระบบ ใช่หรือไม่คะ
  ลูกค้า ▸ ใช่ครับ
       ⚙  verify_status
          -> ok
       ⚙  reply  text_ids=[1065]
     บอท ▸ [1065] disclose_balance  (✓ยืนยันแล้ว)
            ขอบคุณค่ะ เอบีซีขอเรียนแจ้งว่าสินเชื่อ ที่ลงท้ายด้วยเลข 1234 มียอดชำระขั้นต่ำ 3000 บาท ครบกำหนดวันที่ วันศุกร์ที่ 18 กันยายน 2026 ค่ะ ไม่ทราบว่าสะดวกชำระภายในวันนี้หรือไม่คะ
  ลูกค้า ▸ เดือนนี้ร่อแร่มาก
       ⚙  reply  text_ids=[1075]
     บอท ▸ [1075] convince  (✓ยืนยันแล้ว)
            เข้าใจค่ะ หากชำระขั้นต่ำ 3000 บาทภายในวันครบกำหนด จะช่วยรักษาประวัติการชำระไว้ได้ค่ะ ไม่ทราบว่าพอจะสะดวกหรือไม่คะ
  ลูกค้า ▸ ก็คือตอนนี้ไม่มีเงินครับ
       ⚙  record_outcome  {""result"": ""refused"", ""reason"": ""refused"", ""remark"": ""ก็คือตอนนี้ไม่มีเงินครับ""}
          -> ok
       ⚙  record_outcome  {""result"": ""refused"", ""reason"": ""refused"", ""remark"": ""ก็คือตอนนี้ไม่มีเงินครับ""}
          -> call_already_closed
       ⚙  reply  text_ids=[1099]
     บอท ▸ [1099] contact_bank_bye  (✓ยืนยันแล้ว)
            หากมีข้อติดขัดประการใด โทรกลับมาปรึกษาเอบีซีได้ที่เบอร์ [company_phone] ค่ะ ขอบคุณค่ะ สวัสดีค่ะ"
nomoney100,สำนวน,NM-081,ตอนนี้กรอบมากครับ,ก็คือตอนนี้ไม่มีเงินครับ,refused,refused,pass,ถูกเลย,convince,เจรจาต่อ,,greet_verify disclose_balance convince contact_bank_bye,"       ⚙  reply  text_ids=[1015]
     บอท ▸ [1015] greet_verify  (ยังไม่ยืนยัน)
            สวัสดีค่ะ ดิฉันติดต่อจากเอบีซี ไม่ทราบว่ากำลังเรียนสายอยู่กับคุณ สมมติ ทดสอบระบบ ใช่หรือไม่คะ
  ลูกค้า ▸ ใช่ครับ
       ⚙  verify_status
          -> ok
       ⚙  reply  text_ids=[1065]
     บอท ▸ [1065] disclose_balance  (✓ยืนยันแล้ว)
            ขอบคุณค่ะ เอบีซีขอเรียนแจ้งว่าสินเชื่อ ที่ลงท้ายด้วยเลข 1234 มียอดชำระขั้นต่ำ 3000 บาท ครบกำหนดวันที่ วันศุกร์ที่ 18 กันยายน 2026 ค่ะ ไม่ทราบว่าสะดวกชำระภายในวันนี้หรือไม่คะ
  ลูกค้า ▸ ตอนนี้กรอบมากครับ
       ⚙  reply  text_ids=[1075]
     บอท ▸ [1075] convince  (✓ยืนยันแล้ว)
            เข้าใจค่ะ หากชำระขั้นต่ำ 3000 บาทภายในวันครบกำหนด จะช่วยรักษาประวัติการชำระไว้ได้ค่ะ ไม่ทราบว่าพอจะสะดวกหรือไม่คะ
  ลูกค้า ▸ ก็คือตอนนี้ไม่มีเงินครับ
       ⚙  record_outcome  {""result"": ""refused"", ""reason"": ""refused"", ""remark"": ""ก็คือตอนนี้ไม่มีเงินครับ""}
          -> ok
       ⚙  record_outcome  {""result"": ""refused"", ""reason"": ""refused"", ""remark"": ""ก็คือตอนนี้ไม่มีเงินครับ""}
          -> call_already_closed
       ⚙  reply  text_ids=[1099]
     บอท ▸ [1099] contact_bank_bye  (✓ยืนยันแล้ว)
            หากมีข้อติดขัดประการใด โทรกลับมาปรึกษาเอบีซีได้ที่เบอร์ [company_phone] ค่ะ ขอบคุณค่ะ สวัสดีค่ะ"
nomoney100,สำนวน,NM-082,เงินไม่พอยาไส้เลย,ก็คือตอนนี้ไม่มีเงินครับ,refused,refused,pass,ถูกเลย,convince,เจรจาต่อ,,greet_verify disclose_balance convince contact_bank_bye,"       ⚙  reply  text_ids=[1015]
     บอท ▸ [1015] greet_verify  (ยังไม่ยืนยัน)
            สวัสดีค่ะ ดิฉันติดต่อจากเอบีซี ไม่ทราบว่ากำลังเรียนสายอยู่กับคุณ สมมติ ทดสอบระบบ ใช่หรือไม่คะ
  ลูกค้า ▸ ใช่ครับ
       ⚙  verify_status
          -> ok
       ⚙  reply  text_ids=[1065]
     บอท ▸ [1065] disclose_balance  (✓ยืนยันแล้ว)
            ขอบคุณค่ะ เอบีซีขอเรียนแจ้งว่าสินเชื่อ ที่ลงท้ายด้วยเลข 1234 มียอดชำระขั้นต่ำ 3000 บาท ครบกำหนดวันที่ วันศุกร์ที่ 18 กันยายน 2026 ค่ะ ไม่ทราบว่าสะดวกชำระภายในวันนี้หรือไม่คะ
  ลูกค้า ▸ เงินไม่พอยาไส้เลย
       ⚙  reply  text_ids=[1075]
     บอท ▸ [1075] convince  (✓ยืนยันแล้ว)
            เข้าใจค่ะ หากชำระขั้นต่ำ 3000 บาทภายในวันครบกำหนด จะช่วยรักษาประวัติการชำระไว้ได้ค่ะ ไม่ทราบว่าพอจะสะดวกหรือไม่คะ
  ลูกค้า ▸ ก็คือตอนนี้ไม่มีเงินครับ
       ⚙  record_outcome  {""result"": ""refused"", ""reason"": ""refused"", ""remark"": ""ก็คือตอนนี้ไม่มีเงินครับ""}
          -> ok
       ⚙  record_outcome  {""result"": ""refused"", ""reason"": ""refused"", ""remark"": ""ก็คือตอนนี้ไม่มีเงินครับ""}
          -> call_already_closed
       ⚙  reply  text_ids=[1099]
     บอท ▸ [1099] contact_bank_bye  (✓ยืนยันแล้ว)
            หากมีข้อติดขัดประการใด โทรกลับมาปรึกษาเอบีซีได้ที่เบอร์ [company_phone] ค่ะ ขอบคุณค่ะ สวัสดีค่ะ"
nomoney100,สำนวน,NM-083,หมุนเงินไม่ทันแล้วครับ,ก็คือตอนนี้ไม่มีเงินครับ,refused,refused,pass,ถูกเลย,convince,เจรจาต่อ,,greet_verify disclose_balance convince contact_bank_bye,"       ⚙  reply  text_ids=[1015]
     บอท ▸ [1015] greet_verify  (ยังไม่ยืนยัน)
            สวัสดีค่ะ ดิฉันติดต่อจากเอบีซี ไม่ทราบว่ากำลังเรียนสายอยู่กับคุณ สมมติ ทดสอบระบบ ใช่หรือไม่คะ
  ลูกค้า ▸ ใช่ครับ
       ⚙  verify_status
          -> ok
       ⚙  reply  text_ids=[1065]
     บอท ▸ [1065] disclose_balance  (✓ยืนยันแล้ว)
            ขอบคุณค่ะ เอบีซีขอเรียนแจ้งว่าสินเชื่อ ที่ลงท้ายด้วยเลข 1234 มียอดชำระขั้นต่ำ 3000 บาท ครบกำหนดวันที่ วันศุกร์ที่ 18 กันยายน 2026 ค่ะ ไม่ทราบว่าสะดวกชำระภายในวันนี้หรือไม่คะ
  ลูกค้า ▸ หมุนเงินไม่ทันแล้วครับ
       ⚙  reply  text_ids=[1075]
     บอท ▸ [1075] convince  (✓ยืนยันแล้ว)
            เข้าใจค่ะ หากชำระขั้นต่ำ 3000 บาทภายในวันครบกำหนด จะช่วยรักษาประวัติการชำระไว้ได้ค่ะ ไม่ทราบว่าพอจะสะดวกหรือไม่คะ
  ลูกค้า ▸ ก็คือตอนนี้ไม่มีเงินครับ
       ⚙  record_outcome  {""result"": ""refused"", ""reason"": ""refused"", ""remark"": ""ก็คือตอนนี้ไม่มีเงินครับ""}
          -> ok
       ⚙  record_outcome  {""result"": ""refused"", ""reason"": ""refused"", ""remark"": ""ก็คือตอนนี้ไม่มีเงินครับ""}
          -> call_already_closed
       ⚙  reply  text_ids=[1099]
     บอท ▸ [1099] contact_bank_bye  (✓ยืนยันแล้ว)
            หากมีข้อติดขัดประการใด โทรกลับมาปรึกษาเอบีซีได้ที่เบอร์ [company_phone] ค่ะ ขอบคุณค่ะ สวัสดีค่ะ"
nomoney100,สำนวน,NM-084,ตอนนี้ติดลบอยู่เลย,ก็คือตอนนี้ไม่มีเงินครับ,refused,refused,pass,ถูกเลย,convince,เจรจาต่อ,,greet_verify disclose_balance convince contact_bank_bye,"       ⚙  reply  text_ids=[1015]
     บอท ▸ [1015] greet_verify  (ยังไม่ยืนยัน)
            สวัสดีค่ะ ดิฉันติดต่อจากเอบีซี ไม่ทราบว่ากำลังเรียนสายอยู่กับคุณ สมมติ ทดสอบระบบ ใช่หรือไม่คะ
  ลูกค้า ▸ ใช่ครับ
       ⚙  verify_status
          -> ok
       ⚙  reply  text_ids=[1065]
     บอท ▸ [1065] disclose_balance  (✓ยืนยันแล้ว)
            ขอบคุณค่ะ เอบีซีขอเรียนแจ้งว่าสินเชื่อ ที่ลงท้ายด้วยเลข 1234 มียอดชำระขั้นต่ำ 3000 บาท ครบกำหนดวันที่ วันศุกร์ที่ 18 กันยายน 2026 ค่ะ ไม่ทราบว่าสะดวกชำระภายในวันนี้หรือไม่คะ
  ลูกค้า ▸ ตอนนี้ติดลบอยู่เลย
       ⚙  reply  text_ids=[1075]
     บอท ▸ [1075] convince  (✓ยืนยันแล้ว)
            เข้าใจค่ะ หากชำระขั้นต่ำ 3000 บาทภายในวันครบกำหนด จะช่วยรักษาประวัติการชำระไว้ได้ค่ะ ไม่ทราบว่าพอจะสะดวกหรือไม่คะ
  ลูกค้า ▸ ก็คือตอนนี้ไม่มีเงินครับ
       ⚙  record_outcome  {""result"": ""refused"", ""reason"": ""refused"", ""remark"": ""ก็คือตอนนี้ไม่มีเงินครับ""}
          -> ok
       ⚙  record_outcome  {""result"": ""refused"", ""reason"": ""refused"", ""remark"": ""ก็คือตอนนี้ไม่มีเงินครับ""}
          -> call_already_closed
       ⚙  reply  text_ids=[1099]
     บอท ▸ [1099] contact_bank_bye  (✓ยืนยันแล้ว)
            หากมีข้อติดขัดประการใด โทรกลับมาปรึกษาเอบีซีได้ที่เบอร์ [company_phone] ค่ะ ขอบคุณค่ะ สวัสดีค่ะ"
nomoney100,สำนวน,NM-085,ไม่มีติดตัวสักแดงเลย,ก็คือตอนนี้ไม่มีเงินครับ,refused,refused,pass,ถูกเลย,convince,เจรจาต่อ,,greet_verify disclose_balance convince contact_bank_bye,"       ⚙  reply  text_ids=[1015]
     บอท ▸ [1015] greet_verify  (ยังไม่ยืนยัน)
            สวัสดีค่ะ ดิฉันติดต่อจากเอบีซี ไม่ทราบว่ากำลังเรียนสายอยู่กับคุณ สมมติ ทดสอบระบบ ใช่หรือไม่คะ
  ลูกค้า ▸ ใช่ครับ
       ⚙  verify_status
          -> ok
       ⚙  reply  text_ids=[1065]
     บอท ▸ [1065] disclose_balance  (✓ยืนยันแล้ว)
            ขอบคุณค่ะ เอบีซีขอเรียนแจ้งว่าสินเชื่อ ที่ลงท้ายด้วยเลข 1234 มียอดชำระขั้นต่ำ 3000 บาท ครบกำหนดวันที่ วันศุกร์ที่ 18 กันยายน 2026 ค่ะ ไม่ทราบว่าสะดวกชำระภายในวันนี้หรือไม่คะ
  ลูกค้า ▸ ไม่มีติดตัวสักแดงเลย
       ⚙  reply  text_ids=[1075]
     บอท ▸ [1075] convince  (✓ยืนยันแล้ว)
            เข้าใจค่ะ หากชำระขั้นต่ำ 3000 บาทภายในวันครบกำหนด จะช่วยรักษาประวัติการชำระไว้ได้ค่ะ ไม่ทราบว่าพอจะสะดวกหรือไม่คะ
  ลูกค้า ▸ ก็คือตอนนี้ไม่มีเงินครับ
       ⚙  record_outcome  {""result"": ""refused"", ""reason"": ""refused"", ""remark"": ""ก็คือตอนนี้ไม่มีเงินครับ""}
          -> ok
       ⚙  reply  text_ids=[1099]
     บอท ▸ [1099] contact_bank_bye  (✓ยืนยันแล้ว)
            หากมีข้อติดขัดประการใด โทรกลับมาปรึกษาเอบีซีได้ที่เบอร์ [company_phone] ค่ะ ขอบคุณค่ะ สวัสดีค่ะ"
nomoney100,สำนวน,NM-086,สภาพคล่องไม่มีเลยครับ,ก็คือตอนนี้ไม่มีเงินครับ,refused,refused,pass,ถูกเลย,convince,เจรจาต่อ,,greet_verify disclose_balance convince contact_bank_bye,"       ⚙  reply  text_ids=[1015]
     บอท ▸ [1015] greet_verify  (ยังไม่ยืนยัน)
            สวัสดีค่ะ ดิฉันติดต่อจากเอบีซี ไม่ทราบว่ากำลังเรียนสายอยู่กับคุณ สมมติ ทดสอบระบบ ใช่หรือไม่คะ
  ลูกค้า ▸ ใช่ครับ
       ⚙  verify_status
          -> ok
       ⚙  reply  text_ids=[1065]
     บอท ▸ [1065] disclose_balance  (✓ยืนยันแล้ว)
            ขอบคุณค่ะ เอบีซีขอเรียนแจ้งว่าสินเชื่อ ที่ลงท้ายด้วยเลข 1234 มียอดชำระขั้นต่ำ 3000 บาท ครบกำหนดวันที่ วันศุกร์ที่ 18 กันยายน 2026 ค่ะ ไม่ทราบว่าสะดวกชำระภายในวันนี้หรือไม่คะ
  ลูกค้า ▸ สภาพคล่องไม่มีเลยครับ
       ⚙  reply  text_ids=[1075]
     บอท ▸ [1075] convince  (✓ยืนยันแล้ว)
            เข้าใจค่ะ หากชำระขั้นต่ำ 3000 บาทภายในวันครบกำหนด จะช่วยรักษาประวัติการชำระไว้ได้ค่ะ ไม่ทราบว่าพอจะสะดวกหรือไม่คะ
  ลูกค้า ▸ ก็คือตอนนี้ไม่มีเงินครับ
       ⚙  record_outcome  {""result"": ""refused"", ""reason"": ""refused"", ""remark"": ""ก็คือตอนนี้ไม่มีเงินครับ""}
          -> ok
       ⚙  reply  text_ids=[1099]
     บอท ▸ [1099] contact_bank_bye  (✓ยืนยันแล้ว)
            หากมีข้อติดขัดประการใด โทรกลับมาปรึกษาเอบีซีได้ที่เบอร์ [company_phone] ค่ะ ขอบคุณค่ะ สวัสดีค่ะ"
nomoney100,สำนวน,NM-087,ปลายเดือนแล้ว เหลือแต่ลม,ก็คือตอนนี้ไม่มีเงินครับ,refused,refused,pass,ถูกเลย,convince,เจรจาต่อ,,greet_verify disclose_balance convince contact_bank_bye,"       ⚙  reply  text_ids=[1015]
     บอท ▸ [1015] greet_verify  (ยังไม่ยืนยัน)
            สวัสดีค่ะ ดิฉันติดต่อจากเอบีซี ไม่ทราบว่ากำลังเรียนสายอยู่กับคุณ สมมติ ทดสอบระบบ ใช่หรือไม่คะ
  ลูกค้า ▸ ใช่ครับ
       ⚙  verify_status
          -> ok
       ⚙  reply  text_ids=[1065]
     บอท ▸ [1065] disclose_balance  (✓ยืนยันแล้ว)
            ขอบคุณค่ะ เอบีซีขอเรียนแจ้งว่าสินเชื่อ ที่ลงท้ายด้วยเลข 1234 มียอดชำระขั้นต่ำ 3000 บาท ครบกำหนดวันที่ วันศุกร์ที่ 18 กันยายน 2026 ค่ะ ไม่ทราบว่าสะดวกชำระภายในวันนี้หรือไม่คะ
  ลูกค้า ▸ ปลายเดือนแล้ว เหลือแต่ลม
       ⚙  reply  text_ids=[1075]
     บอท ▸ [1075] convince  (✓ยืนยันแล้ว)
            เข้าใจค่ะ หากชำระขั้นต่ำ 3000 บาทภายในวันครบกำหนด จะช่วยรักษาประวัติการชำระไว้ได้ค่ะ ไม่ทราบว่าพอจะสะดวกหรือไม่คะ
  ลูกค้า ▸ ก็คือตอนนี้ไม่มีเงินครับ
       ⚙  record_outcome  {""result"": ""refused"", ""reason"": ""refused"", ""remark"": ""ก็คือตอนนี้ไม่มีเงินครับ""}
          -> ok
       ⚙  record_outcome  {""result"": ""refused"", ""reason"": ""refused"", ""remark"": ""ก็คือตอนนี้ไม่มีเงินครับ""}
          -> call_already_closed
       ⚙  reply  text_ids=[1099]
     บอท ▸ [1099] contact_bank_bye  (✓ยืนยันแล้ว)
            หากมีข้อติดขัดประการใด โทรกลับมาปรึกษาเอบีซีได้ที่เบอร์ [company_phone] ค่ะ ขอบคุณค่ะ สวัสดีค่ะ"
nomoney100,สำนวน,NM-088,ตอนนี้ถังแตกค่ะ,ก็คือตอนนี้ไม่มีเงินครับ,refused,refused,pass,ถูกเลย,convince,เจรจาต่อ,,greet_verify disclose_balance convince contact_bank_bye,"       ⚙  reply  text_ids=[1015]
     บอท ▸ [1015] greet_verify  (ยังไม่ยืนยัน)
            สวัสดีค่ะ ดิฉันติดต่อจากเอบีซี ไม่ทราบว่ากำลังเรียนสายอยู่กับคุณ สมมติ ทดสอบระบบ ใช่หรือไม่คะ
  ลูกค้า ▸ ใช่ครับ
       ⚙  verify_status
          -> ok
       ⚙  reply  text_ids=[1065]
     บอท ▸ [1065] disclose_balance  (✓ยืนยันแล้ว)
            ขอบคุณค่ะ เอบีซีขอเรียนแจ้งว่าสินเชื่อ ที่ลงท้ายด้วยเลข 1234 มียอดชำระขั้นต่ำ 3000 บาท ครบกำหนดวันที่ วันศุกร์ที่ 18 กันยายน 2026 ค่ะ ไม่ทราบว่าสะดวกชำระภายในวันนี้หรือไม่คะ
  ลูกค้า ▸ ตอนนี้ถังแตกค่ะ
       ⚙  reply  text_ids=[1075]
     บอท ▸ [1075] convince  (✓ยืนยันแล้ว)
            เข้าใจค่ะ หากชำระขั้นต่ำ 3000 บาทภายในวันครบกำหนด จะช่วยรักษาประวัติการชำระไว้ได้ค่ะ ไม่ทราบว่าพอจะสะดวกหรือไม่คะ
  ลูกค้า ▸ ก็คือตอนนี้ไม่มีเงินครับ
       ⚙  record_outcome  {""result"": ""refused"", ""reason"": ""refused"", ""remark"": ""ก็คือตอนนี้ไม่มีเงินครับ""}
          -> ok
       ⚙  reply  text_ids=[1099]
     บอท ▸ [1099] contact_bank_bye  (✓ยืนยันแล้ว)
            หากมีข้อติดขัดประการใด โทรกลับมาปรึกษาเอบีซีได้ที่เบอร์ [company_phone] ค่ะ ขอบคุณค่ะ สวัสดีค่ะ"
nomoney100,สำนวน,NM-089,หาเช้ากินค่ำอยู่ครับ,ก็คือตอนนี้ไม่มีเงินครับ,refused,refused,pass,ถูกเลย,convince,เจรจาต่อ,,greet_verify disclose_balance convince contact_bank_bye,"       ⚙  reply  text_ids=[1015]
     บอท ▸ [1015] greet_verify  (ยังไม่ยืนยัน)
            สวัสดีค่ะ ดิฉันติดต่อจากเอบีซี ไม่ทราบว่ากำลังเรียนสายอยู่กับคุณ สมมติ ทดสอบระบบ ใช่หรือไม่คะ
  ลูกค้า ▸ ใช่ครับ
       ⚙  verify_status
          -> ok
       ⚙  reply  text_ids=[1065]
     บอท ▸ [1065] disclose_balance  (✓ยืนยันแล้ว)
            ขอบคุณค่ะ เอบีซีขอเรียนแจ้งว่าสินเชื่อ ที่ลงท้ายด้วยเลข 1234 มียอดชำระขั้นต่ำ 3000 บาท ครบกำหนดวันที่ วันศุกร์ที่ 18 กันยายน 2026 ค่ะ ไม่ทราบว่าสะดวกชำระภายในวันนี้หรือไม่คะ
  ลูกค้า ▸ หาเช้ากินค่ำอยู่ครับ
       ⚙  reply  text_ids=[1075]
     บอท ▸ [1075] convince  (✓ยืนยันแล้ว)
            เข้าใจค่ะ หากชำระขั้นต่ำ 3000 บาทภายในวันครบกำหนด จะช่วยรักษาประวัติการชำระไว้ได้ค่ะ ไม่ทราบว่าพอจะสะดวกหรือไม่คะ
  ลูกค้า ▸ ก็คือตอนนี้ไม่มีเงินครับ
       ⚙  record_outcome  {""result"": ""refused"", ""reason"": ""refused"", ""remark"": ""ก็คือตอนนี้ไม่มีเงินครับ""}
          -> ok
       ⚙  record_outcome  {""result"": ""refused"", ""reason"": ""refused"", ""remark"": ""ก็คือตอนนี้ไม่มีเงินครับ""}
          -> call_already_closed
       ⚙  reply  text_ids=[1099]
     บอท ▸ [1099] contact_bank_bye  (✓ยืนยันแล้ว)
            หากมีข้อติดขัดประการใด โทรกลับมาปรึกษาเอบีซีได้ที่เบอร์ [company_phone] ค่ะ ขอบคุณค่ะ สวัสดีค่ะ"
nomoney100,สำนวน,NM-090,ตอนนี้ตึงมือมากเลย,ก็คือตอนนี้ไม่มีเงินครับ,refused,refused,pass,ถูกเลย,convince,เจรจาต่อ,,greet_verify disclose_balance convince contact_bank_bye,"       ⚙  reply  text_ids=[1015]
     บอท ▸ [1015] greet_verify  (ยังไม่ยืนยัน)
            สวัสดีค่ะ ดิฉันติดต่อจากเอบีซี ไม่ทราบว่ากำลังเรียนสายอยู่กับคุณ สมมติ ทดสอบระบบ ใช่หรือไม่คะ
  ลูกค้า ▸ ใช่ครับ
       ⚙  verify_status
          -> ok
       ⚙  reply  text_ids=[1065]
     บอท ▸ [1065] disclose_balance  (✓ยืนยันแล้ว)
            ขอบคุณค่ะ เอบีซีขอเรียนแจ้งว่าสินเชื่อ ที่ลงท้ายด้วยเลข 1234 มียอดชำระขั้นต่ำ 3000 บาท ครบกำหนดวันที่ วันศุกร์ที่ 18 กันยายน 2026 ค่ะ ไม่ทราบว่าสะดวกชำระภายในวันนี้หรือไม่คะ
  ลูกค้า ▸ ตอนนี้ตึงมือมากเลย
       ⚙  reply  text_ids=[1075]
     บอท ▸ [1075] convince  (✓ยืนยันแล้ว)
            เข้าใจค่ะ หากชำระขั้นต่ำ 3000 บาทภายในวันครบกำหนด จะช่วยรักษาประวัติการชำระไว้ได้ค่ะ ไม่ทราบว่าพอจะสะดวกหรือไม่คะ
  ลูกค้า ▸ ก็คือตอนนี้ไม่มีเงินครับ
       ⚙  record_outcome  {""result"": ""refused"", ""reason"": ""refused"", ""remark"": ""ก็คือตอนนี้ไม่มีเงินครับ""}
          -> ok
       ⚙  record_outcome  {""result"": ""refused"", ""reason"": ""refused"", ""remark"": ""ก็คือตอนนี้ไม่มีเงินครับ""}
          -> call_already_closed
       ⚙  reply  text_ids=[1099]
     บอท ▸ [1099] contact_bank_bye  (✓ยืนยันแล้ว)
            หากมีข้อติดขัดประการใด โทรกลับมาปรึกษาเอบีซีได้ที่เบอร์ [company_phone] ค่ะ ขอบคุณค่ะ สวัสดีค่ะ"
nomoney100,เงื่อนไขสมมติ,NM-001,ถ้ามีก็จ่ายไปนานแล้วค่ะ,ก็คือตอนนี้ไม่มีเงินครับ,refused,refused,pass,ถูกหลังถามกลับ,ask_clarify,ถามยืนยันก่อน,,greet_verify disclose_balance ask_clarify convince contact_bank_bye,"       ⚙  reply  text_ids=[1015]
     บอท ▸ [1015] greet_verify  (ยังไม่ยืนยัน)
            สวัสดีค่ะ ดิฉันติดต่อจากเอบีซี ไม่ทราบว่ากำลังเรียนสายอยู่กับคุณ สมมติ ทดสอบระบบ ใช่หรือไม่คะ
  ลูกค้า ▸ ใช่ครับ
       ⚙  verify_status
          -> ok
       ⚙  reply  text_ids=[1065]
     บอท ▸ [1065] disclose_balance  (✓ยืนยันแล้ว)
            ขอบคุณค่ะ เอบีซีขอเรียนแจ้งว่าสินเชื่อ ที่ลงท้ายด้วยเลข 1234 มียอดชำระขั้นต่ำ 3000 บาท ครบกำหนดวันที่ วันศุกร์ที่ 18 กันยายน 2026 ค่ะ ไม่ทราบว่าสะดวกชำระภายในวันนี้หรือไม่คะ
  ลูกค้า ▸ ถ้ามีก็จ่ายไปนานแล้วค่ะ
       ⚙  reply  text_ids=[3127]
     บอท ▸ [3127] ask_clarify  (✓ยืนยันแล้ว)
            ขออภัยค่ะ ดิฉันขอถามให้แน่ใจอีกครั้ง คุณลูกค้าหมายความว่ายังไงคะ
  ลูกค้า ▸ ก็คือตอนนี้ไม่มีเงินครับ
       ⚙  reply  text_ids=[1075]
     บอท ▸ [1075] convince  (✓ยืนยันแล้ว)
            เข้าใจค่ะ หากชำระขั้นต่ำ 3000 บาทภายในวันครบกำหนด จะช่วยรักษาประวัติการชำระไว้ได้ค่ะ ไม่ทราบว่าพอจะสะดวกหรือไม่คะ
  ลูกค้า ▸ ยังไม่มีเงินจ่ายครับ
       ⚙  record_outcome  {""result"": ""refused"", ""reason"": ""refused"", ""remark"": ""ยังไม่มีเงินจ่ายครับ""}
          -> ok
       ⚙  record_outcome  {""result"": ""refused"", ""reason"": ""refused"", ""remark"": ""ยังไม่มีเงินจ่ายครับ""}
          -> call_already_closed
       ⚙  reply  text_ids=[1099]
     บอท ▸ [1099] contact_bank_bye  (✓ยืนยันแล้ว)
            หากมีข้อติดขัดประการใด โทรกลับมาปรึกษาเอบีซีได้ที่เบอร์ [company_phone] ค่ะ ขอบคุณค่ะ สวัสดีค่ะ"
nomoney100,เงื่อนไขสมมติ,NM-002,ถ้ามีเงิน จะมานั่งคุยอยู่ทำไมล่ะครับ,ก็คือตอนนี้ไม่มีเงินครับ,refused,refused,pass,ถูกหลังถามกลับ,ask_clarify,ถามยืนยันก่อน,,greet_verify disclose_balance ask_clarify convince ptp_bye,"       ⚙  reply  text_ids=[1015]
     บอท ▸ [1015] greet_verify  (ยังไม่ยืนยัน)
            สวัสดีค่ะ ดิฉันติดต่อจากเอบีซี ไม่ทราบว่ากำลังเรียนสายอยู่กับคุณ สมมติ ทดสอบระบบ ใช่หรือไม่คะ
  ลูกค้า ▸ ใช่ครับ
       ⚙  verify_status
          -> ok
       ⚙  reply  text_ids=[1065]
     บอท ▸ [1065] disclose_balance  (✓ยืนยันแล้ว)
            ขอบคุณค่ะ เอบีซีขอเรียนแจ้งว่าสินเชื่อ ที่ลงท้ายด้วยเลข 1234 มียอดชำระขั้นต่ำ 3000 บาท ครบกำหนดวันที่ วันศุกร์ที่ 18 กันยายน 2026 ค่ะ ไม่ทราบว่าสะดวกชำระภายในวันนี้หรือไม่คะ
  ลูกค้า ▸ ถ้ามีเงิน จะมานั่งคุยอยู่ทำไมล่ะครับ
       ⚙  reply  text_ids=[3127]
     บอท ▸ [3127] ask_clarify  (✓ยืนยันแล้ว)
            ขออภัยค่ะ ดิฉันขอถามให้แน่ใจอีกครั้ง คุณลูกค้าหมายความว่ายังไงคะ
  ลูกค้า ▸ ก็คือตอนนี้ไม่มีเงินครับ
       ⚙  reply  text_ids=[1075]
     บอท ▸ [1075] convince  (✓ยืนยันแล้ว)
            เข้าใจค่ะ หากชำระขั้นต่ำ 3000 บาทภายในวันครบกำหนด จะช่วยรักษาประวัติการชำระไว้ได้ค่ะ ไม่ทราบว่าพอจะสะดวกหรือไม่คะ
  ลูกค้า ▸ ยังไม่มีเงินจ่ายครับ
       ⚙  record_outcome  {""result"": ""refused"", ""reason"": ""refused"", ""remark"": ""ยังไม่มีเงินจ่ายครับ""}
          -> ok
       ⚙  record_outcome  {""result"": ""refused"", ""reason"": ""refused"", ""remark"": ""ยังไม่มีเงินจ่ายครับ""}
          -> call_already_closed
     บอท ▸ [1084] ptp_bye  (✓ยืนยันแล้ว)
            ขอบคุณค่ะ เอบีซีได้บันทึกไว้เรียบร้อยแล้วค่ะ ขอบคุณที่สละเวลา สวัสดีค่ะ"
nomoney100,เงื่อนไขสมมติ,NM-003,ถ้ามีป่านนี้โอนไปแล้วค่ะ,ก็คือตอนนี้ไม่มีเงินครับ,refused,refused,pass,ถูกเลย,confirm_paid,ถามยืนยันก่อน,,greet_verify disclose_balance confirm_paid convince contact_bank_bye,"       ⚙  reply  text_ids=[1015]
     บอท ▸ [1015] greet_verify  (ยังไม่ยืนยัน)
            สวัสดีค่ะ ดิฉันติดต่อจากเอบีซี ไม่ทราบว่ากำลังเรียนสายอยู่กับคุณ สมมติ ทดสอบระบบ ใช่หรือไม่คะ
  ลูกค้า ▸ ใช่ครับ
       ⚙  verify_status
          -> ok
       ⚙  reply  text_ids=[1065]
     บอท ▸ [1065] disclose_balance  (✓ยืนยันแล้ว)
            ขอบคุณค่ะ เอบีซีขอเรียนแจ้งว่าสินเชื่อ ที่ลงท้ายด้วยเลข 1234 มียอดชำระขั้นต่ำ 3000 บาท ครบกำหนดวันที่ วันศุกร์ที่ 18 กันยายน 2026 ค่ะ ไม่ทราบว่าสะดวกชำระภายในวันนี้หรือไม่คะ
  ลูกค้า ▸ ถ้ามีป่านนี้โอนไปแล้วค่ะ
       ⚙  reply  text_ids=[2752]
     บอท ▸ [2752] confirm_paid  (✓ยืนยันแล้ว)
            ขอยืนยันนะคะ คุณลูกค้าได้ชำระยอดนี้เรียบร้อยแล้วใช่หรือไม่คะ
  ลูกค้า ▸ ก็คือตอนนี้ไม่มีเงินครับ
       ⚙  reply  text_ids=[1075]
     บอท ▸ [1075] convince  (✓ยืนยันแล้ว)
            เข้าใจค่ะ หากชำระขั้นต่ำ 3000 บาทภายในวันครบกำหนด จะช่วยรักษาประวัติการชำระไว้ได้ค่ะ ไม่ทราบว่าพอจะสะดวกหรือไม่คะ
  ลูกค้า ▸ ยังไม่มีเงินจ่ายครับ
       ⚙  record_outcome  {""result"": ""refused"", ""reason"": ""refused"", ""remark"": ""ยังไม่มีเงินจ่ายครับ""}
          -> ok
       ⚙  record_outcome  {""result"": ""refused"", ""reason"": ""refused"", ""remark"": ""ยังไม่มีเงินจ่ายครับ""}
          -> call_already_closed
       ⚙  reply  text_ids=[1099]
     บอท ▸ [1099] contact_bank_bye  (✓ยืนยันแล้ว)
            หากมีข้อติดขัดประการใด โทรกลับมาปรึกษาเอบีซีได้ที่เบอร์ [company_phone] ค่ะ ขอบคุณค่ะ สวัสดีค่ะ"
nomoney100,เงื่อนไขสมมติ,NM-004,ถ้าหาได้ พี่ไม่ปล่อยให้ค้างหรอก,ก็คือตอนนี้ไม่มีเงินครับ,refused,refused,pass,ถูกหลังถามกลับ,ask_clarify,ถามยืนยันก่อน,,greet_verify disclose_balance ask_clarify convince contact_bank_bye,"       ⚙  reply  text_ids=[1015]
     บอท ▸ [1015] greet_verify  (ยังไม่ยืนยัน)
            สวัสดีค่ะ ดิฉันติดต่อจากเอบีซี ไม่ทราบว่ากำลังเรียนสายอยู่กับคุณ สมมติ ทดสอบระบบ ใช่หรือไม่คะ
  ลูกค้า ▸ ใช่ครับ
       ⚙  verify_status
          -> ok
       ⚙  reply  text_ids=[1065]
     บอท ▸ [1065] disclose_balance  (✓ยืนยันแล้ว)
            ขอบคุณค่ะ เอบีซีขอเรียนแจ้งว่าสินเชื่อ ที่ลงท้ายด้วยเลข 1234 มียอดชำระขั้นต่ำ 3000 บาท ครบกำหนดวันที่ วันศุกร์ที่ 18 กันยายน 2026 ค่ะ ไม่ทราบว่าสะดวกชำระภายในวันนี้หรือไม่คะ
  ลูกค้า ▸ ถ้าหาได้ พี่ไม่ปล่อยให้ค้างหรอก
       ⚙  reply  text_ids=[3127]
     บอท ▸ [3127] ask_clarify  (✓ยืนยันแล้ว)
            ขออภัยค่ะ ดิฉันขอถามให้แน่ใจอีกครั้ง คุณลูกค้าหมายความว่ายังไงคะ
  ลูกค้า ▸ ก็คือตอนนี้ไม่มีเงินครับ
       ⚙  reply  text_ids=[1075]
     บอท ▸ [1075] convince  (✓ยืนยันแล้ว)
            เข้าใจค่ะ หากชำระขั้นต่ำ 3000 บาทภายในวันครบกำหนด จะช่วยรักษาประวัติการชำระไว้ได้ค่ะ ไม่ทราบว่าพอจะสะดวกหรือไม่คะ
  ลูกค้า ▸ ยังไม่มีเงินจ่ายครับ
       ⚙  record_outcome  {""result"": ""refused"", ""reason"": ""refused"", ""remark"": ""ยังไม่มีเงินจ่ายครับ""}
          -> ok
       ⚙  record_outcome  {""result"": ""refused"", ""reason"": ""refused"", ""remark"": ""ยังไม่มีเงินจ่ายครับ""}
          -> call_already_closed
       ⚙  reply  text_ids=[1099]
     บอท ▸ [1099] contact_bank_bye  (✓ยืนยันแล้ว)
            หากมีข้อติดขัดประการใด โทรกลับมาปรึกษาเอบีซีได้ที่เบอร์ [company_phone] ค่ะ ขอบคุณค่ะ สวัสดีค่ะ"
nomoney100,เงื่อนไขสมมติ,NM-005,ถ้ามีจริงๆ ไม่ต้องโทรตามหรอกครับ,ก็คือตอนนี้ไม่มีเงินครับ,refused,refused,pass,ถูกหลังถามกลับ,ask_clarify,ถามยืนยันก่อน,,greet_verify disclose_balance ask_clarify convince ptp_bye,"       ⚙  reply  text_ids=[1015]
     บอท ▸ [1015] greet_verify  (ยังไม่ยืนยัน)
            สวัสดีค่ะ ดิฉันติดต่อจากเอบีซี ไม่ทราบว่ากำลังเรียนสายอยู่กับคุณ สมมติ ทดสอบระบบ ใช่หรือไม่คะ
  ลูกค้า ▸ ใช่ครับ
       ⚙  verify_status
          -> ok
       ⚙  reply  text_ids=[1065]
     บอท ▸ [1065] disclose_balance  (✓ยืนยันแล้ว)
            ขอบคุณค่ะ เอบีซีขอเรียนแจ้งว่าสินเชื่อ ที่ลงท้ายด้วยเลข 1234 มียอดชำระขั้นต่ำ 3000 บาท ครบกำหนดวันที่ วันศุกร์ที่ 18 กันยายน 2026 ค่ะ ไม่ทราบว่าสะดวกชำระภายในวันนี้หรือไม่คะ
  ลูกค้า ▸ ถ้ามีจริงๆ ไม่ต้องโทรตามหรอกครับ
       ⚙  reply  text_ids=[3127]
     บอท ▸ [3127] ask_clarify  (✓ยืนยันแล้ว)
            ขออภัยค่ะ ดิฉันขอถามให้แน่ใจอีกครั้ง คุณลูกค้าหมายความว่ายังไงคะ
  ลูกค้า ▸ ก็คือตอนนี้ไม่มีเงินครับ
       ⚙  reply  text_ids=[1075]
     บอท ▸ [1075] convince  (✓ยืนยันแล้ว)
            เข้าใจค่ะ หากชำระขั้นต่ำ 3000 บาทภายในวันครบกำหนด จะช่วยรักษาประวัติการชำระไว้ได้ค่ะ ไม่ทราบว่าพอจะสะดวกหรือไม่คะ
  ลูกค้า ▸ ยังไม่มีเงินจ่ายครับ
       ⚙  record_outcome  {""result"": ""refused"", ""reason"": ""refused"", ""remark"": ""ยังไม่มีเงินจ่ายครับ""}
          -> ok
       ⚙  record_outcome  {""result"": ""refused"", ""reason"": ""refused"", ""remark"": ""ยังไม่มีเงินจ่ายครับ""}
          -> call_already_closed
     บอท ▸ [1084] ptp_bye  (✓ยืนยันแล้ว)
            ขอบคุณค่ะ เอบีซีได้บันทึกไว้เรียบร้อยแล้วค่ะ ขอบคุณที่สละเวลา สวัสดีค่ะ"
nomoney100,เงื่อนไขสมมติ,NM-006,ถ้าจ่ายไหว ก็จ่ายไปตั้งแต่เดือนที่แล้วแล้ว,ก็คือตอนนี้ไม่มีเงินครับ,refused,refused,pass,ถูกหลังถามกลับ,ask_clarify,ถามยืนยันก่อน,,greet_verify disclose_balance ask_clarify convince contact_bank_bye,"       ⚙  reply  text_ids=[1015]
     บอท ▸ [1015] greet_verify  (ยังไม่ยืนยัน)
            สวัสดีค่ะ ดิฉันติดต่อจากเอบีซี ไม่ทราบว่ากำลังเรียนสายอยู่กับคุณ สมมติ ทดสอบระบบ ใช่หรือไม่คะ
  ลูกค้า ▸ ใช่ครับ
       ⚙  verify_status
          -> ok
       ⚙  reply  text_ids=[1065]
     บอท ▸ [1065] disclose_balance  (✓ยืนยันแล้ว)
            ขอบคุณค่ะ เอบีซีขอเรียนแจ้งว่าสินเชื่อ ที่ลงท้ายด้วยเลข 1234 มียอดชำระขั้นต่ำ 3000 บาท ครบกำหนดวันที่ วันศุกร์ที่ 18 กันยายน 2026 ค่ะ ไม่ทราบว่าสะดวกชำระภายในวันนี้หรือไม่คะ
  ลูกค้า ▸ ถ้าจ่ายไหว ก็จ่ายไปตั้งแต่เดือนที่แล้วแล้ว
       ⚙  reply  text_ids=[3127]
     บอท ▸ [3127] ask_clarify  (✓ยืนยันแล้ว)
            ขออภัยค่ะ ดิฉันขอถามให้แน่ใจอีกครั้ง คุณลูกค้าหมายความว่ายังไงคะ
  ลูกค้า ▸ ก็คือตอนนี้ไม่มีเงินครับ
       ⚙  reply  text_ids=[1075]
     บอท ▸ [1075] convince  (✓ยืนยันแล้ว)
            เข้าใจค่ะ หากชำระขั้นต่ำ 3000 บาทภายในวันครบกำหนด จะช่วยรักษาประวัติการชำระไว้ได้ค่ะ ไม่ทราบว่าพอจะสะดวกหรือไม่คะ
  ลูกค้า ▸ ยังไม่มีเงินจ่ายครับ
       ⚙  record_outcome  {""result"": ""refused"", ""reason"": ""refused"", ""remark"": ""ยังไม่มีเงินจ่ายครับ""}
          -> ok
       ⚙  record_outcome  {""result"": ""refused"", ""reason"": ""refused"", ""remark"": ""ยังไม่มีเงินจ่ายครับ""}
          -> call_already_closed
       ⚙  reply  text_ids=[1099]
     บอท ▸ [1099] contact_bank_bye  (✓ยืนยันแล้ว)
            หากมีข้อติดขัดประการใด โทรกลับมาปรึกษาเอบีซีได้ที่เบอร์ [company_phone] ค่ะ ขอบคุณค่ะ สวัสดีค่ะ"
nomoney100,เงื่อนไขสมมติ,NM-007,ถ้ามีเหลือ ใครจะอยากเป็นหนี้ล่ะคะ,ก็คือตอนนี้ไม่มีเงินครับ,refused,refused,pass,ถูกหลังถามกลับ,ask_clarify,ถามยืนยันก่อน,,greet_verify disclose_balance ask_clarify convince contact_bank_bye,"       ⚙  reply  text_ids=[1015]
     บอท ▸ [1015] greet_verify  (ยังไม่ยืนยัน)
            สวัสดีค่ะ ดิฉันติดต่อจากเอบีซี ไม่ทราบว่ากำลังเรียนสายอยู่กับคุณ สมมติ ทดสอบระบบ ใช่หรือไม่คะ
  ลูกค้า ▸ ใช่ครับ
       ⚙  verify_status
          -> ok
       ⚙  reply  text_ids=[1065]
     บอท ▸ [1065] disclose_balance  (✓ยืนยันแล้ว)
            ขอบคุณค่ะ เอบีซีขอเรียนแจ้งว่าสินเชื่อ ที่ลงท้ายด้วยเลข 1234 มียอดชำระขั้นต่ำ 3000 บาท ครบกำหนดวันที่ วันศุกร์ที่ 18 กันยายน 2026 ค่ะ ไม่ทราบว่าสะดวกชำระภายในวันนี้หรือไม่คะ
  ลูกค้า ▸ ถ้ามีเหลือ ใครจะอยากเป็นหนี้ล่ะคะ
       ⚙  reply  text_ids=[3127]
     บอท ▸ [3127] ask_clarify  (✓ยืนยันแล้ว)
            ขออภัยค่ะ ดิฉันขอถามให้แน่ใจอีกครั้ง คุณลูกค้าหมายความว่ายังไงคะ
  ลูกค้า ▸ ก็คือตอนนี้ไม่มีเงินครับ
       ⚙  reply  text_ids=[1075]
     บอท ▸ [1075] convince  (✓ยืนยันแล้ว)
            เข้าใจค่ะ หากชำระขั้นต่ำ 3000 บาทภายในวันครบกำหนด จะช่วยรักษาประวัติการชำระไว้ได้ค่ะ ไม่ทราบว่าพอจะสะดวกหรือไม่คะ
  ลูกค้า ▸ ยังไม่มีเงินจ่ายครับ
       ⚙  record_outcome  {""result"": ""refused"", ""reason"": ""refused"", ""remark"": ""ยังไม่มีเงินจ่ายครับ""}
          -> ok
       ⚙  record_outcome  {""result"": ""refused"", ""reason"": ""refused"", ""remark"": ""ยังไม่มีเงินจ่ายครับ""}
          -> call_already_closed
       ⚙  reply  text_ids=[1099]
     บอท ▸ [1099] contact_bank_bye  (✓ยืนยันแล้ว)
            หากมีข้อติดขัดประการใด โทรกลับมาปรึกษาเอบีซีได้ที่เบอร์ [company_phone] ค่ะ ขอบคุณค่ะ สวัสดีค่ะ"
nomoney100,เงื่อนไขสมมติ,NM-008,ถ้าเงินเดือนออกตรงเวลา ก็คงจ่ายไปแล้ว,ก็คือตอนนี้ไม่มีเงินครับ,refused,refused,pass,ถูกหลังถามกลับ,ask_clarify,ถามยืนยันก่อน,,greet_verify disclose_balance ask_clarify convince contact_bank_bye,"       ⚙  reply  text_ids=[1015]
     บอท ▸ [1015] greet_verify  (ยังไม่ยืนยัน)
            สวัสดีค่ะ ดิฉันติดต่อจากเอบีซี ไม่ทราบว่ากำลังเรียนสายอยู่กับคุณ สมมติ ทดสอบระบบ ใช่หรือไม่คะ
  ลูกค้า ▸ ใช่ครับ
       ⚙  verify_status
          -> ok
       ⚙  reply  text_ids=[1065]
     บอท ▸ [1065] disclose_balance  (✓ยืนยันแล้ว)
            ขอบคุณค่ะ เอบีซีขอเรียนแจ้งว่าสินเชื่อ ที่ลงท้ายด้วยเลข 1234 มียอดชำระขั้นต่ำ 3000 บาท ครบกำหนดวันที่ วันศุกร์ที่ 18 กันยายน 2026 ค่ะ ไม่ทราบว่าสะดวกชำระภายในวันนี้หรือไม่คะ
  ลูกค้า ▸ ถ้าเงินเดือนออกตรงเวลา ก็คงจ่ายไปแล้ว
       ⚙  reply  text_ids=[3127]
     บอท ▸ [3127] ask_clarify  (✓ยืนยันแล้ว)
            ขออภัยค่ะ ดิฉันขอถามให้แน่ใจอีกครั้ง คุณลูกค้าหมายความว่ายังไงคะ
  ลูกค้า ▸ ก็คือตอนนี้ไม่มีเงินครับ
       ⚙  reply  text_ids=[1075]
     บอท ▸ [1075] convince  (✓ยืนยันแล้ว)
            เข้าใจค่ะ หากชำระขั้นต่ำ 3000 บาทภายในวันครบกำหนด จะช่วยรักษาประวัติการชำระไว้ได้ค่ะ ไม่ทราบว่าพอจะสะดวกหรือไม่คะ
  ลูกค้า ▸ ยังไม่มีเงินจ่ายครับ
       ⚙  record_outcome  {""result"": ""refused"", ""reason"": ""refused"", ""remark"": ""ยังไม่มีเงินจ่ายครับ""}
          -> ok
       ⚙  record_outcome  {""result"": ""refused"", ""reason"": ""refused"", ""remark"": ""ยังไม่มีเงินจ่ายครับ""}
          -> call_already_closed
       ⚙  reply  text_ids=[1099]
     บอท ▸ [1099] contact_bank_bye  (✓ยืนยันแล้ว)
            หากมีข้อติดขัดประการใด โทรกลับมาปรึกษาเอบีซีได้ที่เบอร์ [company_phone] ค่ะ ขอบคุณค่ะ สวัสดีค่ะ"
nomoney100,เงื่อนไขสมมติ,NM-009,ถ้าพี่มี พี่ไม่ให้น้องต้องโทรมาหรอก,ก็คือตอนนี้ไม่มีเงินครับ,refused,refused,pass,ถูกหลังถามกลับ,ask_clarify,ถามยืนยันก่อน,,greet_verify disclose_balance ask_clarify convince contact_bank_bye,"       ⚙  reply  text_ids=[1015]
     บอท ▸ [1015] greet_verify  (ยังไม่ยืนยัน)
            สวัสดีค่ะ ดิฉันติดต่อจากเอบีซี ไม่ทราบว่ากำลังเรียนสายอยู่กับคุณ สมมติ ทดสอบระบบ ใช่หรือไม่คะ
  ลูกค้า ▸ ใช่ครับ
       ⚙  verify_status
          -> ok
       ⚙  reply  text_ids=[1065]
     บอท ▸ [1065] disclose_balance  (✓ยืนยันแล้ว)
            ขอบคุณค่ะ เอบีซีขอเรียนแจ้งว่าสินเชื่อ ที่ลงท้ายด้วยเลข 1234 มียอดชำระขั้นต่ำ 3000 บาท ครบกำหนดวันที่ วันศุกร์ที่ 18 กันยายน 2026 ค่ะ ไม่ทราบว่าสะดวกชำระภายในวันนี้หรือไม่คะ
  ลูกค้า ▸ ถ้าพี่มี พี่ไม่ให้น้องต้องโทรมาหรอก
       ⚙  reply  text_ids=[3127]
     บอท ▸ [3127] ask_clarify  (✓ยืนยันแล้ว)
            ขออภัยค่ะ ดิฉันขอถามให้แน่ใจอีกครั้ง คุณลูกค้าหมายความว่ายังไงคะ
  ลูกค้า ▸ ก็คือตอนนี้ไม่มีเงินครับ
       ⚙  reply  text_ids=[1075]
     บอท ▸ [1075] convince  (✓ยืนยันแล้ว)
            เข้าใจค่ะ หากชำระขั้นต่ำ 3000 บาทภายในวันครบกำหนด จะช่วยรักษาประวัติการชำระไว้ได้ค่ะ ไม่ทราบว่าพอจะสะดวกหรือไม่คะ
  ลูกค้า ▸ ยังไม่มีเงินจ่ายครับ
       ⚙  record_outcome  {""result"": ""refused"", ""reason"": ""refused"", ""remark"": ""ยังไม่มีเงินจ่ายครับ""}
          -> ok
       ⚙  record_outcome  {""result"": ""refused"", ""reason"": ""refused"", ""remark"": ""ยังไม่มีเงินจ่ายครับ""}
          -> call_already_closed
       ⚙  reply  text_ids=[1099]
     บอท ▸ [1099] contact_bank_bye  (✓ยืนยันแล้ว)
            หากมีข้อติดขัดประการใด โทรกลับมาปรึกษาเอบีซีได้ที่เบอร์ [company_phone] ค่ะ ขอบคุณค่ะ สวัสดีค่ะ"
nomoney100,เงื่อนไขสมมติ,NM-010,ถ้ามันง่ายขนาดนั้น ก็คงจบไปนานแล้ว,ก็คือตอนนี้ไม่มีเงินครับ,refused,refused,pass,ถูกหลังถามกลับ,ask_clarify,ถามยืนยันก่อน,,greet_verify disclose_balance ask_clarify convince contact_bank_bye,"       ⚙  reply  text_ids=[1015]
     บอท ▸ [1015] greet_verify  (ยังไม่ยืนยัน)
            สวัสดีค่ะ ดิฉันติดต่อจากเอบีซี ไม่ทราบว่ากำลังเรียนสายอยู่กับคุณ สมมติ ทดสอบระบบ ใช่หรือไม่คะ
  ลูกค้า ▸ ใช่ครับ
       ⚙  verify_status
          -> ok
       ⚙  reply  text_ids=[1065]
     บอท ▸ [1065] disclose_balance  (✓ยืนยันแล้ว)
            ขอบคุณค่ะ เอบีซีขอเรียนแจ้งว่าสินเชื่อ ที่ลงท้ายด้วยเลข 1234 มียอดชำระขั้นต่ำ 3000 บาท ครบกำหนดวันที่ วันศุกร์ที่ 18 กันยายน 2026 ค่ะ ไม่ทราบว่าสะดวกชำระภายในวันนี้หรือไม่คะ
  ลูกค้า ▸ ถ้ามันง่ายขนาดนั้น ก็คงจบไปนานแล้ว
       ⚙  reply  text_ids=[3127]
     บอท ▸ [3127] ask_clarify  (✓ยืนยันแล้ว)
            ขออภัยค่ะ ดิฉันขอถามให้แน่ใจอีกครั้ง คุณลูกค้าหมายความว่ายังไงคะ
  ลูกค้า ▸ ก็คือตอนนี้ไม่มีเงินครับ
       ⚙  reply  text_ids=[1075]
     บอท ▸ [1075] convince  (✓ยืนยันแล้ว)
            เข้าใจค่ะ หากชำระขั้นต่ำ 3000 บาทภายในวันครบกำหนด จะช่วยรักษาประวัติการชำระไว้ได้ค่ะ ไม่ทราบว่าพอจะสะดวกหรือไม่คะ
  ลูกค้า ▸ ยังไม่มีเงินจ่ายครับ
       ⚙  record_outcome  {""result"": ""refused"", ""reason"": ""refused"", ""remark"": ""ยังไม่มีเงินจ่ายครับ""}
          -> ok
       ⚙  record_outcome  {""result"": ""refused"", ""reason"": ""refused"", ""remark"": ""ยังไม่มีเงินจ่ายครับ""}
          -> call_already_closed
       ⚙  reply  text_ids=[1099]
     บอท ▸ [1099] contact_bank_bye  (✓ยืนยันแล้ว)
            หากมีข้อติดขัดประการใด โทรกลับมาปรึกษาเอบีซีได้ที่เบอร์ [company_phone] ค่ะ ขอบคุณค่ะ สวัสดีค่ะ"
nomoney100,เงื่อนไขสมมติ,NM-011,ถ้ามีให้ ก็ให้ไปแล้วครับ,ก็คือตอนนี้ไม่มีเงินครับ,refused,refused,pass,ถูกหลังถามกลับ,ask_clarify,ถามยืนยันก่อน,,greet_verify disclose_balance ask_clarify convince contact_bank_bye,"       ⚙  reply  text_ids=[1015]
     บอท ▸ [1015] greet_verify  (ยังไม่ยืนยัน)
            สวัสดีค่ะ ดิฉันติดต่อจากเอบีซี ไม่ทราบว่ากำลังเรียนสายอยู่กับคุณ สมมติ ทดสอบระบบ ใช่หรือไม่คะ
  ลูกค้า ▸ ใช่ครับ
       ⚙  verify_status
          -> ok
       ⚙  reply  text_ids=[1065]
     บอท ▸ [1065] disclose_balance  (✓ยืนยันแล้ว)
            ขอบคุณค่ะ เอบีซีขอเรียนแจ้งว่าสินเชื่อ ที่ลงท้ายด้วยเลข 1234 มียอดชำระขั้นต่ำ 3000 บาท ครบกำหนดวันที่ วันศุกร์ที่ 18 กันยายน 2026 ค่ะ ไม่ทราบว่าสะดวกชำระภายในวันนี้หรือไม่คะ
  ลูกค้า ▸ ถ้ามีให้ ก็ให้ไปแล้วครับ
       ⚙  reply  text_ids=[3127]
     บอท ▸ [3127] ask_clarify  (✓ยืนยันแล้ว)
            ขออภัยค่ะ ดิฉันขอถามให้แน่ใจอีกครั้ง คุณลูกค้าหมายความว่ายังไงคะ
  ลูกค้า ▸ ก็คือตอนนี้ไม่มีเงินครับ
       ⚙  reply  text_ids=[1075]
     บอท ▸ [1075] convince  (✓ยืนยันแล้ว)
            เข้าใจค่ะ หากชำระขั้นต่ำ 3000 บาทภายในวันครบกำหนด จะช่วยรักษาประวัติการชำระไว้ได้ค่ะ ไม่ทราบว่าพอจะสะดวกหรือไม่คะ
  ลูกค้า ▸ ยังไม่มีเงินจ่ายครับ
       ⚙  record_outcome  {""result"": ""refused"", ""reason"": ""refused"", ""remark"": ""ยังไม่มีเงินจ่ายครับ""}
          -> ok
       ⚙  record_outcome  {""result"": ""refused"", ""reason"": ""refused"", ""remark"": ""ยังไม่มีเงินจ่ายครับ""}
          -> call_already_closed
       ⚙  reply  text_ids=[1099]
     บอท ▸ [1099] contact_bank_bye  (✓ยืนยันแล้ว)
            หากมีข้อติดขัดประการใด โทรกลับมาปรึกษาเอบีซีได้ที่เบอร์ [company_phone] ค่ะ ขอบคุณค่ะ สวัสดีค่ะ"
nomoney100,เงื่อนไขสมมติ,NM-012,ถ้ามีก็ไม่ต้องมาถามหรอกค่ะ,ก็คือตอนนี้ไม่มีเงินครับ,refused,refused,pass,ถูกหลังถามกลับ,ask_clarify,ถามยืนยันก่อน,,greet_verify disclose_balance ask_clarify convince contact_bank_bye,"       ⚙  reply  text_ids=[1015]
     บอท ▸ [1015] greet_verify  (ยังไม่ยืนยัน)
            สวัสดีค่ะ ดิฉันติดต่อจากเอบีซี ไม่ทราบว่ากำลังเรียนสายอยู่กับคุณ สมมติ ทดสอบระบบ ใช่หรือไม่คะ
  ลูกค้า ▸ ใช่ครับ
       ⚙  verify_status
          -> ok
       ⚙  reply  text_ids=[1065]
     บอท ▸ [1065] disclose_balance  (✓ยืนยันแล้ว)
            ขอบคุณค่ะ เอบีซีขอเรียนแจ้งว่าสินเชื่อ ที่ลงท้ายด้วยเลข 1234 มียอดชำระขั้นต่ำ 3000 บาท ครบกำหนดวันที่ วันศุกร์ที่ 18 กันยายน 2026 ค่ะ ไม่ทราบว่าสะดวกชำระภายในวันนี้หรือไม่คะ
  ลูกค้า ▸ ถ้ามีก็ไม่ต้องมาถามหรอกค่ะ
       ⚙  reply  text_ids=[3127]
     บอท ▸ [3127] ask_clarify  (✓ยืนยันแล้ว)
            ขออภัยค่ะ ดิฉันขอถามให้แน่ใจอีกครั้ง คุณลูกค้าหมายความว่ายังไงคะ
  ลูกค้า ▸ ก็คือตอนนี้ไม่มีเงินครับ
       ⚙  reply  text_ids=[1075]
     บอท ▸ [1075] convince  (✓ยืนยันแล้ว)
            เข้าใจค่ะ หากชำระขั้นต่ำ 3000 บาทภายในวันครบกำหนด จะช่วยรักษาประวัติการชำระไว้ได้ค่ะ ไม่ทราบว่าพอจะสะดวกหรือไม่คะ
  ลูกค้า ▸ ยังไม่มีเงินจ่ายครับ
       ⚙  record_outcome  {""result"": ""refused"", ""reason"": ""refused"", ""remark"": ""ยังไม่มีเงินจ่ายครับ""}
          -> ok
       ⚙  record_outcome  {""result"": ""refused"", ""reason"": ""refused"", ""remark"": ""ยังไม่มีเงินจ่ายครับ""}
          -> call_already_closed
       ⚙  reply  text_ids=[1099]
     บอท ▸ [1099] contact_bank_bye  (✓ยืนยันแล้ว)
            หากมีข้อติดขัดประการใด โทรกลับมาปรึกษาเอบีซีได้ที่เบอร์ [company_phone] ค่ะ ขอบคุณค่ะ สวัสดีค่ะ"
nomoney100,เงื่อนไขสมมติ,NM-013,ถ้าในบัญชีมี เขาก็ตัดไปเองแล้วแหละ,ก็คือตอนนี้ไม่มีเงินครับ,refused,refused,pass,ถูกหลังถามกลับ,ask_clarify,ถามยืนยันก่อน,,greet_verify disclose_balance ask_clarify convince contact_bank_bye,"       ⚙  reply  text_ids=[1015]
     บอท ▸ [1015] greet_verify  (ยังไม่ยืนยัน)
            สวัสดีค่ะ ดิฉันติดต่อจากเอบีซี ไม่ทราบว่ากำลังเรียนสายอยู่กับคุณ สมมติ ทดสอบระบบ ใช่หรือไม่คะ
  ลูกค้า ▸ ใช่ครับ
       ⚙  verify_status
          -> ok
       ⚙  reply  text_ids=[1065]
     บอท ▸ [1065] disclose_balance  (✓ยืนยันแล้ว)
            ขอบคุณค่ะ เอบีซีขอเรียนแจ้งว่าสินเชื่อ ที่ลงท้ายด้วยเลข 1234 มียอดชำระขั้นต่ำ 3000 บาท ครบกำหนดวันที่ วันศุกร์ที่ 18 กันยายน 2026 ค่ะ ไม่ทราบว่าสะดวกชำระภายในวันนี้หรือไม่คะ
  ลูกค้า ▸ ถ้าในบัญชีมี เขาก็ตัดไปเองแล้วแหละ
       ⚙  reply  text_ids=[3127]
     บอท ▸ [3127] ask_clarify  (✓ยืนยันแล้ว)
            ขออภัยค่ะ ดิฉันขอถามให้แน่ใจอีกครั้ง คุณลูกค้าหมายความว่ายังไงคะ
  ลูกค้า ▸ ก็คือตอนนี้ไม่มีเงินครับ
       ⚙  reply  text_ids=[1075]
     บอท ▸ [1075] convince  (✓ยืนยันแล้ว)
            เข้าใจค่ะ หากชำระขั้นต่ำ 3000 บาทภายในวันครบกำหนด จะช่วยรักษาประวัติการชำระไว้ได้ค่ะ ไม่ทราบว่าพอจะสะดวกหรือไม่คะ
  ลูกค้า ▸ ยังไม่มีเงินจ่ายครับ
       ⚙  record_outcome  {""result"": ""refused"", ""reason"": ""refused"", ""remark"": ""ยังไม่มีเงินจ่ายครับ""}
          -> ok
       ⚙  record_outcome  {""result"": ""refused"", ""reason"": ""refused"", ""remark"": ""ยังไม่มีเงินจ่ายครับ""}
          -> call_already_closed
       ⚙  reply  text_ids=[1099]
     บอท ▸ [1099] contact_bank_bye  (✓ยืนยันแล้ว)
            หากมีข้อติดขัดประการใด โทรกลับมาปรึกษาเอบีซีได้ที่เบอร์ [company_phone] ค่ะ ขอบคุณค่ะ สวัสดีค่ะ"
nomoney100,เงื่อนไขสมมติ,NM-014,ถ้ามีป่านนี้ไม่ต้องหลบโทรศัพท์หรอก,ก็คือตอนนี้ไม่มีเงินครับ,refused,refused,pass,ถูกหลังถามกลับ,ask_clarify,ถามยืนยันก่อน,,greet_verify disclose_balance ask_clarify convince contact_bank_bye,"       ⚙  reply  text_ids=[1015]
     บอท ▸ [1015] greet_verify  (ยังไม่ยืนยัน)
            สวัสดีค่ะ ดิฉันติดต่อจากเอบีซี ไม่ทราบว่ากำลังเรียนสายอยู่กับคุณ สมมติ ทดสอบระบบ ใช่หรือไม่คะ
  ลูกค้า ▸ ใช่ครับ
       ⚙  verify_status
          -> ok
       ⚙  reply  text_ids=[1065]
     บอท ▸ [1065] disclose_balance  (✓ยืนยันแล้ว)
            ขอบคุณค่ะ เอบีซีขอเรียนแจ้งว่าสินเชื่อ ที่ลงท้ายด้วยเลข 1234 มียอดชำระขั้นต่ำ 3000 บาท ครบกำหนดวันที่ วันศุกร์ที่ 18 กันยายน 2026 ค่ะ ไม่ทราบว่าสะดวกชำระภายในวันนี้หรือไม่คะ
  ลูกค้า ▸ ถ้ามีป่านนี้ไม่ต้องหลบโทรศัพท์หรอก
       ⚙  reply  text_ids=[3127]
     บอท ▸ [3127] ask_clarify  (✓ยืนยันแล้ว)
            ขออภัยค่ะ ดิฉันขอถามให้แน่ใจอีกครั้ง คุณลูกค้าหมายความว่ายังไงคะ
  ลูกค้า ▸ ก็คือตอนนี้ไม่มีเงินครับ
       ⚙  reply  text_ids=[1075]
     บอท ▸ [1075] convince  (✓ยืนยันแล้ว)
            เข้าใจค่ะ หากชำระขั้นต่ำ 3000 บาทภายในวันครบกำหนด จะช่วยรักษาประวัติการชำระไว้ได้ค่ะ ไม่ทราบว่าพอจะสะดวกหรือไม่คะ
  ลูกค้า ▸ ยังไม่มีเงินจ่ายครับ
       ⚙  record_outcome  {""result"": ""refused"", ""reason"": ""refused"", ""remark"": ""ยังไม่มีเงินจ่ายครับ""}
          -> ok
       ⚙  record_outcome  {""result"": ""refused"", ""reason"": ""refused"", ""remark"": ""ยังไม่มีเงินจ่ายครับ""}
          -> call_already_closed
       ⚙  reply  text_ids=[1099]
     บอท ▸ [1099] contact_bank_bye  (✓ยืนยันแล้ว)
            หากมีข้อติดขัดประการใด โทรกลับมาปรึกษาเอบีซีได้ที่เบอร์ [company_phone] ค่ะ ขอบคุณค่ะ สวัสดีค่ะ"
nomoney100,เงื่อนไขสมมติ,NM-015,ถ้าจ่ายได้ จะรอให้โดนทวงทำไม,ก็คือตอนนี้ไม่มีเงินครับ,refused,refused,pass,ถูกหลังถามกลับ,ask_clarify,ถามยืนยันก่อน,,greet_verify disclose_balance ask_clarify convince contact_bank_bye,"       ⚙  reply  text_ids=[1015]
     บอท ▸ [1015] greet_verify  (ยังไม่ยืนยัน)
            สวัสดีค่ะ ดิฉันติดต่อจากเอบีซี ไม่ทราบว่ากำลังเรียนสายอยู่กับคุณ สมมติ ทดสอบระบบ ใช่หรือไม่คะ
  ลูกค้า ▸ ใช่ครับ
       ⚙  verify_status
          -> ok
       ⚙  reply  text_ids=[1065]
     บอท ▸ [1065] disclose_balance  (✓ยืนยันแล้ว)
            ขอบคุณค่ะ เอบีซีขอเรียนแจ้งว่าสินเชื่อ ที่ลงท้ายด้วยเลข 1234 มียอดชำระขั้นต่ำ 3000 บาท ครบกำหนดวันที่ วันศุกร์ที่ 18 กันยายน 2026 ค่ะ ไม่ทราบว่าสะดวกชำระภายในวันนี้หรือไม่คะ
  ลูกค้า ▸ ถ้าจ่ายได้ จะรอให้โดนทวงทำไม
       ⚙  reply  text_ids=[3127]
     บอท ▸ [3127] ask_clarify  (✓ยืนยันแล้ว)
            ขออภัยค่ะ ดิฉันขอถามให้แน่ใจอีกครั้ง คุณลูกค้าหมายความว่ายังไงคะ
  ลูกค้า ▸ ก็คือตอนนี้ไม่มีเงินครับ
       ⚙  reply  text_ids=[1075]
     บอท ▸ [1075] convince  (✓ยืนยันแล้ว)
            เข้าใจค่ะ หากชำระขั้นต่ำ 3000 บาทภายในวันครบกำหนด จะช่วยรักษาประวัติการชำระไว้ได้ค่ะ ไม่ทราบว่าพอจะสะดวกหรือไม่คะ
  ลูกค้า ▸ ยังไม่มีเงินจ่ายครับ
       ⚙  record_outcome  {""result"": ""refused"", ""reason"": ""refused"", ""remark"": ""ยังไม่มีเงินจ่ายครับ""}
          -> ok
       ⚙  record_outcome  {""result"": ""refused"", ""reason"": ""refused"", ""remark"": ""ยังไม่มีเงินจ่ายครับ""}
          -> call_already_closed
       ⚙  reply  text_ids=[1099]
     บอท ▸ [1099] contact_bank_bye  (✓ยืนยันแล้ว)
            หากมีข้อติดขัดประการใด โทรกลับมาปรึกษาเอบีซีได้ที่เบอร์ [company_phone] ค่ะ ขอบคุณค่ะ สวัสดีค่ะ"
nomoney100,เล่าความลำบาก,NM-061,ตอนนี้ตกงานมาสามเดือนแล้วค่ะ,ก็คือตอนนี้ไม่มีเงินครับ,refused,refused,pass,ถูกเลย,convince,เจรจาต่อ,,greet_verify disclose_balance convince contact_bank_bye,"       ⚙  reply  text_ids=[1015]
     บอท ▸ [1015] greet_verify  (ยังไม่ยืนยัน)
            สวัสดีค่ะ ดิฉันติดต่อจากเอบีซี ไม่ทราบว่ากำลังเรียนสายอยู่กับคุณ สมมติ ทดสอบระบบ ใช่หรือไม่คะ
  ลูกค้า ▸ ใช่ครับ
       ⚙  verify_status
          -> ok
       ⚙  reply  text_ids=[1065]
     บอท ▸ [1065] disclose_balance  (✓ยืนยันแล้ว)
            ขอบคุณค่ะ เอบีซีขอเรียนแจ้งว่าสินเชื่อ ที่ลงท้ายด้วยเลข 1234 มียอดชำระขั้นต่ำ 3000 บาท ครบกำหนดวันที่ วันศุกร์ที่ 18 กันยายน 2026 ค่ะ ไม่ทราบว่าสะดวกชำระภายในวันนี้หรือไม่คะ
  ลูกค้า ▸ ตอนนี้ตกงานมาสามเดือนแล้วค่ะ
       ⚙  reply  text_ids=[1075]
     บอท ▸ [1075] convince  (✓ยืนยันแล้ว)
            เข้าใจค่ะ หากชำระขั้นต่ำ 3000 บาทภายในวันครบกำหนด จะช่วยรักษาประวัติการชำระไว้ได้ค่ะ ไม่ทราบว่าพอจะสะดวกหรือไม่คะ
  ลูกค้า ▸ ก็คือตอนนี้ไม่มีเงินครับ
       ⚙  record_outcome  {""result"": ""refused"", ""reason"": ""refused"", ""remark"": ""ก็คือตอนนี้ไม่มีเงินครับ""}
          -> ok
       ⚙  reply  text_ids=[1099]
     บอท ▸ [1099] contact_bank_bye  (✓ยืนยันแล้ว)
            หากมีข้อติดขัดประการใด โทรกลับมาปรึกษาเอบีซีได้ที่เบอร์ [company_phone] ค่ะ ขอบคุณค่ะ สวัสดีค่ะ"
nomoney100,เล่าความลำบาก,NM-062,บริษัทปิดไปแล้ว ยังหางานใหม่ไม่ได้เลย,ก็คือตอนนี้ไม่มีเงินครับ,refused,refused,pass,ถูกเลย,convince,เจรจาต่อ,,greet_verify disclose_balance convince contact_bank_bye,"       ⚙  reply  text_ids=[1015]
     บอท ▸ [1015] greet_verify  (ยังไม่ยืนยัน)
            สวัสดีค่ะ ดิฉันติดต่อจากเอบีซี ไม่ทราบว่ากำลังเรียนสายอยู่กับคุณ สมมติ ทดสอบระบบ ใช่หรือไม่คะ
  ลูกค้า ▸ ใช่ครับ
       ⚙  verify_status
          -> ok
       ⚙  reply  text_ids=[1065]
     บอท ▸ [1065] disclose_balance  (✓ยืนยันแล้ว)
            ขอบคุณค่ะ เอบีซีขอเรียนแจ้งว่าสินเชื่อ ที่ลงท้ายด้วยเลข 1234 มียอดชำระขั้นต่ำ 3000 บาท ครบกำหนดวันที่ วันศุกร์ที่ 18 กันยายน 2026 ค่ะ ไม่ทราบว่าสะดวกชำระภายในวันนี้หรือไม่คะ
  ลูกค้า ▸ บริษัทปิดไปแล้ว ยังหางานใหม่ไม่ได้เลย
       ⚙  reply  text_ids=[1075]
     บอท ▸ [1075] convince  (✓ยืนยันแล้ว)
            เข้าใจค่ะ หากชำระขั้นต่ำ 3000 บาทภายในวันครบกำหนด จะช่วยรักษาประวัติการชำระไว้ได้ค่ะ ไม่ทราบว่าพอจะสะดวกหรือไม่คะ
  ลูกค้า ▸ ก็คือตอนนี้ไม่มีเงินครับ
       ⚙  record_outcome  {""result"": ""refused"", ""reason"": ""refused"", ""remark"": ""ก็คือตอนนี้ไม่มีเงินครับ""}
          -> ok
       ⚙  record_outcome  {""result"": ""refused"", ""reason"": ""refused"", ""remark"": ""ก็คือตอนนี้ไม่มีเงินครับ""}
          -> call_already_closed
       ⚙  reply  text_ids=[1099]
     บอท ▸ [1099] contact_bank_bye  (✓ยืนยันแล้ว)
            หากมีข้อติดขัดประการใด โทรกลับมาปรึกษาเอบีซีได้ที่เบอร์ [company_phone] ค่ะ ขอบคุณค่ะ สวัสดีค่ะ"
nomoney100,เล่าความลำบาก,NM-063,ร้านขายไม่ออกเลย ลูกค้าหายหมด,ก็คือตอนนี้ไม่มีเงินครับ,refused,refused,pass,ถูกเลย,convince,เจรจาต่อ,,greet_verify disclose_balance convince ptp_bye,"       ⚙  reply  text_ids=[1015]
     บอท ▸ [1015] greet_verify  (ยังไม่ยืนยัน)
            สวัสดีค่ะ ดิฉันติดต่อจากเอบีซี ไม่ทราบว่ากำลังเรียนสายอยู่กับคุณ สมมติ ทดสอบระบบ ใช่หรือไม่คะ
  ลูกค้า ▸ ใช่ครับ
       ⚙  verify_status
          -> ok
       ⚙  reply  text_ids=[1065]
     บอท ▸ [1065] disclose_balance  (✓ยืนยันแล้ว)
            ขอบคุณค่ะ เอบีซีขอเรียนแจ้งว่าสินเชื่อ ที่ลงท้ายด้วยเลข 1234 มียอดชำระขั้นต่ำ 3000 บาท ครบกำหนดวันที่ วันศุกร์ที่ 18 กันยายน 2026 ค่ะ ไม่ทราบว่าสะดวกชำระภายในวันนี้หรือไม่คะ
  ลูกค้า ▸ ร้านขายไม่ออกเลย ลูกค้าหายหมด
       ⚙  reply  text_ids=[1075]
     บอท ▸ [1075] convince  (✓ยืนยันแล้ว)
            เข้าใจค่ะ หากชำระขั้นต่ำ 3000 บาทภายในวันครบกำหนด จะช่วยรักษาประวัติการชำระไว้ได้ค่ะ ไม่ทราบว่าพอจะสะดวกหรือไม่คะ
  ลูกค้า ▸ ก็คือตอนนี้ไม่มีเงินครับ
       ⚙  record_outcome  {""result"": ""refused"", ""reason"": ""refused"", ""remark"": ""ก็คือตอนนี้ไม่มีเงินครับ""}
          -> ok
       ⚙  record_outcome  {""result"": ""refused"", ""reason"": ""refused"", ""remark"": ""ก็คือตอนนี้ไม่มีเงินครับ""}
          -> call_already_closed
     บอท ▸ [1084] ptp_bye  (✓ยืนยันแล้ว)
            ขอบคุณค่ะ เอบีซีได้บันทึกไว้เรียบร้อยแล้วค่ะ ขอบคุณที่สละเวลา สวัสดีค่ะ"
nomoney100,เล่าความลำบาก,NM-064,บริษัทค้างเงินเดือนมาสองเดือนแล้วครับ,ก็คือตอนนี้ไม่มีเงินครับ,refused,handoff,fail,ผิดเลย,faq_distress,ตอบคำถาม/อื่น,เฉลยผิด,greet_verify disclose_balance faq_distress,"       ⚙  reply  text_ids=[1015]
     บอท ▸ [1015] greet_verify  (ยังไม่ยืนยัน)
            สวัสดีค่ะ ดิฉันติดต่อจากเอบีซี ไม่ทราบว่ากำลังเรียนสายอยู่กับคุณ สมมติ ทดสอบระบบ ใช่หรือไม่คะ
  ลูกค้า ▸ ใช่ครับ
       ⚙  verify_status
          -> ok
       ⚙  reply  text_ids=[1065]
     บอท ▸ [1065] disclose_balance  (✓ยืนยันแล้ว)
            ขอบคุณค่ะ เอบีซีขอเรียนแจ้งว่าสินเชื่อ ที่ลงท้ายด้วยเลข 1234 มียอดชำระขั้นต่ำ 3000 บาท ครบกำหนดวันที่ วันศุกร์ที่ 18 กันยายน 2026 ค่ะ ไม่ทราบว่าสะดวกชำระภายในวันนี้หรือไม่คะ
  ลูกค้า ▸ บริษัทค้างเงินเดือนมาสองเดือนแล้วครับ
       ⚙  reply  text_ids=[2829]
          -> ok
       ⚙  record_outcome  {""result"": ""handoff"", ""reason"": ""distress"", ""remark"": ""บริษัทค้างเงินเดือนมาสองเดือนแล้วครับ""}
          -> ok
       ⚙  reply  text_ids=[2829]
     บอท ▸ [2829] faq_distress  (✓ยืนยันแล้ว)
            ดิฉันเข้าใจว่าตอนนี้หนักมากค่ะ ขออนุญาตบันทึกเรื่องไว้ และให้เจ้าหน้าที่ติดต่อกลับเพื่อดูแลเป็นกรณีพิเศษค่ะ สวัสดีค่ะ"
nomoney100,เล่าความลำบาก,NM-065,ตอนนี้กินมาม่าทุกวันเลย,ก็คือตอนนี้ไม่มีเงินครับ,refused,refused,pass,ถูกหลังถามกลับ,ask_clarify,ถามยืนยันก่อน,,greet_verify disclose_balance ask_clarify convince contact_bank_bye,"       ⚙  reply  text_ids=[1015]
     บอท ▸ [1015] greet_verify  (ยังไม่ยืนยัน)
            สวัสดีค่ะ ดิฉันติดต่อจากเอบีซี ไม่ทราบว่ากำลังเรียนสายอยู่กับคุณ สมมติ ทดสอบระบบ ใช่หรือไม่คะ
  ลูกค้า ▸ ใช่ครับ
       ⚙  verify_status
          -> ok
       ⚙  reply  text_ids=[1065]
     บอท ▸ [1065] disclose_balance  (✓ยืนยันแล้ว)
            ขอบคุณค่ะ เอบีซีขอเรียนแจ้งว่าสินเชื่อ ที่ลงท้ายด้วยเลข 1234 มียอดชำระขั้นต่ำ 3000 บาท ครบกำหนดวันที่ วันศุกร์ที่ 18 กันยายน 2026 ค่ะ ไม่ทราบว่าสะดวกชำระภายในวันนี้หรือไม่คะ
  ลูกค้า ▸ ตอนนี้กินมาม่าทุกวันเลย
       ⚙  reply  text_ids=[3127]
     บอท ▸ [3127] ask_clarify  (✓ยืนยันแล้ว)
            ขออภัยค่ะ ดิฉันขอถามให้แน่ใจอีกครั้ง คุณลูกค้าหมายความว่ายังไงคะ
  ลูกค้า ▸ ก็คือตอนนี้ไม่มีเงินครับ
       ⚙  reply  text_ids=[1075]
     บอท ▸ [1075] convince  (✓ยืนยันแล้ว)
            เข้าใจค่ะ หากชำระขั้นต่ำ 3000 บาทภายในวันครบกำหนด จะช่วยรักษาประวัติการชำระไว้ได้ค่ะ ไม่ทราบว่าพอจะสะดวกหรือไม่คะ
  ลูกค้า ▸ ยังไม่มีเงินจ่ายครับ
       ⚙  record_outcome  {""result"": ""refused"", ""reason"": ""refused"", ""remark"": ""ยังไม่มีเงินจ่ายครับ""}
          -> ok
       ⚙  record_outcome  {""result"": ""refused"", ""reason"": ""refused"", ""remark"": ""ยังไม่มีเงินจ่ายครับ""}
          -> call_already_closed
       ⚙  reply  text_ids=[1099]
     บอท ▸ [1099] contact_bank_bye  (✓ยืนยันแล้ว)
            หากมีข้อติดขัดประการใด โทรกลับมาปรึกษาเอบีซีได้ที่เบอร์ [company_phone] ค่ะ ขอบคุณค่ะ สวัสดีค่ะ"
nomoney100,เล่าความลำบาก,NM-066,เพิ่งโดนเลิกจ้างมาครับ,ก็คือตอนนี้ไม่มีเงินครับ,refused,refused,pass,ถูกเลย,convince,เจรจาต่อ,,greet_verify disclose_balance convince contact_bank_bye,"       ⚙  reply  text_ids=[1015]
     บอท ▸ [1015] greet_verify  (ยังไม่ยืนยัน)
            สวัสดีค่ะ ดิฉันติดต่อจากเอบีซี ไม่ทราบว่ากำลังเรียนสายอยู่กับคุณ สมมติ ทดสอบระบบ ใช่หรือไม่คะ
  ลูกค้า ▸ ใช่ครับ
       ⚙  verify_status
          -> ok
       ⚙  reply  text_ids=[1065]
     บอท ▸ [1065] disclose_balance  (✓ยืนยันแล้ว)
            ขอบคุณค่ะ เอบีซีขอเรียนแจ้งว่าสินเชื่อ ที่ลงท้ายด้วยเลข 1234 มียอดชำระขั้นต่ำ 3000 บาท ครบกำหนดวันที่ วันศุกร์ที่ 18 กันยายน 2026 ค่ะ ไม่ทราบว่าสะดวกชำระภายในวันนี้หรือไม่คะ
  ลูกค้า ▸ เพิ่งโดนเลิกจ้างมาครับ
       ⚙  reply  text_ids=[1075]
     บอท ▸ [1075] convince  (✓ยืนยันแล้ว)
            เข้าใจค่ะ หากชำระขั้นต่ำ 3000 บาทภายในวันครบกำหนด จะช่วยรักษาประวัติการชำระไว้ได้ค่ะ ไม่ทราบว่าพอจะสะดวกหรือไม่คะ
  ลูกค้า ▸ ก็คือตอนนี้ไม่มีเงินครับ
       ⚙  record_outcome  {""result"": ""refused"", ""reason"": ""refused"", ""remark"": ""ก็คือตอนนี้ไม่มีเงินครับ""}
          -> ok
       ⚙  record_outcome  {""result"": ""refused"", ""reason"": ""refused"", ""remark"": ""ก็คือตอนนี้ไม่มีเงินครับ""}
          -> call_already_closed
       ⚙  reply  text_ids=[1099]
     บอท ▸ [1099] contact_bank_bye  (✓ยืนยันแล้ว)
            หากมีข้อติดขัดประการใด โทรกลับมาปรึกษาเอบีซีได้ที่เบอร์ [company_phone] ค่ะ ขอบคุณค่ะ สวัสดีค่ะ"
nomoney100,เล่าความลำบาก,NM-067,น้ำท่วมนาหมด ปีนี้ไม่ได้อะไรเลย,ก็คือตอนนี้ไม่มีเงินครับ,refused,handoff,fail,ผิดเลย,faq_distress,ตอบคำถาม/อื่น,เฉลยผิด,greet_verify disclose_balance faq_distress,"       ⚙  reply  text_ids=[1015]
     บอท ▸ [1015] greet_verify  (ยังไม่ยืนยัน)
            สวัสดีค่ะ ดิฉันติดต่อจากเอบีซี ไม่ทราบว่ากำลังเรียนสายอยู่กับคุณ สมมติ ทดสอบระบบ ใช่หรือไม่คะ
  ลูกค้า ▸ ใช่ครับ
       ⚙  verify_status
          -> ok
       ⚙  reply  text_ids=[1065]
     บอท ▸ [1065] disclose_balance  (✓ยืนยันแล้ว)
            ขอบคุณค่ะ เอบีซีขอเรียนแจ้งว่าสินเชื่อ ที่ลงท้ายด้วยเลข 1234 มียอดชำระขั้นต่ำ 3000 บาท ครบกำหนดวันที่ วันศุกร์ที่ 18 กันยายน 2026 ค่ะ ไม่ทราบว่าสะดวกชำระภายในวันนี้หรือไม่คะ
  ลูกค้า ▸ น้ำท่วมนาหมด ปีนี้ไม่ได้อะไรเลย
       ⚙  reply  text_ids=[2829]
          -> ok
       ⚙  record_outcome  {""result"": ""handoff"", ""reason"": ""distress"", ""remark"": ""น้ำท่วมนาหมด ปีนี้ไม่ได้อะไรเลย""}
          -> ok
       ⚙  reply  text_ids=[2829]
     บอท ▸ [2829] faq_distress  (✓ยืนยันแล้ว)
            ดิฉันเข้าใจว่าตอนนี้หนักมากค่ะ ขออนุญาตบันทึกเรื่องไว้ และให้เจ้าหน้าที่ติดต่อกลับเพื่อดูแลเป็นกรณีพิเศษค่ะ สวัสดีค่ะ"
nomoney100,เล่าความลำบาก,NM-068,ต้องลาออกมาดูแลแม่ที่ป่วย,ก็คือตอนนี้ไม่มีเงินครับ,refused,handoff,fail,ผิดเลย,faq_distress,ตอบคำถาม/อื่น,เฉลยผิด,greet_verify disclose_balance faq_distress,"       ⚙  reply  text_ids=[1015]
     บอท ▸ [1015] greet_verify  (ยังไม่ยืนยัน)
            สวัสดีค่ะ ดิฉันติดต่อจากเอบีซี ไม่ทราบว่ากำลังเรียนสายอยู่กับคุณ สมมติ ทดสอบระบบ ใช่หรือไม่คะ
  ลูกค้า ▸ ใช่ครับ
       ⚙  verify_status
          -> ok
       ⚙  reply  text_ids=[1065]
     บอท ▸ [1065] disclose_balance  (✓ยืนยันแล้ว)
            ขอบคุณค่ะ เอบีซีขอเรียนแจ้งว่าสินเชื่อ ที่ลงท้ายด้วยเลข 1234 มียอดชำระขั้นต่ำ 3000 บาท ครบกำหนดวันที่ วันศุกร์ที่ 18 กันยายน 2026 ค่ะ ไม่ทราบว่าสะดวกชำระภายในวันนี้หรือไม่คะ
  ลูกค้า ▸ ต้องลาออกมาดูแลแม่ที่ป่วย
       ⚙  reply  text_ids=[2829]
          -> ok
       ⚙  record_outcome  {""result"": ""handoff"", ""reason"": ""distress"", ""remark"": ""ต้องลาออกมาดูแลแม่ที่ป่วย""}
          -> ok
       ⚙  reply  text_ids=[2829]
     บอท ▸ [2829] faq_distress  (✓ยืนยันแล้ว)
            ดิฉันเข้าใจว่าตอนนี้หนักมากค่ะ ขออนุญาตบันทึกเรื่องไว้ และให้เจ้าหน้าที่ติดต่อกลับเพื่อดูแลเป็นกรณีพิเศษค่ะ สวัสดีค่ะ"
nomoney100,เล่าความลำบาก,NM-069,ค่าเช่าห้องยังค้างเขาอยู่เลยค่ะ,ก็คือตอนนี้ไม่มีเงินครับ,refused,refused,pass,ถูกเลย,steer_back,ตอบคำถาม/อื่น,,greet_verify disclose_balance steer_back convince contact_bank_bye,"       ⚙  reply  text_ids=[1015]
     บอท ▸ [1015] greet_verify  (ยังไม่ยืนยัน)
            สวัสดีค่ะ ดิฉันติดต่อจากเอบีซี ไม่ทราบว่ากำลังเรียนสายอยู่กับคุณ สมมติ ทดสอบระบบ ใช่หรือไม่คะ
  ลูกค้า ▸ ใช่ครับ
       ⚙  verify_status
          -> ok
       ⚙  reply  text_ids=[1065]
     บอท ▸ [1065] disclose_balance  (✓ยืนยันแล้ว)
            ขอบคุณค่ะ เอบีซีขอเรียนแจ้งว่าสินเชื่อ ที่ลงท้ายด้วยเลข 1234 มียอดชำระขั้นต่ำ 3000 บาท ครบกำหนดวันที่ วันศุกร์ที่ 18 กันยายน 2026 ค่ะ ไม่ทราบว่าสะดวกชำระภายในวันนี้หรือไม่คะ
  ลูกค้า ▸ ค่าเช่าห้องยังค้างเขาอยู่เลยค่ะ
       ⚙  reply  text_ids=[3270]
     บอท ▸ [3270] steer_back  (✓ยืนยันแล้ว)
            ขออภัยค่ะ เรื่องนี้ดิฉันตอบให้ไม่ได้ค่ะ ดิฉันติดต่อมาเรื่องบัญชีของคุณ สมมติ ทดสอบระบบ เท่านั้นค่ะ ไม่ทราบว่าสะดวกชำระภายในวันนี้หรือไม่คะ
  ลูกค้า ▸ ก็คือตอนนี้ไม่มีเงินครับ
       ⚙  reply  text_ids=[1075]
     บอท ▸ [1075] convince  (✓ยืนยันแล้ว)
            เข้าใจค่ะ หากชำระขั้นต่ำ 3000 บาทภายในวันครบกำหนด จะช่วยรักษาประวัติการชำระไว้ได้ค่ะ ไม่ทราบว่าพอจะสะดวกหรือไม่คะ
  ลูกค้า ▸ ยังไม่มีเงินจ่ายครับ
       ⚙  record_outcome  {""result"": ""refused"", ""reason"": ""refused"", ""remark"": ""ยังไม่มีเงินจ่ายครับ""}
          -> ok
       ⚙  record_outcome  {""result"": ""refused"", ""reason"": ""refused"", ""remark"": ""ยังไม่มีเงินจ่ายครับ""}
          -> call_already_closed
       ⚙  reply  text_ids=[1099]
     บอท ▸ [1099] contact_bank_bye  (✓ยืนยันแล้ว)
            หากมีข้อติดขัดประการใด โทรกลับมาปรึกษาเอบีซีได้ที่เบอร์ [company_phone] ค่ะ ขอบคุณค่ะ สวัสดีค่ะ"
nomoney100,เล่าความลำบาก,NM-070,ต้องยืมเพื่อนมากินข้าวทุกวัน,ก็คือตอนนี้ไม่มีเงินครับ,refused,refused,pass,ถูกหลังถามกลับ,ask_clarify,ถามยืนยันก่อน,,greet_verify disclose_balance ask_clarify convince contact_bank_bye,"       ⚙  reply  text_ids=[1015]
     บอท ▸ [1015] greet_verify  (ยังไม่ยืนยัน)
            สวัสดีค่ะ ดิฉันติดต่อจากเอบีซี ไม่ทราบว่ากำลังเรียนสายอยู่กับคุณ สมมติ ทดสอบระบบ ใช่หรือไม่คะ
  ลูกค้า ▸ ใช่ครับ
       ⚙  verify_status
          -> ok
       ⚙  reply  text_ids=[1065]
     บอท ▸ [1065] disclose_balance  (✓ยืนยันแล้ว)
            ขอบคุณค่ะ เอบีซีขอเรียนแจ้งว่าสินเชื่อ ที่ลงท้ายด้วยเลข 1234 มียอดชำระขั้นต่ำ 3000 บาท ครบกำหนดวันที่ วันศุกร์ที่ 18 กันยายน 2026 ค่ะ ไม่ทราบว่าสะดวกชำระภายในวันนี้หรือไม่คะ
  ลูกค้า ▸ ต้องยืมเพื่อนมากินข้าวทุกวัน
       ⚙  reply  text_ids=[3127]
     บอท ▸ [3127] ask_clarify  (✓ยืนยันแล้ว)
            ขออภัยค่ะ ดิฉันขอถามให้แน่ใจอีกครั้ง คุณลูกค้าหมายความว่ายังไงคะ
  ลูกค้า ▸ ก็คือตอนนี้ไม่มีเงินครับ
       ⚙  reply  text_ids=[1075]
     บอท ▸ [1075] convince  (✓ยืนยันแล้ว)
            เข้าใจค่ะ หากชำระขั้นต่ำ 3000 บาทภายในวันครบกำหนด จะช่วยรักษาประวัติการชำระไว้ได้ค่ะ ไม่ทราบว่าพอจะสะดวกหรือไม่คะ
  ลูกค้า ▸ ยังไม่มีเงินจ่ายครับ
       ⚙  record_outcome  {""result"": ""refused"", ""reason"": ""refused"", ""remark"": ""ยังไม่มีเงินจ่ายครับ""}
          -> ok
       ⚙  record_outcome  {""result"": ""refused"", ""reason"": ""refused"", ""remark"": ""ยังไม่มีเงินจ่ายครับ""}
          -> call_already_closed
       ⚙  reply  text_ids=[1099]
     บอท ▸ [1099] contact_bank_bye  (✓ยืนยันแล้ว)
            หากมีข้อติดขัดประการใด โทรกลับมาปรึกษาเอบีซีได้ที่เบอร์ [company_phone] ค่ะ ขอบคุณค่ะ สวัสดีค่ะ"
nomoney100,เล่าความลำบาก,NM-071,ตอนนี้ไม่มีรายได้เข้าเลยครับ,ก็คือตอนนี้ไม่มีเงินครับ,refused,refused,pass,ถูกเลย,convince,เจรจาต่อ,,greet_verify disclose_balance convince contact_bank_bye,"       ⚙  reply  text_ids=[1015]
     บอท ▸ [1015] greet_verify  (ยังไม่ยืนยัน)
            สวัสดีค่ะ ดิฉันติดต่อจากเอบีซี ไม่ทราบว่ากำลังเรียนสายอยู่กับคุณ สมมติ ทดสอบระบบ ใช่หรือไม่คะ
  ลูกค้า ▸ ใช่ครับ
       ⚙  verify_status
          -> ok
       ⚙  reply  text_ids=[1065]
     บอท ▸ [1065] disclose_balance  (✓ยืนยันแล้ว)
            ขอบคุณค่ะ เอบีซีขอเรียนแจ้งว่าสินเชื่อ ที่ลงท้ายด้วยเลข 1234 มียอดชำระขั้นต่ำ 3000 บาท ครบกำหนดวันที่ วันศุกร์ที่ 18 กันยายน 2026 ค่ะ ไม่ทราบว่าสะดวกชำระภายในวันนี้หรือไม่คะ
  ลูกค้า ▸ ตอนนี้ไม่มีรายได้เข้าเลยครับ
       ⚙  reply  text_ids=[1075]
     บอท ▸ [1075] convince  (✓ยืนยันแล้ว)
            เข้าใจค่ะ หากชำระขั้นต่ำ 3000 บาทภายในวันครบกำหนด จะช่วยรักษาประวัติการชำระไว้ได้ค่ะ ไม่ทราบว่าพอจะสะดวกหรือไม่คะ
  ลูกค้า ▸ ก็คือตอนนี้ไม่มีเงินครับ
       ⚙  record_outcome  {""result"": ""refused"", ""reason"": ""refused"", ""remark"": ""ก็คือตอนนี้ไม่มีเงินครับ""}
          -> ok
       ⚙  reply  text_ids=[1099]
     บอท ▸ [1099] contact_bank_bye  (✓ยืนยันแล้ว)
            หากมีข้อติดขัดประการใด โทรกลับมาปรึกษาเอบีซีได้ที่เบอร์ [company_phone] ค่ะ ขอบคุณค่ะ สวัสดีค่ะ"
nomoney100,เล่าความลำบาก,NM-072,ขับวินได้วันละไม่กี่ร้อย ค่าน้ำมันยังแทบไม่พอ,ก็คือตอนนี้ไม่มีเงินครับ,refused,refused,pass,ถูกเลย,convince,เจรจาต่อ,,greet_verify disclose_balance convince ptp_bye,"       ⚙  reply  text_ids=[1015]
     บอท ▸ [1015] greet_verify  (ยังไม่ยืนยัน)
            สวัสดีค่ะ ดิฉันติดต่อจากเอบีซี ไม่ทราบว่ากำลังเรียนสายอยู่กับคุณ สมมติ ทดสอบระบบ ใช่หรือไม่คะ
  ลูกค้า ▸ ใช่ครับ
       ⚙  verify_status
          -> ok
       ⚙  reply  text_ids=[1065]
     บอท ▸ [1065] disclose_balance  (✓ยืนยันแล้ว)
            ขอบคุณค่ะ เอบีซีขอเรียนแจ้งว่าสินเชื่อ ที่ลงท้ายด้วยเลข 1234 มียอดชำระขั้นต่ำ 3000 บาท ครบกำหนดวันที่ วันศุกร์ที่ 18 กันยายน 2026 ค่ะ ไม่ทราบว่าสะดวกชำระภายในวันนี้หรือไม่คะ
  ลูกค้า ▸ ขับวินได้วันละไม่กี่ร้อย ค่าน้ำมันยังแทบไม่พอ
       ⚙  reply  text_ids=[1075]
     บอท ▸ [1075] convince  (✓ยืนยันแล้ว)
            เข้าใจค่ะ หากชำระขั้นต่ำ 3000 บาทภายในวันครบกำหนด จะช่วยรักษาประวัติการชำระไว้ได้ค่ะ ไม่ทราบว่าพอจะสะดวกหรือไม่คะ
  ลูกค้า ▸ ก็คือตอนนี้ไม่มีเงินครับ
       ⚙  record_outcome  {""result"": ""refused"", ""reason"": ""refused"", ""remark"": ""ก็คือตอนนี้ไม่มีเงินครับ""}
          -> ok
       ⚙  record_outcome  {""result"": ""refused"", ""reason"": ""refused"", ""remark"": ""ก็คือตอนนี้ไม่มีเงินครับ""}
          -> call_already_closed
     บอท ▸ [1084] ptp_bye  (✓ยืนยันแล้ว)
            ขอบคุณค่ะ เอบีซีได้บันทึกไว้เรียบร้อยแล้วค่ะ ขอบคุณที่สละเวลา สวัสดีค่ะ"
nomoney100,เล่าความลำบาก,NM-073,ลูกเพิ่งเข้าโรงเรียน ค่าใช้จ่ายเยอะมาก,ก็คือตอนนี้ไม่มีเงินครับ,refused,refused,pass,ถูกเลย,convince,เจรจาต่อ,,greet_verify disclose_balance convince contact_bank_bye,"       ⚙  reply  text_ids=[1015]
     บอท ▸ [1015] greet_verify  (ยังไม่ยืนยัน)
            สวัสดีค่ะ ดิฉันติดต่อจากเอบีซี ไม่ทราบว่ากำลังเรียนสายอยู่กับคุณ สมมติ ทดสอบระบบ ใช่หรือไม่คะ
  ลูกค้า ▸ ใช่ครับ
       ⚙  verify_status
          -> ok
       ⚙  reply  text_ids=[1065]
     บอท ▸ [1065] disclose_balance  (✓ยืนยันแล้ว)
            ขอบคุณค่ะ เอบีซีขอเรียนแจ้งว่าสินเชื่อ ที่ลงท้ายด้วยเลข 1234 มียอดชำระขั้นต่ำ 3000 บาท ครบกำหนดวันที่ วันศุกร์ที่ 18 กันยายน 2026 ค่ะ ไม่ทราบว่าสะดวกชำระภายในวันนี้หรือไม่คะ
  ลูกค้า ▸ ลูกเพิ่งเข้าโรงเรียน ค่าใช้จ่ายเยอะมาก
       ⚙  reply  text_ids=[1075]
     บอท ▸ [1075] convince  (✓ยืนยันแล้ว)
            เข้าใจค่ะ หากชำระขั้นต่ำ 3000 บาทภายในวันครบกำหนด จะช่วยรักษาประวัติการชำระไว้ได้ค่ะ ไม่ทราบว่าพอจะสะดวกหรือไม่คะ
  ลูกค้า ▸ ก็คือตอนนี้ไม่มีเงินครับ
       ⚙  record_outcome  {""result"": ""refused"", ""reason"": ""refused"", ""remark"": ""ก็คือตอนนี้ไม่มีเงินครับ""}
          -> ok
       ⚙  record_outcome  {""result"": ""refused"", ""reason"": ""refused"", ""remark"": ""ก็คือตอนนี้ไม่มีเงินครับ""}
          -> call_already_closed
       ⚙  reply  text_ids=[1099]
     บอท ▸ [1099] contact_bank_bye  (✓ยืนยันแล้ว)
            หากมีข้อติดขัดประการใด โทรกลับมาปรึกษาเอบีซีได้ที่เบอร์ [company_phone] ค่ะ ขอบคุณค่ะ สวัสดีค่ะ"
nomoney100,เล่าความลำบาก,NM-074,โดนแก๊งคอลเซ็นเตอร์หลอกไปหมดตัวเลยค่ะ,ก็คือตอนนี้ไม่มีเงินครับ,refused,refused,pass,ถูกเลย,faq_scam,ตอบคำถาม/อื่น,,greet_verify disclose_balance faq_scam convince contact_bank_bye,"       ⚙  reply  text_ids=[1015]
     บอท ▸ [1015] greet_verify  (ยังไม่ยืนยัน)
            สวัสดีค่ะ ดิฉันติดต่อจากเอบีซี ไม่ทราบว่ากำลังเรียนสายอยู่กับคุณ สมมติ ทดสอบระบบ ใช่หรือไม่คะ
  ลูกค้า ▸ ใช่ครับ
       ⚙  verify_status
          -> ok
       ⚙  reply  text_ids=[1065]
     บอท ▸ [1065] disclose_balance  (✓ยืนยันแล้ว)
            ขอบคุณค่ะ เอบีซีขอเรียนแจ้งว่าสินเชื่อ ที่ลงท้ายด้วยเลข 1234 มียอดชำระขั้นต่ำ 3000 บาท ครบกำหนดวันที่ วันศุกร์ที่ 18 กันยายน 2026 ค่ะ ไม่ทราบว่าสะดวกชำระภายในวันนี้หรือไม่คะ
  ลูกค้า ▸ โดนแก๊งคอลเซ็นเตอร์หลอกไปหมดตัวเลยค่ะ
       ⚙  reply  text_ids=[1660]
     บอท ▸ [1660] faq_scam  (✓ยืนยันแล้ว)
            ดิฉันเข้าใจในความกังวลค่ะ ดิฉันเป็นผู้ช่วยอัตโนมัติของเอบีซีจริงค่ะ หากไม่มั่นใจ โทรกลับมาที่ [company_phone] ได้ค่ะ
  ลูกค้า ▸ ก็คือตอนนี้ไม่มีเงินครับ
       ⚙  reply  text_ids=[1075]
     บอท ▸ [1075] convince  (✓ยืนยันแล้ว)
            เข้าใจค่ะ หากชำระขั้นต่ำ 3000 บาทภายในวันครบกำหนด จะช่วยรักษาประวัติการชำระไว้ได้ค่ะ ไม่ทราบว่าพอจะสะดวกหรือไม่คะ
  ลูกค้า ▸ ยังไม่มีเงินจ่ายครับ
       ⚙  record_outcome  {""result"": ""refused"", ""reason"": ""refused"", ""remark"": ""ยังไม่มีเงินจ่ายครับ""}
          -> ok
       ⚙  record_outcome  {""result"": ""refused"", ""reason"": ""refused"", ""remark"": ""ยังไม่มีเงินจ่ายครับ""}
          -> call_already_closed
       ⚙  reply  text_ids=[1099]
     บอท ▸ [1099] contact_bank_bye  (✓ยืนยันแล้ว)
            หากมีข้อติดขัดประการใด โทรกลับมาปรึกษาเอบีซีได้ที่เบอร์ [company_phone] ค่ะ ขอบคุณค่ะ สวัสดีค่ะ"
nomoney100,เล่าความลำบาก,NM-075,ตอนนี้อยู่บ้านเฉยๆ ไม่ได้ทำงาน,ก็คือตอนนี้ไม่มีเงินครับ,refused,refused,pass,ถูกเลย,convince,เจรจาต่อ,,greet_verify disclose_balance convince contact_bank_bye,"       ⚙  reply  text_ids=[1015]
     บอท ▸ [1015] greet_verify  (ยังไม่ยืนยัน)
            สวัสดีค่ะ ดิฉันติดต่อจากเอบีซี ไม่ทราบว่ากำลังเรียนสายอยู่กับคุณ สมมติ ทดสอบระบบ ใช่หรือไม่คะ
  ลูกค้า ▸ ใช่ครับ
       ⚙  verify_status
          -> ok
       ⚙  reply  text_ids=[1065]
     บอท ▸ [1065] disclose_balance  (✓ยืนยันแล้ว)
            ขอบคุณค่ะ เอบีซีขอเรียนแจ้งว่าสินเชื่อ ที่ลงท้ายด้วยเลข 1234 มียอดชำระขั้นต่ำ 3000 บาท ครบกำหนดวันที่ วันศุกร์ที่ 18 กันยายน 2026 ค่ะ ไม่ทราบว่าสะดวกชำระภายในวันนี้หรือไม่คะ
  ลูกค้า ▸ ตอนนี้อยู่บ้านเฉยๆ ไม่ได้ทำงาน
       ⚙  reply  text_ids=[1075]
     บอท ▸ [1075] convince  (✓ยืนยันแล้ว)
            เข้าใจค่ะ หากชำระขั้นต่ำ 3000 บาทภายในวันครบกำหนด จะช่วยรักษาประวัติการชำระไว้ได้ค่ะ ไม่ทราบว่าพอจะสะดวกหรือไม่คะ
  ลูกค้า ▸ ก็คือตอนนี้ไม่มีเงินครับ
       ⚙  record_outcome  {""result"": ""refused"", ""reason"": ""refused"", ""remark"": ""ก็คือตอนนี้ไม่มีเงินครับ""}
          -> ok
       ⚙  record_outcome  {""result"": ""refused"", ""reason"": ""refused"", ""remark"": ""ก็คือตอนนี้ไม่มีเงินครับ""}
          -> call_already_closed
       ⚙  reply  text_ids=[1099]
     บอท ▸ [1099] contact_bank_bye  (✓ยืนยันแล้ว)
            หากมีข้อติดขัดประการใด โทรกลับมาปรึกษาเอบีซีได้ที่เบอร์ [company_phone] ค่ะ ขอบคุณค่ะ สวัสดีค่ะ"
