set,id,group,utterance,expect,got,verdict,beats,trajectory
seed,S4,เงื่อนไขสมมติ,ถ้าจ่ายได้ผมจ่ายไปนานแล้วครับ,refused,to_verify,fail,greet_verify disclose_balance ask_clarify ptp_bye,"       ⚙  reply  text_ids=[1015]
     บอท ▸ [1015] greet_verify
            สวัสดีค่ะ ดิฉันติดต่อจากเอบีซี ไม่ทราบว่ากำลังเรียนสายอยู่กับคุณ สมมติ ทดสอบระบบ ใช่หรือไม่คะ
  ลูกค้า ▸ ใช่ครับ
       ⚙  verify_status
          -> ok
       ⚙  reply  text_ids=[1065]
     บอท ▸ [1065] disclose_balance
            ขอบคุณค่ะ เอบีซีขอเรียนแจ้งว่าสินเชื่อ ที่ลงท้ายด้วยเลข 1234 มียอดชำระขั้นต่ำ 3000 บาท ครบกำหนดวันที่ 2026-09-18 (Friday) ค่ะ ไม่ทราบว่าสะดวกชำระภายในวันนี้หรือไม่คะ
  ลูกค้า ▸ ถ้าจ่ายได้ผมจ่ายไปนานแล้วครับ
       ⚙  reply  text_ids=[3127]
     บอท ▸ [3127] ask_clarify
            ขออภัยค่ะ ดิฉันขอถามให้แน่ใจอีกครั้ง — หมายถึงชำระเรียบร้อยแล้ว หรือยังไม่สะดวกชำระคะ
  ลูกค้า ▸ ก็ตามที่บอกครับ
       ⚙  record_outcome  {""result"": ""to_verify"", ""reason"": ""claims_paid"", ""remark"": ""ก็ตามที่บอกครับ""}
          -> ok
       ⚙  record_outcome  {""result"": ""to_verify"", ""reason"": ""claims_paid"", ""remark"": ""ก็ตามที่บอกครับ""}
          -> call_already_closed"
conflict52,ไม่มีเงิน|ตอบรับนำหน้า,ไม่มีเงิน/ตอบรับนำหน้า,ครับ ๆ ตอนนี้ไม่มีเงินจ่ายครับ,refused,refused,pass,greet_verify disclose_balance convince contact_bank_bye,"       ⚙  reply  text_ids=[1015]
     บอท ▸ [1015] greet_verify
            สวัสดีค่ะ ดิฉันติดต่อจากเอบีซี ไม่ทราบว่ากำลังเรียนสายอยู่กับคุณ สมมติ ทดสอบระบบ ใช่หรือไม่คะ
  ลูกค้า ▸ ใช่ครับ
       ⚙  verify_status
          -> ok
       ⚙  reply  text_ids=[1065]
     บอท ▸ [1065] disclose_balance
            ขอบคุณค่ะ เอบีซีขอเรียนแจ้งว่าสินเชื่อ ที่ลงท้ายด้วยเลข 1234 มียอดชำระขั้นต่ำ 3000 บาท ครบกำหนดวันที่ 2026-09-18 (Friday) ค่ะ ไม่ทราบว่าสะดวกชำระภายในวันนี้หรือไม่คะ
  ลูกค้า ▸ ครับ ๆ ตอนนี้ไม่มีเงินจ่ายครับ
       ⚙  reply  text_ids=[1075]
     บอท ▸ [1075] convince
            เข้าใจค่ะ หากชำระขั้นต่ำ 3000 บาทภายในวันครบกำหนด จะช่วยรักษาประวัติการชำระไว้ได้ค่ะ ไม่ทราบว่าพอจะสะดวกหรือไม่คะ
  ลูกค้า ▸ ก็ตามที่บอกครับ
       ⚙  record_outcome  {""result"": ""refused"", ""reason"": ""refused"", ""remark"": ""ก็ตามที่บอกครับ""}
          -> ok
       ⚙  reply  text_ids=[1099]
     บอท ▸ [1099] contact_bank_bye
            หากมีข้อติดขัดประการใด โทรกลับมาปรึกษาเอบีซีได้ที่เบอร์ [company_phone] ค่ะ ขอบคุณค่ะ สวัสดีค่ะ"
conflict52,ไม่มีเงิน|ตอบรับนำหน้า|twin,ไม่มีเงิน/ตอบรับนำหน้า,ตอนนี้ไม่มีเงินจ่ายครับ,refused,refused,pass,greet_verify disclose_balance convince contact_bank_bye,"       ⚙  reply  text_ids=[1015]
     บอท ▸ [1015] greet_verify
            สวัสดีค่ะ ดิฉันติดต่อจากเอบีซี ไม่ทราบว่ากำลังเรียนสายอยู่กับคุณ สมมติ ทดสอบระบบ ใช่หรือไม่คะ
  ลูกค้า ▸ ใช่ครับ
       ⚙  verify_status
          -> ok
       ⚙  reply  text_ids=[1065]
     บอท ▸ [1065] disclose_balance
            ขอบคุณค่ะ เอบีซีขอเรียนแจ้งว่าสินเชื่อ ที่ลงท้ายด้วยเลข 1234 มียอดชำระขั้นต่ำ 3000 บาท ครบกำหนดวันที่ 2026-09-18 (Friday) ค่ะ ไม่ทราบว่าสะดวกชำระภายในวันนี้หรือไม่คะ
  ลูกค้า ▸ ตอนนี้ไม่มีเงินจ่ายครับ
       ⚙  reply  text_ids=[1075]
     บอท ▸ [1075] convince
            เข้าใจค่ะ หากชำระขั้นต่ำ 3000 บาทภายในวันครบกำหนด จะช่วยรักษาประวัติการชำระไว้ได้ค่ะ ไม่ทราบว่าพอจะสะดวกหรือไม่คะ
  ลูกค้า ▸ ก็ตามที่บอกครับ
       ⚙  record_outcome  {""result"": ""refused"", ""reason"": ""refused"", ""remark"": ""ก็ตามที่บอกครับ""}
          -> ok
       ⚙  reply  text_ids=[1099]
     บอท ▸ [1099] contact_bank_bye
            หากมีข้อติดขัดประการใด โทรกลับมาปรึกษาเอบีซีได้ที่เบอร์ [company_phone] ค่ะ ขอบคุณค่ะ สวัสดีค่ะ"
conflict52,ไม่มีเงิน|แก้คำกลางประโยค,ไม่มีเงิน/แก้คำกลางประโยค,พอจ่ายไหวครับ...เอ่อ ไม่ไหวครับ,refused,refused,pass,greet_verify disclose_balance convince contact_bank_bye,"       ⚙  reply  text_ids=[1015]
     บอท ▸ [1015] greet_verify
            สวัสดีค่ะ ดิฉันติดต่อจากเอบีซี ไม่ทราบว่ากำลังเรียนสายอยู่กับคุณ สมมติ ทดสอบระบบ ใช่หรือไม่คะ
  ลูกค้า ▸ ใช่ครับ
       ⚙  verify_status
          -> ok
       ⚙  reply  text_ids=[1065]
     บอท ▸ [1065] disclose_balance
            ขอบคุณค่ะ เอบีซีขอเรียนแจ้งว่าสินเชื่อ ที่ลงท้ายด้วยเลข 1234 มียอดชำระขั้นต่ำ 3000 บาท ครบกำหนดวันที่ 2026-09-18 (Friday) ค่ะ ไม่ทราบว่าสะดวกชำระภายในวันนี้หรือไม่คะ
  ลูกค้า ▸ พอจ่ายไหวครับ...เอ่อ ไม่ไหวครับ
       ⚙  reply  text_ids=[1075]
     บอท ▸ [1075] convince
            เข้าใจค่ะ หากชำระขั้นต่ำ 3000 บาทภายในวันครบกำหนด จะช่วยรักษาประวัติการชำระไว้ได้ค่ะ ไม่ทราบว่าพอจะสะดวกหรือไม่คะ
  ลูกค้า ▸ ก็ตามที่บอกครับ
       ⚙  record_outcome  {""result"": ""refused"", ""reason"": ""refused"", ""remark"": ""ก็ตามที่บอกครับ""}
          -> ok
       ⚙  reply  text_ids=[1099]
     บอท ▸ [1099] contact_bank_bye
            หากมีข้อติดขัดประการใด โทรกลับมาปรึกษาเอบีซีได้ที่เบอร์ [company_phone] ค่ะ ขอบคุณค่ะ สวัสดีค่ะ"
conflict52,ไม่มีเงิน|แก้คำกลางประโยค|twin,ไม่มีเงิน/แก้คำกลางประโยค,ไม่ไหวครับ,refused,refused,pass,greet_verify disclose_balance convince contact_bank_bye,"       ⚙  reply  text_ids=[1015]
     บอท ▸ [1015] greet_verify
            สวัสดีค่ะ ดิฉันติดต่อจากเอบีซี ไม่ทราบว่ากำลังเรียนสายอยู่กับคุณ สมมติ ทดสอบระบบ ใช่หรือไม่คะ
  ลูกค้า ▸ ใช่ครับ
       ⚙  verify_status
          -> ok
       ⚙  reply  text_ids=[1065]
     บอท ▸ [1065] disclose_balance
            ขอบคุณค่ะ เอบีซีขอเรียนแจ้งว่าสินเชื่อ ที่ลงท้ายด้วยเลข 1234 มียอดชำระขั้นต่ำ 3000 บาท ครบกำหนดวันที่ 2026-09-18 (Friday) ค่ะ ไม่ทราบว่าสะดวกชำระภายในวันนี้หรือไม่คะ
  ลูกค้า ▸ ไม่ไหวครับ
       ⚙  reply  text_ids=[1075]
     บอท ▸ [1075] convince
            เข้าใจค่ะ หากชำระขั้นต่ำ 3000 บาทภายในวันครบกำหนด จะช่วยรักษาประวัติการชำระไว้ได้ค่ะ ไม่ทราบว่าพอจะสะดวกหรือไม่คะ
  ลูกค้า ▸ ก็ตามที่บอกครับ
       ⚙  record_outcome  {""result"": ""refused"", ""reason"": ""refused"", ""remark"": ""ก็ตามที่บอกครับ""}
          -> ok
       ⚙  reply  text_ids=[1099]
     บอท ▸ [1099] contact_bank_bye
            หากมีข้อติดขัดประการใด โทรกลับมาปรึกษาเอบีซีได้ที่เบอร์ [company_phone] ค่ะ ขอบคุณค่ะ สวัสดีค่ะ"
conflict52,ไม่มีเงิน|ปฏิเสธต่อท้าย,ไม่มีเงิน/ปฏิเสธต่อท้าย,อยากจ่ายนะครับ แต่ไม่มีจริง ๆ,refused,refused,pass,greet_verify disclose_balance convince contact_bank_bye,"       ⚙  reply  text_ids=[1015]
     บอท ▸ [1015] greet_verify
            สวัสดีค่ะ ดิฉันติดต่อจากเอบีซี ไม่ทราบว่ากำลังเรียนสายอยู่กับคุณ สมมติ ทดสอบระบบ ใช่หรือไม่คะ
  ลูกค้า ▸ ใช่ครับ
       ⚙  verify_status
          -> ok
       ⚙  reply  text_ids=[1065]
     บอท ▸ [1065] disclose_balance
            ขอบคุณค่ะ เอบีซีขอเรียนแจ้งว่าสินเชื่อ ที่ลงท้ายด้วยเลข 1234 มียอดชำระขั้นต่ำ 3000 บาท ครบกำหนดวันที่ 2026-09-18 (Friday) ค่ะ ไม่ทราบว่าสะดวกชำระภายในวันนี้หรือไม่คะ
  ลูกค้า ▸ อยากจ่ายนะครับ แต่ไม่มีจริง ๆ
       ⚙  reply  text_ids=[1075]
     บอท ▸ [1075] convince
            เข้าใจค่ะ หากชำระขั้นต่ำ 3000 บาทภายในวันครบกำหนด จะช่วยรักษาประวัติการชำระไว้ได้ค่ะ ไม่ทราบว่าพอจะสะดวกหรือไม่คะ
  ลูกค้า ▸ ก็ตามที่บอกครับ
       ⚙  record_outcome  {""result"": ""refused"", ""reason"": ""refused"", ""remark"": ""ก็ตามที่บอกครับ""}
          -> ok
       ⚙  reply  text_ids=[1099]
     บอท ▸ [1099] contact_bank_bye
            หากมีข้อติดขัดประการใด โทรกลับมาปรึกษาเอบีซีได้ที่เบอร์ [company_phone] ค่ะ ขอบคุณค่ะ สวัสดีค่ะ"
conflict52,ไม่มีเงิน|ปฏิเสธต่อท้าย|twin,ไม่มีเงิน/ปฏิเสธต่อท้าย,ไม่มีเงินจริง ๆ ครับ,refused,refused,pass,greet_verify disclose_balance convince contact_bank_bye,"       ⚙  reply  text_ids=[1015]
     บอท ▸ [1015] greet_verify
            สวัสดีค่ะ ดิฉันติดต่อจากเอบีซี ไม่ทราบว่ากำลังเรียนสายอยู่กับคุณ สมมติ ทดสอบระบบ ใช่หรือไม่คะ
  ลูกค้า ▸ ใช่ครับ
       ⚙  verify_status
          -> ok
       ⚙  reply  text_ids=[1065]
     บอท ▸ [1065] disclose_balance
            ขอบคุณค่ะ เอบีซีขอเรียนแจ้งว่าสินเชื่อ ที่ลงท้ายด้วยเลข 1234 มียอดชำระขั้นต่ำ 3000 บาท ครบกำหนดวันที่ 2026-09-18 (Friday) ค่ะ ไม่ทราบว่าสะดวกชำระภายในวันนี้หรือไม่คะ
  ลูกค้า ▸ ไม่มีเงินจริง ๆ ครับ
       ⚙  reply  text_ids=[1075]
     บอท ▸ [1075] convince
            เข้าใจค่ะ หากชำระขั้นต่ำ 3000 บาทภายในวันครบกำหนด จะช่วยรักษาประวัติการชำระไว้ได้ค่ะ ไม่ทราบว่าพอจะสะดวกหรือไม่คะ
  ลูกค้า ▸ ก็ตามที่บอกครับ
       ⚙  record_outcome  {""result"": ""refused"", ""reason"": ""refused"", ""remark"": ""ก็ตามที่บอกครับ""}
          -> ok
       ⚙  reply  text_ids=[1099]
     บอท ▸ [1099] contact_bank_bye
            หากมีข้อติดขัดประการใด โทรกลับมาปรึกษาเอบีซีได้ที่เบอร์ [company_phone] ค่ะ ขอบคุณค่ะ สวัสดีค่ะ"
conflict52,ไม่มีเงิน|ยืนยันบนประโยคลบ,ไม่มีเงิน/ยืนยันบนประโยคลบ,ถูกต้องครับ ผมไม่มีเงินจ่าย,refused,refused,pass,greet_verify disclose_balance convince contact_bank_bye,"       ⚙  reply  text_ids=[1015]
     บอท ▸ [1015] greet_verify
            สวัสดีค่ะ ดิฉันติดต่อจากเอบีซี ไม่ทราบว่ากำลังเรียนสายอยู่กับคุณ สมมติ ทดสอบระบบ ใช่หรือไม่คะ
  ลูกค้า ▸ ใช่ครับ
       ⚙  verify_status
          -> ok
       ⚙  reply  text_ids=[1065]
     บอท ▸ [1065] disclose_balance
            ขอบคุณค่ะ เอบีซีขอเรียนแจ้งว่าสินเชื่อ ที่ลงท้ายด้วยเลข 1234 มียอดชำระขั้นต่ำ 3000 บาท ครบกำหนดวันที่ 2026-09-18 (Friday) ค่ะ ไม่ทราบว่าสะดวกชำระภายในวันนี้หรือไม่คะ
  ลูกค้า ▸ ถูกต้องครับ ผมไม่มีเงินจ่าย
       ⚙  reply  text_ids=[1075]
     บอท ▸ [1075] convince
            เข้าใจค่ะ หากชำระขั้นต่ำ 3000 บาทภายในวันครบกำหนด จะช่วยรักษาประวัติการชำระไว้ได้ค่ะ ไม่ทราบว่าพอจะสะดวกหรือไม่คะ
  ลูกค้า ▸ ก็ตามที่บอกครับ
       ⚙  record_outcome  {""result"": ""refused"", ""reason"": ""refused"", ""remark"": ""ก็ตามที่บอกครับ""}
          -> ok
       ⚙  record_outcome  {""result"": ""refused"", ""reason"": ""refused"", ""remark"": ""ก็ตามที่บอกครับ""}
          -> call_already_closed
       ⚙  reply  text_ids=[1099]
     บอท ▸ [1099] contact_bank_bye
            หากมีข้อติดขัดประการใด โทรกลับมาปรึกษาเอบีซีได้ที่เบอร์ [company_phone] ค่ะ ขอบคุณค่ะ สวัสดีค่ะ"
conflict52,ไม่มีเงิน|ยืนยันบนประโยคลบ|twin,ไม่มีเงิน/ยืนยันบนประโยคลบ,ผมไม่มีเงินจ่ายครับ,refused,refused,pass,greet_verify disclose_balance convince contact_bank_bye,"       ⚙  reply  text_ids=[1015]
     บอท ▸ [1015] greet_verify
            สวัสดีค่ะ ดิฉันติดต่อจากเอบีซี ไม่ทราบว่ากำลังเรียนสายอยู่กับคุณ สมมติ ทดสอบระบบ ใช่หรือไม่คะ
  ลูกค้า ▸ ใช่ครับ
       ⚙  verify_status
          -> ok
       ⚙  reply  text_ids=[1065]
     บอท ▸ [1065] disclose_balance
            ขอบคุณค่ะ เอบีซีขอเรียนแจ้งว่าสินเชื่อ ที่ลงท้ายด้วยเลข 1234 มียอดชำระขั้นต่ำ 3000 บาท ครบกำหนดวันที่ 2026-09-18 (Friday) ค่ะ ไม่ทราบว่าสะดวกชำระภายในวันนี้หรือไม่คะ
  ลูกค้า ▸ ผมไม่มีเงินจ่ายครับ
       ⚙  reply  text_ids=[1075]
     บอท ▸ [1075] convince
            เข้าใจค่ะ หากชำระขั้นต่ำ 3000 บาทภายในวันครบกำหนด จะช่วยรักษาประวัติการชำระไว้ได้ค่ะ ไม่ทราบว่าพอจะสะดวกหรือไม่คะ
  ลูกค้า ▸ ก็ตามที่บอกครับ
       ⚙  record_outcome  {""result"": ""refused"", ""reason"": ""refused"", ""remark"": ""ก็ตามที่บอกครับ""}
          -> ok
       ⚙  reply  text_ids=[1099]
     บอท ▸ [1099] contact_bank_bye
            หากมีข้อติดขัดประการใด โทรกลับมาปรึกษาเอบีซีได้ที่เบอร์ [company_phone] ค่ะ ขอบคุณค่ะ สวัสดีค่ะ"
conflict52,ไม่มีเงิน|กรอบซ้อนกรอบ,ไม่มีเงิน/กรอบซ้อนกรอบ,มีเงินอยู่ครับ แต่ไม่พอจ่าย,refused,refused,pass,greet_verify disclose_balance convince contact_bank_bye,"       ⚙  reply  text_ids=[1015]
     บอท ▸ [1015] greet_verify
            สวัสดีค่ะ ดิฉันติดต่อจากเอบีซี ไม่ทราบว่ากำลังเรียนสายอยู่กับคุณ สมมติ ทดสอบระบบ ใช่หรือไม่คะ
  ลูกค้า ▸ ใช่ครับ
       ⚙  verify_status
          -> ok
       ⚙  reply  text_ids=[1065]
     บอท ▸ [1065] disclose_balance
            ขอบคุณค่ะ เอบีซีขอเรียนแจ้งว่าสินเชื่อ ที่ลงท้ายด้วยเลข 1234 มียอดชำระขั้นต่ำ 3000 บาท ครบกำหนดวันที่ 2026-09-18 (Friday) ค่ะ ไม่ทราบว่าสะดวกชำระภายในวันนี้หรือไม่คะ
  ลูกค้า ▸ มีเงินอยู่ครับ แต่ไม่พอจ่าย
       ⚙  reply  text_ids=[1075]
     บอท ▸ [1075] convince
            เข้าใจค่ะ หากชำระขั้นต่ำ 3000 บาทภายในวันครบกำหนด จะช่วยรักษาประวัติการชำระไว้ได้ค่ะ ไม่ทราบว่าพอจะสะดวกหรือไม่คะ
  ลูกค้า ▸ ก็ตามที่บอกครับ
       ⚙  record_outcome  {""result"": ""refused"", ""reason"": ""refused"", ""remark"": ""ก็ตามที่บอกครับ""}
          -> ok
       ⚙  reply  text_ids=[1099]
     บอท ▸ [1099] contact_bank_bye
            หากมีข้อติดขัดประการใด โทรกลับมาปรึกษาเอบีซีได้ที่เบอร์ [company_phone] ค่ะ ขอบคุณค่ะ สวัสดีค่ะ"
conflict52,ไม่มีเงิน|กรอบซ้อนกรอบ|twin,ไม่มีเงิน/กรอบซ้อนกรอบ,เงินไม่พอจ่ายครับ,refused,refused,pass,greet_verify disclose_balance convince contact_bank_bye,"       ⚙  reply  text_ids=[1015]
     บอท ▸ [1015] greet_verify
            สวัสดีค่ะ ดิฉันติดต่อจากเอบีซี ไม่ทราบว่ากำลังเรียนสายอยู่กับคุณ สมมติ ทดสอบระบบ ใช่หรือไม่คะ
  ลูกค้า ▸ ใช่ครับ
       ⚙  verify_status
          -> ok
       ⚙  reply  text_ids=[1065]
     บอท ▸ [1065] disclose_balance
            ขอบคุณค่ะ เอบีซีขอเรียนแจ้งว่าสินเชื่อ ที่ลงท้ายด้วยเลข 1234 มียอดชำระขั้นต่ำ 3000 บาท ครบกำหนดวันที่ 2026-09-18 (Friday) ค่ะ ไม่ทราบว่าสะดวกชำระภายในวันนี้หรือไม่คะ
  ลูกค้า ▸ เงินไม่พอจ่ายครับ
       ⚙  reply  text_ids=[1075]
     บอท ▸ [1075] convince
            เข้าใจค่ะ หากชำระขั้นต่ำ 3000 บาทภายในวันครบกำหนด จะช่วยรักษาประวัติการชำระไว้ได้ค่ะ ไม่ทราบว่าพอจะสะดวกหรือไม่คะ
  ลูกค้า ▸ ก็ตามที่บอกครับ
       ⚙  record_outcome  {""result"": ""refused"", ""reason"": ""refused"", ""remark"": ""ก็ตามที่บอกครับ""}
          -> ok
       ⚙  reply  text_ids=[1099]
     บอท ▸ [1099] contact_bank_bye
            หากมีข้อติดขัดประการใด โทรกลับมาปรึกษาเอบีซีได้ที่เบอร์ [company_phone] ค่ะ ขอบคุณค่ะ สวัสดีค่ะ"
conflict52,ไม่มีเงิน|คำลงท้ายขัดเนื้อหา,ไม่มีเงิน/คำลงท้ายขัดเนื้อหา,ไม่มีปัญหาครับ แต่เงินไม่มี,refused,refused,pass,greet_verify disclose_balance convince contact_bank_bye,"       ⚙  reply  text_ids=[1015]
     บอท ▸ [1015] greet_verify
            สวัสดีค่ะ ดิฉันติดต่อจากเอบีซี ไม่ทราบว่ากำลังเรียนสายอยู่กับคุณ สมมติ ทดสอบระบบ ใช่หรือไม่คะ
  ลูกค้า ▸ ใช่ครับ
       ⚙  verify_status
          -> ok
       ⚙  reply  text_ids=[1065]
     บอท ▸ [1065] disclose_balance
            ขอบคุณค่ะ เอบีซีขอเรียนแจ้งว่าสินเชื่อ ที่ลงท้ายด้วยเลข 1234 มียอดชำระขั้นต่ำ 3000 บาท ครบกำหนดวันที่ 2026-09-18 (Friday) ค่ะ ไม่ทราบว่าสะดวกชำระภายในวันนี้หรือไม่คะ
  ลูกค้า ▸ ไม่มีปัญหาครับ แต่เงินไม่มี
       ⚙  reply  text_ids=[1075]
     บอท ▸ [1075] convince
            เข้าใจค่ะ หากชำระขั้นต่ำ 3000 บาทภายในวันครบกำหนด จะช่วยรักษาประวัติการชำระไว้ได้ค่ะ ไม่ทราบว่าพอจะสะดวกหรือไม่คะ
  ลูกค้า ▸ ก็ตามที่บอกครับ
       ⚙  record_outcome  {""result"": ""refused"", ""reason"": ""refused"", ""remark"": ""ก็ตามที่บอกครับ""}
          -> ok
       ⚙  reply  text_ids=[1099]
     บอท ▸ [1099] contact_bank_bye
            หากมีข้อติดขัดประการใด โทรกลับมาปรึกษาเอบีซีได้ที่เบอร์ [company_phone] ค่ะ ขอบคุณค่ะ สวัสดีค่ะ"
conflict52,ไม่มีเงิน|คำลงท้ายขัดเนื้อหา|twin,ไม่มีเงิน/คำลงท้ายขัดเนื้อหา,ตอนนี้เงินไม่มีครับ,refused,refused,pass,greet_verify disclose_balance convince contact_bank_bye,"       ⚙  reply  text_ids=[1015]
     บอท ▸ [1015] greet_verify
            สวัสดีค่ะ ดิฉันติดต่อจากเอบีซี ไม่ทราบว่ากำลังเรียนสายอยู่กับคุณ สมมติ ทดสอบระบบ ใช่หรือไม่คะ
  ลูกค้า ▸ ใช่ครับ
       ⚙  verify_status
          -> ok
       ⚙  reply  text_ids=[1065]
     บอท ▸ [1065] disclose_balance
            ขอบคุณค่ะ เอบีซีขอเรียนแจ้งว่าสินเชื่อ ที่ลงท้ายด้วยเลข 1234 มียอดชำระขั้นต่ำ 3000 บาท ครบกำหนดวันที่ 2026-09-18 (Friday) ค่ะ ไม่ทราบว่าสะดวกชำระภายในวันนี้หรือไม่คะ
  ลูกค้า ▸ ตอนนี้เงินไม่มีครับ
       ⚙  reply  text_ids=[1075]
     บอท ▸ [1075] convince
            เข้าใจค่ะ หากชำระขั้นต่ำ 3000 บาทภายในวันครบกำหนด จะช่วยรักษาประวัติการชำระไว้ได้ค่ะ ไม่ทราบว่าพอจะสะดวกหรือไม่คะ
  ลูกค้า ▸ ก็ตามที่บอกครับ
       ⚙  record_outcome  {""result"": ""refused"", ""reason"": ""refused"", ""remark"": ""ก็ตามที่บอกครับ""}
          -> ok
       ⚙  reply  text_ids=[1099]
     บอท ▸ [1099] contact_bank_bye
            หากมีข้อติดขัดประการใด โทรกลับมาปรึกษาเอบีซีได้ที่เบอร์ [company_phone] ค่ะ ขอบคุณค่ะ สวัสดีค่ะ"
conflict52,จ่ายแล้ว|ตอบรับนำหน้า,จ่ายแล้ว/ตอบรับนำหน้า,ไม่ครับ ผมจ่ายไปแล้ว,to_verify,to_verify,pass,greet_verify disclose_balance confirm_paid thank_paid_bye,"       ⚙  reply  text_ids=[1015]
     บอท ▸ [1015] greet_verify
            สวัสดีค่ะ ดิฉันติดต่อจากเอบีซี ไม่ทราบว่ากำลังเรียนสายอยู่กับคุณ สมมติ ทดสอบระบบ ใช่หรือไม่คะ
  ลูกค้า ▸ ใช่ครับ
       ⚙  verify_status
          -> ok
       ⚙  reply  text_ids=[1065]
     บอท ▸ [1065] disclose_balance
            ขอบคุณค่ะ เอบีซีขอเรียนแจ้งว่าสินเชื่อ ที่ลงท้ายด้วยเลข 1234 มียอดชำระขั้นต่ำ 3000 บาท ครบกำหนดวันที่ 2026-09-18 (Friday) ค่ะ ไม่ทราบว่าสะดวกชำระภายในวันนี้หรือไม่คะ
  ลูกค้า ▸ ไม่ครับ ผมจ่ายไปแล้ว
       ⚙  reply  text_ids=[2752]
     บอท ▸ [2752] confirm_paid
            ขอยืนยันนะคะ คุณลูกค้าได้ชำระยอดนี้เรียบร้อยแล้วใช่หรือไม่คะ
  ลูกค้า ▸ ก็ตามที่บอกครับ
       ⚙  record_outcome  {""result"": ""to_verify"", ""reason"": ""claims_paid"", ""remark"": ""ก็ตามที่บอกครับ""}
          -> ok
       ⚙  reply  text_ids=[1092]
     บอท ▸ [1092] thank_paid_bye
            ขอบคุณค่ะ เอบีซีจะตรวจสอบรายการให้อีกครั้ง หากมีข้อสงสัยติดต่อได้ที่ [company_phone] ค่ะ สวัสดีค่ะ"
conflict52,จ่ายแล้ว|ตอบรับนำหน้า|twin,จ่ายแล้ว/ตอบรับนำหน้า,ผมจ่ายไปแล้วครับ,to_verify,to_verify,pass,greet_verify disclose_balance confirm_paid thank_paid_bye,"       ⚙  reply  text_ids=[1015]
     บอท ▸ [1015] greet_verify
            สวัสดีค่ะ ดิฉันติดต่อจากเอบีซี ไม่ทราบว่ากำลังเรียนสายอยู่กับคุณ สมมติ ทดสอบระบบ ใช่หรือไม่คะ
  ลูกค้า ▸ ใช่ครับ
       ⚙  verify_status
          -> ok
       ⚙  reply  text_ids=[1065]
     บอท ▸ [1065] disclose_balance
            ขอบคุณค่ะ เอบีซีขอเรียนแจ้งว่าสินเชื่อ ที่ลงท้ายด้วยเลข 1234 มียอดชำระขั้นต่ำ 3000 บาท ครบกำหนดวันที่ 2026-09-18 (Friday) ค่ะ ไม่ทราบว่าสะดวกชำระภายในวันนี้หรือไม่คะ
  ลูกค้า ▸ ผมจ่ายไปแล้วครับ
       ⚙  reply  text_ids=[2752]
     บอท ▸ [2752] confirm_paid
            ขอยืนยันนะคะ คุณลูกค้าได้ชำระยอดนี้เรียบร้อยแล้วใช่หรือไม่คะ
  ลูกค้า ▸ ก็ตามที่บอกครับ
       ⚙  record_outcome  {""result"": ""to_verify"", ""reason"": ""claims_paid"", ""remark"": ""ก็ตามที่บอกครับ""}
          -> ok
       ⚙  reply  text_ids=[1092]
     บอท ▸ [1092] thank_paid_bye
            ขอบคุณค่ะ เอบีซีจะตรวจสอบรายการให้อีกครั้ง หากมีข้อสงสัยติดต่อได้ที่ [company_phone] ค่ะ สวัสดีค่ะ"
conflict52,จ่ายแล้ว|แก้คำกลางประโยค,จ่ายแล้ว/แก้คำกลางประโยค,ยังไม่ได้จ่าย...เอ๊ย จ่ายไปแล้วครับ,to_verify,to_verify,pass,greet_verify disclose_balance confirm_paid thank_paid_bye,"       ⚙  reply  text_ids=[1015]
     บอท ▸ [1015] greet_verify
            สวัสดีค่ะ ดิฉันติดต่อจากเอบีซี ไม่ทราบว่ากำลังเรียนสายอยู่กับคุณ สมมติ ทดสอบระบบ ใช่หรือไม่คะ
  ลูกค้า ▸ ใช่ครับ
       ⚙  verify_status
          -> ok
       ⚙  reply  text_ids=[1065]
     บอท ▸ [1065] disclose_balance
            ขอบคุณค่ะ เอบีซีขอเรียนแจ้งว่าสินเชื่อ ที่ลงท้ายด้วยเลข 1234 มียอดชำระขั้นต่ำ 3000 บาท ครบกำหนดวันที่ 2026-09-18 (Friday) ค่ะ ไม่ทราบว่าสะดวกชำระภายในวันนี้หรือไม่คะ
  ลูกค้า ▸ ยังไม่ได้จ่าย...เอ๊ย จ่ายไปแล้วครับ
       ⚙  reply  text_ids=[2752]
     บอท ▸ [2752] confirm_paid
            ขอยืนยันนะคะ คุณลูกค้าได้ชำระยอดนี้เรียบร้อยแล้วใช่หรือไม่คะ
  ลูกค้า ▸ ก็ตามที่บอกครับ
       ⚙  record_outcome  {""result"": ""to_verify"", ""reason"": ""claims_paid"", ""remark"": ""ก็ตามที่บอกครับ""}
          -> ok
       ⚙  reply  text_ids=[1092]
     บอท ▸ [1092] thank_paid_bye
            ขอบคุณค่ะ เอบีซีจะตรวจสอบรายการให้อีกครั้ง หากมีข้อสงสัยติดต่อได้ที่ [company_phone] ค่ะ สวัสดีค่ะ"
conflict52,จ่ายแล้ว|แก้คำกลางประโยค|twin,จ่ายแล้ว/แก้คำกลางประโยค,จ่ายไปแล้วครับ,to_verify,to_verify,pass,greet_verify disclose_balance confirm_paid thank_paid_bye,"       ⚙  reply  text_ids=[1015]
     บอท ▸ [1015] greet_verify
            สวัสดีค่ะ ดิฉันติดต่อจากเอบีซี ไม่ทราบว่ากำลังเรียนสายอยู่กับคุณ สมมติ ทดสอบระบบ ใช่หรือไม่คะ
  ลูกค้า ▸ ใช่ครับ
       ⚙  verify_status
          -> ok
       ⚙  reply  text_ids=[1065]
     บอท ▸ [1065] disclose_balance
            ขอบคุณค่ะ เอบีซีขอเรียนแจ้งว่าสินเชื่อ ที่ลงท้ายด้วยเลข 1234 มียอดชำระขั้นต่ำ 3000 บาท ครบกำหนดวันที่ 2026-09-18 (Friday) ค่ะ ไม่ทราบว่าสะดวกชำระภายในวันนี้หรือไม่คะ
  ลูกค้า ▸ จ่ายไปแล้วครับ
       ⚙  reply  text_ids=[2752]
     บอท ▸ [2752] confirm_paid
            ขอยืนยันนะคะ คุณลูกค้าได้ชำระยอดนี้เรียบร้อยแล้วใช่หรือไม่คะ
  ลูกค้า ▸ ก็ตามที่บอกครับ
       ⚙  record_outcome  {""result"": ""to_verify"", ""reason"": ""claims_paid"", ""remark"": ""ก็ตามที่บอกครับ""}
          -> ok
       ⚙  reply  text_ids=[1092]
     บอท ▸ [1092] thank_paid_bye
            ขอบคุณค่ะ เอบีซีจะตรวจสอบรายการให้อีกครั้ง หากมีข้อสงสัยติดต่อได้ที่ [company_phone] ค่ะ สวัสดีค่ะ"
conflict52,จ่ายแล้ว|ปฏิเสธต่อท้าย,จ่ายแล้ว/ปฏิเสธต่อท้าย,จ่ายไปแล้วครับ แต่ระบบอาจยังไม่ขึ้น,to_verify,to_verify,pass,greet_verify disclose_balance confirm_paid thank_paid_bye,"       ⚙  reply  text_ids=[1015]
     บอท ▸ [1015] greet_verify
            สวัสดีค่ะ ดิฉันติดต่อจากเอบีซี ไม่ทราบว่ากำลังเรียนสายอยู่กับคุณ สมมติ ทดสอบระบบ ใช่หรือไม่คะ
  ลูกค้า ▸ ใช่ครับ
       ⚙  verify_status
          -> ok
       ⚙  reply  text_ids=[1065]
     บอท ▸ [1065] disclose_balance
            ขอบคุณค่ะ เอบีซีขอเรียนแจ้งว่าสินเชื่อ ที่ลงท้ายด้วยเลข 1234 มียอดชำระขั้นต่ำ 3000 บาท ครบกำหนดวันที่ 2026-09-18 (Friday) ค่ะ ไม่ทราบว่าสะดวกชำระภายในวันนี้หรือไม่คะ
  ลูกค้า ▸ จ่ายไปแล้วครับ แต่ระบบอาจยังไม่ขึ้น
       ⚙  reply  text_ids=[2752]
     บอท ▸ [2752] confirm_paid
            ขอยืนยันนะคะ คุณลูกค้าได้ชำระยอดนี้เรียบร้อยแล้วใช่หรือไม่คะ
  ลูกค้า ▸ ก็ตามที่บอกครับ
       ⚙  record_outcome  {""result"": ""to_verify"", ""reason"": ""claims_paid"", ""remark"": ""ก็ตามที่บอกครับ""}
          -> ok
       ⚙  reply  text_ids=[1092]
     บอท ▸ [1092] thank_paid_bye
            ขอบคุณค่ะ เอบีซีจะตรวจสอบรายการให้อีกครั้ง หากมีข้อสงสัยติดต่อได้ที่ [company_phone] ค่ะ สวัสดีค่ะ"
conflict52,จ่ายแล้ว|ปฏิเสธต่อท้าย|twin,จ่ายแล้ว/ปฏิเสธต่อท้าย,จ่ายไปแล้วครับ,to_verify,to_verify,pass,greet_verify disclose_balance confirm_paid thank_paid_bye,"       ⚙  reply  text_ids=[1015]
     บอท ▸ [1015] greet_verify
            สวัสดีค่ะ ดิฉันติดต่อจากเอบีซี ไม่ทราบว่ากำลังเรียนสายอยู่กับคุณ สมมติ ทดสอบระบบ ใช่หรือไม่คะ
  ลูกค้า ▸ ใช่ครับ
       ⚙  verify_status
          -> ok
       ⚙  reply  text_ids=[1065]
     บอท ▸ [1065] disclose_balance
            ขอบคุณค่ะ เอบีซีขอเรียนแจ้งว่าสินเชื่อ ที่ลงท้ายด้วยเลข 1234 มียอดชำระขั้นต่ำ 3000 บาท ครบกำหนดวันที่ 2026-09-18 (Friday) ค่ะ ไม่ทราบว่าสะดวกชำระภายในวันนี้หรือไม่คะ
  ลูกค้า ▸ จ่ายไปแล้วครับ
       ⚙  reply  text_ids=[2752]
     บอท ▸ [2752] confirm_paid
            ขอยืนยันนะคะ คุณลูกค้าได้ชำระยอดนี้เรียบร้อยแล้วใช่หรือไม่คะ
  ลูกค้า ▸ ก็ตามที่บอกครับ
       ⚙  record_outcome  {""result"": ""to_verify"", ""reason"": ""claims_paid"", ""remark"": ""ก็ตามที่บอกครับ""}
          -> ok
       ⚙  reply  text_ids=[1092]
     บอท ▸ [1092] thank_paid_bye
            ขอบคุณค่ะ เอบีซีจะตรวจสอบรายการให้อีกครั้ง หากมีข้อสงสัยติดต่อได้ที่ [company_phone] ค่ะ สวัสดีค่ะ"
conflict52,จ่ายแล้ว|คำลงท้ายขัดเนื้อหา,จ่ายแล้ว/คำลงท้ายขัดเนื้อหา,จ่ายแล้วครับ...มั้งนะ,to_verify,to_verify,pass,greet_verify disclose_balance confirm_paid thank_paid_bye,"       ⚙  reply  text_ids=[1015]
     บอท ▸ [1015] greet_verify
            สวัสดีค่ะ ดิฉันติดต่อจากเอบีซี ไม่ทราบว่ากำลังเรียนสายอยู่กับคุณ สมมติ ทดสอบระบบ ใช่หรือไม่คะ
  ลูกค้า ▸ ใช่ครับ
       ⚙  verify_status
          -> ok
       ⚙  reply  text_ids=[1065]
     บอท ▸ [1065] disclose_balance
            ขอบคุณค่ะ เอบีซีขอเรียนแจ้งว่าสินเชื่อ ที่ลงท้ายด้วยเลข 1234 มียอดชำระขั้นต่ำ 3000 บาท ครบกำหนดวันที่ 2026-09-18 (Friday) ค่ะ ไม่ทราบว่าสะดวกชำระภายในวันนี้หรือไม่คะ
  ลูกค้า ▸ จ่ายแล้วครับ...มั้งนะ
       ⚙  reply  text_ids=[2752]
     บอท ▸ [2752] confirm_paid
            ขอยืนยันนะคะ คุณลูกค้าได้ชำระยอดนี้เรียบร้อยแล้วใช่หรือไม่คะ
  ลูกค้า ▸ ก็ตามที่บอกครับ
       ⚙  record_outcome  {""result"": ""to_verify"", ""reason"": ""claims_paid"", ""remark"": ""ก็ตามที่บอกครับ""}
          -> ok
       ⚙  record_outcome  {""result"": ""to_verify"", ""reason"": ""claims_paid"", ""remark"": ""ก็ตามที่บอกครับ""}
          -> call_already_closed
       ⚙  reply  text_ids=[1092]
     บอท ▸ [1092] thank_paid_bye
            ขอบคุณค่ะ เอบีซีจะตรวจสอบรายการให้อีกครั้ง หากมีข้อสงสัยติดต่อได้ที่ [company_phone] ค่ะ สวัสดีค่ะ"
conflict52,จ่ายแล้ว|คำลงท้ายขัดเนื้อหา|twin,จ่ายแล้ว/คำลงท้ายขัดเนื้อหา,จ่ายแล้วครับ,to_verify,to_verify,pass,greet_verify disclose_balance confirm_paid thank_paid_bye,"       ⚙  reply  text_ids=[1015]
     บอท ▸ [1015] greet_verify
            สวัสดีค่ะ ดิฉันติดต่อจากเอบีซี ไม่ทราบว่ากำลังเรียนสายอยู่กับคุณ สมมติ ทดสอบระบบ ใช่หรือไม่คะ
  ลูกค้า ▸ ใช่ครับ
       ⚙  verify_status
          -> ok
       ⚙  reply  text_ids=[1065]
     บอท ▸ [1065] disclose_balance
            ขอบคุณค่ะ เอบีซีขอเรียนแจ้งว่าสินเชื่อ ที่ลงท้ายด้วยเลข 1234 มียอดชำระขั้นต่ำ 3000 บาท ครบกำหนดวันที่ 2026-09-18 (Friday) ค่ะ ไม่ทราบว่าสะดวกชำระภายในวันนี้หรือไม่คะ
  ลูกค้า ▸ จ่ายแล้วครับ
       ⚙  reply  text_ids=[2752]
     บอท ▸ [2752] confirm_paid
            ขอยืนยันนะคะ คุณลูกค้าได้ชำระยอดนี้เรียบร้อยแล้วใช่หรือไม่คะ
  ลูกค้า ▸ ก็ตามที่บอกครับ
       ⚙  record_outcome  {""result"": ""to_verify"", ""reason"": ""claims_paid"", ""remark"": ""ก็ตามที่บอกครับ""}
          -> ok
       ⚙  reply  text_ids=[1092]
     บอท ▸ [1092] thank_paid_bye
            ขอบคุณค่ะ เอบีซีจะตรวจสอบรายการให้อีกครั้ง หากมีข้อสงสัยติดต่อได้ที่ [company_phone] ค่ะ สวัสดีค่ะ"
conflict52,จะจ่ายวันศุกร์|ตอบรับนำหน้า,จะจ่ายวันศุกร์/ตอบรับนำหน้า,ไม่ครับ เดี๋ยวจ่ายวันศุกร์ครับ,ptp,refused,fail,greet_verify disclose_balance convince contact_bank_bye,"       ⚙  reply  text_ids=[1015]
     บอท ▸ [1015] greet_verify
            สวัสดีค่ะ ดิฉันติดต่อจากเอบีซี ไม่ทราบว่ากำลังเรียนสายอยู่กับคุณ สมมติ ทดสอบระบบ ใช่หรือไม่คะ
  ลูกค้า ▸ ใช่ครับ
       ⚙  verify_status
          -> ok
       ⚙  reply  text_ids=[1065]
     บอท ▸ [1065] disclose_balance
            ขอบคุณค่ะ เอบีซีขอเรียนแจ้งว่าสินเชื่อ ที่ลงท้ายด้วยเลข 1234 มียอดชำระขั้นต่ำ 3000 บาท ครบกำหนดวันที่ 2026-09-18 (Friday) ค่ะ ไม่ทราบว่าสะดวกชำระภายในวันนี้หรือไม่คะ
  ลูกค้า ▸ ไม่ครับ เดี๋ยวจ่ายวันศุกร์ครับ
       ⚙  reply  text_ids=[1075]
     บอท ▸ [1075] convince
            เข้าใจค่ะ หากชำระขั้นต่ำ 3000 บาทภายในวันครบกำหนด จะช่วยรักษาประวัติการชำระไว้ได้ค่ะ ไม่ทราบว่าพอจะสะดวกหรือไม่คะ
  ลูกค้า ▸ ก็ตามที่บอกครับ
       ⚙  record_outcome  {""result"": ""refused"", ""reason"": ""refused"", ""remark"": ""ก็ตามที่บอกครับ""}
          -> ok
       ⚙  reply  text_ids=[1099]
     บอท ▸ [1099] contact_bank_bye
            หากมีข้อติดขัดประการใด โทรกลับมาปรึกษาเอบีซีได้ที่เบอร์ [company_phone] ค่ะ ขอบคุณค่ะ สวัสดีค่ะ"
conflict52,จะจ่ายวันศุกร์|ตอบรับนำหน้า|twin,จะจ่ายวันศุกร์/ตอบรับนำหน้า,จ่ายวันศุกร์ครับ,ptp,ptp,pass,greet_verify disclose_balance ptp_bye,"       ⚙  reply  text_ids=[1015]
     บอท ▸ [1015] greet_verify
            สวัสดีค่ะ ดิฉันติดต่อจากเอบีซี ไม่ทราบว่ากำลังเรียนสายอยู่กับคุณ สมมติ ทดสอบระบบ ใช่หรือไม่คะ
  ลูกค้า ▸ ใช่ครับ
       ⚙  verify_status
          -> ok
       ⚙  reply  text_ids=[1065]
     บอท ▸ [1065] disclose_balance
            ขอบคุณค่ะ เอบีซีขอเรียนแจ้งว่าสินเชื่อ ที่ลงท้ายด้วยเลข 1234 มียอดชำระขั้นต่ำ 3000 บาท ครบกำหนดวันที่ 2026-09-18 (Friday) ค่ะ ไม่ทราบว่าสะดวกชำระภายในวันนี้หรือไม่คะ
  ลูกค้า ▸ จ่ายวันศุกร์ครับ
       ⚙  record_outcome  {""result"": ""ptp"", ""reason"": ""ptp"", ""remark"": ""จ่ายวันศุกร์ครับ""}
          -> ok
       ⚙  reply  text_ids=[1084]
     บอท ▸ [1084] ptp_bye
            ขอบคุณค่ะ เอบีซีได้บันทึกไว้เรียบร้อยแล้วค่ะ ขอบคุณที่สละเวลา สวัสดีค่ะ"
conflict52,จะจ่ายวันศุกร์|แก้คำกลางประโยค,จะจ่ายวันศุกร์/แก้คำกลางประโยค,จ่ายพรุ่งนี้ครับ เอ๊ย วันศุกร์,ptp,ptp,pass,greet_verify disclose_balance ptp_bye,"       ⚙  reply  text_ids=[1015]
     บอท ▸ [1015] greet_verify
            สวัสดีค่ะ ดิฉันติดต่อจากเอบีซี ไม่ทราบว่ากำลังเรียนสายอยู่กับคุณ สมมติ ทดสอบระบบ ใช่หรือไม่คะ
  ลูกค้า ▸ ใช่ครับ
       ⚙  verify_status
          -> ok
       ⚙  reply  text_ids=[1065]
     บอท ▸ [1065] disclose_balance
            ขอบคุณค่ะ เอบีซีขอเรียนแจ้งว่าสินเชื่อ ที่ลงท้ายด้วยเลข 1234 มียอดชำระขั้นต่ำ 3000 บาท ครบกำหนดวันที่ 2026-09-18 (Friday) ค่ะ ไม่ทราบว่าสะดวกชำระภายในวันนี้หรือไม่คะ
  ลูกค้า ▸ จ่ายพรุ่งนี้ครับ เอ๊ย วันศุกร์
       ⚙  record_outcome  {""result"": ""ptp"", ""reason"": ""ptp"", ""remark"": ""จ่ายพรุ่งนี้ครับ เอ๊ย วันศุกร์""}
          -> ok
       ⚙  reply  text_ids=[1084]
     บอท ▸ [1084] ptp_bye
            ขอบคุณค่ะ เอบีซีได้บันทึกไว้เรียบร้อยแล้วค่ะ ขอบคุณที่สละเวลา สวัสดีค่ะ"
conflict52,จะจ่ายวันศุกร์|แก้คำกลางประโยค|twin,จะจ่ายวันศุกร์/แก้คำกลางประโยค,จ่ายวันศุกร์ครับ,ptp,ptp,pass,greet_verify disclose_balance ptp_bye,"       ⚙  reply  text_ids=[1015]
     บอท ▸ [1015] greet_verify
            สวัสดีค่ะ ดิฉันติดต่อจากเอบีซี ไม่ทราบว่ากำลังเรียนสายอยู่กับคุณ สมมติ ทดสอบระบบ ใช่หรือไม่คะ
  ลูกค้า ▸ ใช่ครับ
       ⚙  verify_status
          -> ok
       ⚙  reply  text_ids=[1065]
     บอท ▸ [1065] disclose_balance
            ขอบคุณค่ะ เอบีซีขอเรียนแจ้งว่าสินเชื่อ ที่ลงท้ายด้วยเลข 1234 มียอดชำระขั้นต่ำ 3000 บาท ครบกำหนดวันที่ 2026-09-18 (Friday) ค่ะ ไม่ทราบว่าสะดวกชำระภายในวันนี้หรือไม่คะ
  ลูกค้า ▸ จ่ายวันศุกร์ครับ
       ⚙  record_outcome  {""result"": ""ptp"", ""reason"": ""ptp"", ""remark"": ""จ่ายวันศุกร์ครับ""}
          -> ok
       ⚙  reply  text_ids=[1084]
     บอท ▸ [1084] ptp_bye
            ขอบคุณค่ะ เอบีซีได้บันทึกไว้เรียบร้อยแล้วค่ะ ขอบคุณที่สละเวลา สวัสดีค่ะ"
conflict52,จะจ่ายวันศุกร์|ยืนยันบนประโยคลบ,จะจ่ายวันศุกร์/ยืนยันบนประโยคลบ,ถูกต้องครับ วันศุกร์ผมจ่ายแน่,ptp,ptp,pass,greet_verify disclose_balance ptp_bye,"       ⚙  reply  text_ids=[1015]
     บอท ▸ [1015] greet_verify
            สวัสดีค่ะ ดิฉันติดต่อจากเอบีซี ไม่ทราบว่ากำลังเรียนสายอยู่กับคุณ สมมติ ทดสอบระบบ ใช่หรือไม่คะ
  ลูกค้า ▸ ใช่ครับ
       ⚙  verify_status
          -> ok
       ⚙  reply  text_ids=[1065]
     บอท ▸ [1065] disclose_balance
            ขอบคุณค่ะ เอบีซีขอเรียนแจ้งว่าสินเชื่อ ที่ลงท้ายด้วยเลข 1234 มียอดชำระขั้นต่ำ 3000 บาท ครบกำหนดวันที่ 2026-09-18 (Friday) ค่ะ ไม่ทราบว่าสะดวกชำระภายในวันนี้หรือไม่คะ
  ลูกค้า ▸ ถูกต้องครับ วันศุกร์ผมจ่ายแน่
       ⚙  record_outcome  {""result"": ""ptp"", ""reason"": ""ptp"", ""remark"": ""ถูกต้องครับ วันศุกร์ผมจ่ายแน่""}
          -> ok
       ⚙  reply  text_ids=[1084]
     บอท ▸ [1084] ptp_bye
            ขอบคุณค่ะ เอบีซีได้บันทึกไว้เรียบร้อยแล้วค่ะ ขอบคุณที่สละเวลา สวัสดีค่ะ"
conflict52,จะจ่ายวันศุกร์|ยืนยันบนประโยคลบ|twin,จะจ่ายวันศุกร์/ยืนยันบนประโยคลบ,จ่ายวันศุกร์ครับ,ptp,ptp,pass,greet_verify disclose_balance ptp_bye,"       ⚙  reply  text_ids=[1015]
     บอท ▸ [1015] greet_verify
            สวัสดีค่ะ ดิฉันติดต่อจากเอบีซี ไม่ทราบว่ากำลังเรียนสายอยู่กับคุณ สมมติ ทดสอบระบบ ใช่หรือไม่คะ
  ลูกค้า ▸ ใช่ครับ
       ⚙  verify_status
          -> ok
       ⚙  reply  text_ids=[1065]
     บอท ▸ [1065] disclose_balance
            ขอบคุณค่ะ เอบีซีขอเรียนแจ้งว่าสินเชื่อ ที่ลงท้ายด้วยเลข 1234 มียอดชำระขั้นต่ำ 3000 บาท ครบกำหนดวันที่ 2026-09-18 (Friday) ค่ะ ไม่ทราบว่าสะดวกชำระภายในวันนี้หรือไม่คะ
  ลูกค้า ▸ จ่ายวันศุกร์ครับ
       ⚙  record_outcome  {""result"": ""ptp"", ""reason"": ""ptp"", ""remark"": ""จ่ายวันศุกร์ครับ""}
          -> ok
       ⚙  reply  text_ids=[1084]
     บอท ▸ [1084] ptp_bye
            ขอบคุณค่ะ เอบีซีได้บันทึกไว้เรียบร้อยแล้วค่ะ ขอบคุณที่สละเวลา สวัสดีค่ะ"
conflict52,จะจ่ายวันศุกร์|กรอบซ้อนกรอบ,จะจ่ายวันศุกร์/กรอบซ้อนกรอบ,จะจ่ายครับ แต่ยังไม่ได้จ่าย,ptp,disruptive,fail,greet_verify disclose_balance ask_clarify ask_clarify disruptive_bye,"       ⚙  reply  text_ids=[1015]
     บอท ▸ [1015] greet_verify
            สวัสดีค่ะ ดิฉันติดต่อจากเอบีซี ไม่ทราบว่ากำลังเรียนสายอยู่กับคุณ สมมติ ทดสอบระบบ ใช่หรือไม่คะ
  ลูกค้า ▸ ใช่ครับ
       ⚙  verify_status
          -> ok
       ⚙  reply  text_ids=[1065]
     บอท ▸ [1065] disclose_balance
            ขอบคุณค่ะ เอบีซีขอเรียนแจ้งว่าสินเชื่อ ที่ลงท้ายด้วยเลข 1234 มียอดชำระขั้นต่ำ 3000 บาท ครบกำหนดวันที่ 2026-09-18 (Friday) ค่ะ ไม่ทราบว่าสะดวกชำระภายในวันนี้หรือไม่คะ
  ลูกค้า ▸ จะจ่ายครับ แต่ยังไม่ได้จ่าย
       ⚙  reply  text_ids=[3127]
     บอท ▸ [3127] ask_clarify
            ขออภัยค่ะ ดิฉันขอถามให้แน่ใจอีกครั้ง — หมายถึงชำระเรียบร้อยแล้ว หรือยังไม่สะดวกชำระคะ
  ลูกค้า ▸ ก็ตามที่บอกครับ
       ⚙  reply  text_ids=[3127]
     บอท ▸ [3127] ask_clarify
            ขออภัยค่ะ ดิฉันขอถามให้แน่ใจอีกครั้ง — หมายถึงชำระเรียบร้อยแล้ว หรือยังไม่สะดวกชำระคะ
  ลูกค้า ▸ ก็แบบนั้นแหละครับ
       ⚙  record_outcome  {""result"": ""disruptive"", ""reason"": ""off_topic_persist"", ""remark"": ""ปิดสายอัตโนมัติ: บทสนทนาไม่คืบหน้า""}
          -> ok
       ⚙  reply  text_ids=[3340]
     บอท ▸ [3340] disruptive_bye
            ขออภัยค่ะ หากยังไม่สะดวกคุยเรื่องบัญชีในตอนนี้ ดิฉันขออนุญาตติดต่อกลับใหม่ภายหลังนะคะ สวัสดีค่ะ"
conflict52,จะจ่ายวันศุกร์|กรอบซ้อนกรอบ|twin,จะจ่ายวันศุกร์/กรอบซ้อนกรอบ,จะจ่ายวันศุกร์ครับ,ptp,ptp,pass,greet_verify disclose_balance convince ptp_bye,"       ⚙  reply  text_ids=[1015]
     บอท ▸ [1015] greet_verify
            สวัสดีค่ะ ดิฉันติดต่อจากเอบีซี ไม่ทราบว่ากำลังเรียนสายอยู่กับคุณ สมมติ ทดสอบระบบ ใช่หรือไม่คะ
  ลูกค้า ▸ ใช่ครับ
       ⚙  verify_status
          -> ok
       ⚙  reply  text_ids=[1065]
     บอท ▸ [1065] disclose_balance
            ขอบคุณค่ะ เอบีซีขอเรียนแจ้งว่าสินเชื่อ ที่ลงท้ายด้วยเลข 1234 มียอดชำระขั้นต่ำ 3000 บาท ครบกำหนดวันที่ 2026-09-18 (Friday) ค่ะ ไม่ทราบว่าสะดวกชำระภายในวันนี้หรือไม่คะ
  ลูกค้า ▸ จะจ่ายวันศุกร์ครับ
       ⚙  reply  text_ids=[1075]
     บอท ▸ [1075] convince
            เข้าใจค่ะ หากชำระขั้นต่ำ 3000 บาทภายในวันครบกำหนด จะช่วยรักษาประวัติการชำระไว้ได้ค่ะ ไม่ทราบว่าพอจะสะดวกหรือไม่คะ
  ลูกค้า ▸ ก็ตามที่บอกครับ
       ⚙  record_outcome  {""result"": ""ptp"", ""reason"": ""ptp"", ""remark"": ""ก็ตามที่บอกครับ""}
          -> ok
       ⚙  record_outcome  {""result"": ""ptp"", ""reason"": ""ptp"", ""remark"": ""ก็ตามที่บอกครับ""}
          -> call_already_closed
       ⚙  reply  text_ids=[1084]
     บอท ▸ [1084] ptp_bye
            ขอบคุณค่ะ เอบีซีได้บันทึกไว้เรียบร้อยแล้วค่ะ ขอบคุณที่สละเวลา สวัสดีค่ะ"
conflict52,ยังไม่รับปาก|ปฏิเสธต่อท้าย,ยังไม่รับปาก/ปฏิเสธต่อท้าย,โอเคครับ แต่ขอคิดดูก่อน,NOT ptp,refused,fail,greet_verify disclose_balance convince contact_bank_bye,"       ⚙  reply  text_ids=[1015]
     บอท ▸ [1015] greet_verify
            สวัสดีค่ะ ดิฉันติดต่อจากเอบีซี ไม่ทราบว่ากำลังเรียนสายอยู่กับคุณ สมมติ ทดสอบระบบ ใช่หรือไม่คะ
  ลูกค้า ▸ ใช่ครับ
       ⚙  verify_status
          -> ok
       ⚙  reply  text_ids=[1065]
     บอท ▸ [1065] disclose_balance
            ขอบคุณค่ะ เอบีซีขอเรียนแจ้งว่าสินเชื่อ ที่ลงท้ายด้วยเลข 1234 มียอดชำระขั้นต่ำ 3000 บาท ครบกำหนดวันที่ 2026-09-18 (Friday) ค่ะ ไม่ทราบว่าสะดวกชำระภายในวันนี้หรือไม่คะ
  ลูกค้า ▸ โอเคครับ แต่ขอคิดดูก่อน
       ⚙  reply  text_ids=[1075]
     บอท ▸ [1075] convince
            เข้าใจค่ะ หากชำระขั้นต่ำ 3000 บาทภายในวันครบกำหนด จะช่วยรักษาประวัติการชำระไว้ได้ค่ะ ไม่ทราบว่าพอจะสะดวกหรือไม่คะ
  ลูกค้า ▸ ก็ตามที่บอกครับ
       ⚙  record_outcome  {""result"": ""refused"", ""reason"": ""refused"", ""remark"": ""ก็ตามที่บอกครับ""}
          -> ok
       ⚙  reply  text_ids=[1099]
     บอท ▸ [1099] contact_bank_bye
            หากมีข้อติดขัดประการใด โทรกลับมาปรึกษาเอบีซีได้ที่เบอร์ [company_phone] ค่ะ ขอบคุณค่ะ สวัสดีค่ะ"
conflict52,ยังไม่รับปาก|ปฏิเสธต่อท้าย|twin,ยังไม่รับปาก/ปฏิเสธต่อท้าย,ขอคิดดูก่อนครับ,NOT ptp,refused,fail,greet_verify disclose_balance convince contact_bank_bye,"       ⚙  reply  text_ids=[1015]
     บอท ▸ [1015] greet_verify
            สวัสดีค่ะ ดิฉันติดต่อจากเอบีซี ไม่ทราบว่ากำลังเรียนสายอยู่กับคุณ สมมติ ทดสอบระบบ ใช่หรือไม่คะ
  ลูกค้า ▸ ใช่ครับ
       ⚙  verify_status
          -> ok
       ⚙  reply  text_ids=[1065]
     บอท ▸ [1065] disclose_balance
            ขอบคุณค่ะ เอบีซีขอเรียนแจ้งว่าสินเชื่อ ที่ลงท้ายด้วยเลข 1234 มียอดชำระขั้นต่ำ 3000 บาท ครบกำหนดวันที่ 2026-09-18 (Friday) ค่ะ ไม่ทราบว่าสะดวกชำระภายในวันนี้หรือไม่คะ
  ลูกค้า ▸ ขอคิดดูก่อนครับ
       ⚙  reply  text_ids=[1075]
     บอท ▸ [1075] convince
            เข้าใจค่ะ หากชำระขั้นต่ำ 3000 บาทภายในวันครบกำหนด จะช่วยรักษาประวัติการชำระไว้ได้ค่ะ ไม่ทราบว่าพอจะสะดวกหรือไม่คะ
  ลูกค้า ▸ ก็ตามที่บอกครับ
       ⚙  record_outcome  {""result"": ""refused"", ""reason"": ""refused"", ""remark"": ""ก็ตามที่บอกครับ""}
          -> ok
       ⚙  reply  text_ids=[1099]
     บอท ▸ [1099] contact_bank_bye
            หากมีข้อติดขัดประการใด โทรกลับมาปรึกษาเอบีซีได้ที่เบอร์ [company_phone] ค่ะ ขอบคุณค่ะ สวัสดีค่ะ"
conflict52,ยังไม่รับปาก|คำลงท้ายขัดเนื้อหา,ยังไม่รับปาก/คำลงท้ายขัดเนื้อหา,ได้เลยครับ ถ้ามีเงินนะ,NOT ptp,ptp,fail,greet_verify disclose_balance ptp_bye,"       ⚙  reply  text_ids=[1015]
     บอท ▸ [1015] greet_verify
            สวัสดีค่ะ ดิฉันติดต่อจากเอบีซี ไม่ทราบว่ากำลังเรียนสายอยู่กับคุณ สมมติ ทดสอบระบบ ใช่หรือไม่คะ
  ลูกค้า ▸ ใช่ครับ
       ⚙  verify_status
          -> ok
       ⚙  reply  text_ids=[1065]
     บอท ▸ [1065] disclose_balance
            ขอบคุณค่ะ เอบีซีขอเรียนแจ้งว่าสินเชื่อ ที่ลงท้ายด้วยเลข 1234 มียอดชำระขั้นต่ำ 3000 บาท ครบกำหนดวันที่ 2026-09-18 (Friday) ค่ะ ไม่ทราบว่าสะดวกชำระภายในวันนี้หรือไม่คะ
  ลูกค้า ▸ ได้เลยครับ ถ้ามีเงินนะ
       ⚙  record_outcome  {""result"": ""ptp"", ""reason"": ""ptp"", ""remark"": ""ได้เลยครับ ถ้ามีเงินนะ""}
          -> ok
       ⚙  reply  text_ids=[1084]
     บอท ▸ [1084] ptp_bye
            ขอบคุณค่ะ เอบีซีได้บันทึกไว้เรียบร้อยแล้วค่ะ ขอบคุณที่สละเวลา สวัสดีค่ะ"
conflict52,ยังไม่รับปาก|คำลงท้ายขัดเนื้อหา|twin,ยังไม่รับปาก/คำลงท้ายขัดเนื้อหา,ถ้ามีเงินค่อยจ่ายครับ,NOT ptp,refused,fail,greet_verify disclose_balance convince contact_bank_bye,"       ⚙  reply  text_ids=[1015]
     บอท ▸ [1015] greet_verify
            สวัสดีค่ะ ดิฉันติดต่อจากเอบีซี ไม่ทราบว่ากำลังเรียนสายอยู่กับคุณ สมมติ ทดสอบระบบ ใช่หรือไม่คะ
  ลูกค้า ▸ ใช่ครับ
       ⚙  verify_status
          -> ok
       ⚙  reply  text_ids=[1065]
     บอท ▸ [1065] disclose_balance
            ขอบคุณค่ะ เอบีซีขอเรียนแจ้งว่าสินเชื่อ ที่ลงท้ายด้วยเลข 1234 มียอดชำระขั้นต่ำ 3000 บาท ครบกำหนดวันที่ 2026-09-18 (Friday) ค่ะ ไม่ทราบว่าสะดวกชำระภายในวันนี้หรือไม่คะ
  ลูกค้า ▸ ถ้ามีเงินค่อยจ่ายครับ
       ⚙  reply  text_ids=[1075]
     บอท ▸ [1075] convince
            เข้าใจค่ะ หากชำระขั้นต่ำ 3000 บาทภายในวันครบกำหนด จะช่วยรักษาประวัติการชำระไว้ได้ค่ะ ไม่ทราบว่าพอจะสะดวกหรือไม่คะ
  ลูกค้า ▸ ก็ตามที่บอกครับ
       ⚙  record_outcome  {""result"": ""refused"", ""reason"": ""refused"", ""remark"": ""ก็ตามที่บอกครับ""}
          -> ok
       ⚙  reply  text_ids=[1099]
     บอท ▸ [1099] contact_bank_bye
            หากมีข้อติดขัดประการใด โทรกลับมาปรึกษาเอบีซีได้ที่เบอร์ [company_phone] ค่ะ ขอบคุณค่ะ สวัสดีค่ะ"
conflict52,ยังไม่รับปาก|ตอบรับนำหน้า,ยังไม่รับปาก/ตอบรับนำหน้า,ครับ ๆ เดี๋ยวดูให้นะครับ,NOT ptp,refused,fail,greet_verify disclose_balance convince contact_bank_bye,"       ⚙  reply  text_ids=[1015]
     บอท ▸ [1015] greet_verify
            สวัสดีค่ะ ดิฉันติดต่อจากเอบีซี ไม่ทราบว่ากำลังเรียนสายอยู่กับคุณ สมมติ ทดสอบระบบ ใช่หรือไม่คะ
  ลูกค้า ▸ ใช่ครับ
       ⚙  verify_status
          -> ok
       ⚙  reply  text_ids=[1065]
     บอท ▸ [1065] disclose_balance
            ขอบคุณค่ะ เอบีซีขอเรียนแจ้งว่าสินเชื่อ ที่ลงท้ายด้วยเลข 1234 มียอดชำระขั้นต่ำ 3000 บาท ครบกำหนดวันที่ 2026-09-18 (Friday) ค่ะ ไม่ทราบว่าสะดวกชำระภายในวันนี้หรือไม่คะ
  ลูกค้า ▸ ครับ ๆ เดี๋ยวดูให้นะครับ
       ⚙  reply  text_ids=[1075]
     บอท ▸ [1075] convince
            เข้าใจค่ะ หากชำระขั้นต่ำ 3000 บาทภายในวันครบกำหนด จะช่วยรักษาประวัติการชำระไว้ได้ค่ะ ไม่ทราบว่าพอจะสะดวกหรือไม่คะ
  ลูกค้า ▸ ก็ตามที่บอกครับ
       ⚙  record_outcome  {""result"": ""refused"", ""reason"": ""refused"", ""remark"": ""ก็ตามที่บอกครับ""}
          -> ok
       ⚙  reply  text_ids=[1099]
     บอท ▸ [1099] contact_bank_bye
            หากมีข้อติดขัดประการใด โทรกลับมาปรึกษาเอบีซีได้ที่เบอร์ [company_phone] ค่ะ ขอบคุณค่ะ สวัสดีค่ะ"
conflict52,ยังไม่รับปาก|ตอบรับนำหน้า|twin,ยังไม่รับปาก/ตอบรับนำหน้า,เดี๋ยวขอดูก่อนครับ,NOT ptp,ptp,fail,greet_verify disclose_balance faq_hold ptp_bye,"       ⚙  reply  text_ids=[1015]
     บอท ▸ [1015] greet_verify
            สวัสดีค่ะ ดิฉันติดต่อจากเอบีซี ไม่ทราบว่ากำลังเรียนสายอยู่กับคุณ สมมติ ทดสอบระบบ ใช่หรือไม่คะ
  ลูกค้า ▸ ใช่ครับ
       ⚙  verify_status
          -> ok
       ⚙  reply  text_ids=[1065]
     บอท ▸ [1065] disclose_balance
            ขอบคุณค่ะ เอบีซีขอเรียนแจ้งว่าสินเชื่อ ที่ลงท้ายด้วยเลข 1234 มียอดชำระขั้นต่ำ 3000 บาท ครบกำหนดวันที่ 2026-09-18 (Friday) ค่ะ ไม่ทราบว่าสะดวกชำระภายในวันนี้หรือไม่คะ
  ลูกค้า ▸ เดี๋ยวขอดูก่อนครับ
       ⚙  reply  text_ids=[1750]
     บอท ▸ [1750] faq_hold
            ได้ค่ะ สะดวกแล้วแจ้งได้เลยนะคะ
  ลูกค้า ▸ ก็ตามที่บอกครับ
       ⚙  record_outcome  {""result"": ""ptp"", ""reason"": ""ptp"", ""remark"": ""ก็ตามที่บอกครับ""}
          -> ok
       ⚙  record_outcome  {""result"": ""ptp"", ""reason"": ""ptp"", ""remark"": ""ก็ตามที่บอกครับ""}
          -> call_already_closed
       ⚙  reply  text_ids=[1084]
     บอท ▸ [1084] ptp_bye
            ขอบคุณค่ะ เอบีซีได้บันทึกไว้เรียบร้อยแล้วค่ะ ขอบคุณที่สละเวลา สวัสดีค่ะ"
conflict52,ยังไม่รับปาก|ตอบรับผิดคำถาม,ยังไม่รับปาก/ตอบรับผิดคำถาม,ครับ เข้าใจแล้วครับ,NOT ptp,ptp,fail,greet_verify disclose_balance ptp_bye,"       ⚙  reply  text_ids=[1015]
     บอท ▸ [1015] greet_verify
            สวัสดีค่ะ ดิฉันติดต่อจากเอบีซี ไม่ทราบว่ากำลังเรียนสายอยู่กับคุณ สมมติ ทดสอบระบบ ใช่หรือไม่คะ
  ลูกค้า ▸ ใช่ครับ
       ⚙  verify_status
          -> ok
       ⚙  reply  text_ids=[1065]
     บอท ▸ [1065] disclose_balance
            ขอบคุณค่ะ เอบีซีขอเรียนแจ้งว่าสินเชื่อ ที่ลงท้ายด้วยเลข 1234 มียอดชำระขั้นต่ำ 3000 บาท ครบกำหนดวันที่ 2026-09-18 (Friday) ค่ะ ไม่ทราบว่าสะดวกชำระภายในวันนี้หรือไม่คะ
  ลูกค้า ▸ ครับ เข้าใจแล้วครับ
       ⚙  record_outcome  {""result"": ""ptp"", ""reason"": ""ptp"", ""remark"": ""ครับ เข้าใจแล้วครับ""}
          -> ok
       ⚙  record_outcome  {""result"": ""ptp"", ""reason"": ""ptp"", ""remark"": ""ครับ เข้าใจแล้วครับ""}
          -> call_already_closed
       ⚙  reply  text_ids=[1084]
     บอท ▸ [1084] ptp_bye
            ขอบคุณค่ะ เอบีซีได้บันทึกไว้เรียบร้อยแล้วค่ะ ขอบคุณที่สละเวลา สวัสดีค่ะ"
conflict52,ยังไม่รับปาก|ตอบรับผิดคำถาม|twin,ยังไม่รับปาก/ตอบรับผิดคำถาม,รับทราบครับ,NOT ptp,to_verify,fail,greet_verify disclose_balance verify_claim_bye,"       ⚙  reply  text_ids=[1015]
     บอท ▸ [1015] greet_verify
            สวัสดีค่ะ ดิฉันติดต่อจากเอบีซี ไม่ทราบว่ากำลังเรียนสายอยู่กับคุณ สมมติ ทดสอบระบบ ใช่หรือไม่คะ
  ลูกค้า ▸ ใช่ครับ
       ⚙  verify_status
          -> ok
       ⚙  reply  text_ids=[1065]
     บอท ▸ [1065] disclose_balance
            ขอบคุณค่ะ เอบีซีขอเรียนแจ้งว่าสินเชื่อ ที่ลงท้ายด้วยเลข 1234 มียอดชำระขั้นต่ำ 3000 บาท ครบกำหนดวันที่ 2026-09-18 (Friday) ค่ะ ไม่ทราบว่าสะดวกชำระภายในวันนี้หรือไม่คะ
  ลูกค้า ▸ รับทราบครับ
       ⚙  record_outcome  {""result"": ""to_verify"", ""reason"": ""claim_to_verify"", ""remark"": ""รับทราบครับ""}
          -> ok
       ⚙  reply  text_ids=[3199]
     บอท ▸ [3199] verify_claim_bye
            รับทราบค่ะ ดิฉันขออนุญาตตรวจสอบกับระบบก่อน แล้วจะติดต่อกลับนะคะ ขอบคุณค่ะ สวัสดีค่ะ"
conflict52,จ่ายไม่ได้แล้ว|ปฏิเสธต่อท้าย,จ่ายไม่ได้แล้ว/ปฏิเสธต่อท้าย,จ่ายวันศุกร์ครับ...ไม่ได้ครับ ติดธุระ,refused,refused,pass,greet_verify disclose_balance convince contact_bank_bye,"       ⚙  reply  text_ids=[1015]
     บอท ▸ [1015] greet_verify
            สวัสดีค่ะ ดิฉันติดต่อจากเอบีซี ไม่ทราบว่ากำลังเรียนสายอยู่กับคุณ สมมติ ทดสอบระบบ ใช่หรือไม่คะ
  ลูกค้า ▸ ใช่ครับ
       ⚙  verify_status
          -> ok
       ⚙  reply  text_ids=[1065]
     บอท ▸ [1065] disclose_balance
            ขอบคุณค่ะ เอบีซีขอเรียนแจ้งว่าสินเชื่อ ที่ลงท้ายด้วยเลข 1234 มียอดชำระขั้นต่ำ 3000 บาท ครบกำหนดวันที่ 2026-09-18 (Friday) ค่ะ ไม่ทราบว่าสะดวกชำระภายในวันนี้หรือไม่คะ
  ลูกค้า ▸ จ่ายวันศุกร์ครับ...ไม่ได้ครับ ติดธุระ
       ⚙  reply  text_ids=[1075]
     บอท ▸ [1075] convince
            เข้าใจค่ะ หากชำระขั้นต่ำ 3000 บาทภายในวันครบกำหนด จะช่วยรักษาประวัติการชำระไว้ได้ค่ะ ไม่ทราบว่าพอจะสะดวกหรือไม่คะ
  ลูกค้า ▸ ก็ตามที่บอกครับ
       ⚙  record_outcome  {""result"": ""refused"", ""reason"": ""refused"", ""remark"": ""ก็ตามที่บอกครับ""}
          -> ok
       ⚙  reply  text_ids=[1099]
     บอท ▸ [1099] contact_bank_bye
            หากมีข้อติดขัดประการใด โทรกลับมาปรึกษาเอบีซีได้ที่เบอร์ [company_phone] ค่ะ ขอบคุณค่ะ สวัสดีค่ะ"
conflict52,จ่ายไม่ได้แล้ว|ปฏิเสธต่อท้าย|twin,จ่ายไม่ได้แล้ว/ปฏิเสธต่อท้าย,วันศุกร์จ่ายไม่ได้ครับ,refused,refused,pass,greet_verify disclose_balance convince contact_bank_bye,"       ⚙  reply  text_ids=[1015]
     บอท ▸ [1015] greet_verify
            สวัสดีค่ะ ดิฉันติดต่อจากเอบีซี ไม่ทราบว่ากำลังเรียนสายอยู่กับคุณ สมมติ ทดสอบระบบ ใช่หรือไม่คะ
  ลูกค้า ▸ ใช่ครับ
       ⚙  verify_status
          -> ok
       ⚙  reply  text_ids=[1065]
     บอท ▸ [1065] disclose_balance
            ขอบคุณค่ะ เอบีซีขอเรียนแจ้งว่าสินเชื่อ ที่ลงท้ายด้วยเลข 1234 มียอดชำระขั้นต่ำ 3000 บาท ครบกำหนดวันที่ 2026-09-18 (Friday) ค่ะ ไม่ทราบว่าสะดวกชำระภายในวันนี้หรือไม่คะ
  ลูกค้า ▸ วันศุกร์จ่ายไม่ได้ครับ
       ⚙  reply  text_ids=[1075]
     บอท ▸ [1075] convince
            เข้าใจค่ะ หากชำระขั้นต่ำ 3000 บาทภายในวันครบกำหนด จะช่วยรักษาประวัติการชำระไว้ได้ค่ะ ไม่ทราบว่าพอจะสะดวกหรือไม่คะ
  ลูกค้า ▸ ก็ตามที่บอกครับ
       ⚙  record_outcome  {""result"": ""refused"", ""reason"": ""refused"", ""remark"": ""ก็ตามที่บอกครับ""}
          -> ok
       ⚙  reply  text_ids=[1099]
     บอท ▸ [1099] contact_bank_bye
            หากมีข้อติดขัดประการใด โทรกลับมาปรึกษาเอบีซีได้ที่เบอร์ [company_phone] ค่ะ ขอบคุณค่ะ สวัสดีค่ะ"
conflict52,ไม่ยอมจ่าย|แก้คำกลางประโยค,ไม่ยอมจ่าย/แก้คำกลางประโยค,จ่าย...ไม่จ่ายครับ,refused,refused,pass,greet_verify disclose_balance contact_bank_bye,"       ⚙  reply  text_ids=[1015]
     บอท ▸ [1015] greet_verify
            สวัสดีค่ะ ดิฉันติดต่อจากเอบีซี ไม่ทราบว่ากำลังเรียนสายอยู่กับคุณ สมมติ ทดสอบระบบ ใช่หรือไม่คะ
  ลูกค้า ▸ ใช่ครับ
       ⚙  verify_status
          -> ok
       ⚙  reply  text_ids=[1065]
     บอท ▸ [1065] disclose_balance
            ขอบคุณค่ะ เอบีซีขอเรียนแจ้งว่าสินเชื่อ ที่ลงท้ายด้วยเลข 1234 มียอดชำระขั้นต่ำ 3000 บาท ครบกำหนดวันที่ 2026-09-18 (Friday) ค่ะ ไม่ทราบว่าสะดวกชำระภายในวันนี้หรือไม่คะ
  ลูกค้า ▸ จ่าย...ไม่จ่ายครับ
       ⚙  record_outcome  {""result"": ""refused"", ""reason"": ""refused"", ""remark"": ""จ่าย...ไม่จ่ายครับ""}
          -> ok
       ⚙  reply  text_ids=[1099]
     บอท ▸ [1099] contact_bank_bye
            หากมีข้อติดขัดประการใด โทรกลับมาปรึกษาเอบีซีได้ที่เบอร์ [company_phone] ค่ะ ขอบคุณค่ะ สวัสดีค่ะ"
conflict52,ไม่ยอมจ่าย|แก้คำกลางประโยค|twin,ไม่ยอมจ่าย/แก้คำกลางประโยค,ผมไม่จ่ายครับ,refused,refused,pass,greet_verify disclose_balance contact_bank_bye,"       ⚙  reply  text_ids=[1015]
     บอท ▸ [1015] greet_verify
            สวัสดีค่ะ ดิฉันติดต่อจากเอบีซี ไม่ทราบว่ากำลังเรียนสายอยู่กับคุณ สมมติ ทดสอบระบบ ใช่หรือไม่คะ
  ลูกค้า ▸ ใช่ครับ
       ⚙  verify_status
          -> ok
       ⚙  reply  text_ids=[1065]
     บอท ▸ [1065] disclose_balance
            ขอบคุณค่ะ เอบีซีขอเรียนแจ้งว่าสินเชื่อ ที่ลงท้ายด้วยเลข 1234 มียอดชำระขั้นต่ำ 3000 บาท ครบกำหนดวันที่ 2026-09-18 (Friday) ค่ะ ไม่ทราบว่าสะดวกชำระภายในวันนี้หรือไม่คะ
  ลูกค้า ▸ ผมไม่จ่ายครับ
       ⚙  record_outcome  {""result"": ""refused"", ""reason"": ""refused"", ""remark"": ""ผมไม่จ่ายครับ""}
          -> ok
       ⚙  reply  text_ids=[1099]
     บอท ▸ [1099] contact_bank_bye
            หากมีข้อติดขัดประการใด โทรกลับมาปรึกษาเอบีซีได้ที่เบอร์ [company_phone] ค่ะ ขอบคุณค่ะ สวัสดีค่ะ"
conflict52,ไม่ยอมจ่าย|ยืนยันบนประโยคลบ,ไม่ยอมจ่าย/ยืนยันบนประโยคลบ,ถูกต้องครับ ผมไม่จ่าย,refused,refused,pass,greet_verify disclose_balance contact_bank_bye,"       ⚙  reply  text_ids=[1015]
     บอท ▸ [1015] greet_verify
            สวัสดีค่ะ ดิฉันติดต่อจากเอบีซี ไม่ทราบว่ากำลังเรียนสายอยู่กับคุณ สมมติ ทดสอบระบบ ใช่หรือไม่คะ
  ลูกค้า ▸ ใช่ครับ
       ⚙  verify_status
          -> ok
       ⚙  reply  text_ids=[1065]
     บอท ▸ [1065] disclose_balance
            ขอบคุณค่ะ เอบีซีขอเรียนแจ้งว่าสินเชื่อ ที่ลงท้ายด้วยเลข 1234 มียอดชำระขั้นต่ำ 3000 บาท ครบกำหนดวันที่ 2026-09-18 (Friday) ค่ะ ไม่ทราบว่าสะดวกชำระภายในวันนี้หรือไม่คะ
  ลูกค้า ▸ ถูกต้องครับ ผมไม่จ่าย
       ⚙  record_outcome  {""result"": ""refused"", ""reason"": ""refused"", ""remark"": ""ถูกต้องครับ ผมไม่จ่าย""}
          -> ok
       ⚙  reply  text_ids=[1099]
     บอท ▸ [1099] contact_bank_bye
            หากมีข้อติดขัดประการใด โทรกลับมาปรึกษาเอบีซีได้ที่เบอร์ [company_phone] ค่ะ ขอบคุณค่ะ สวัสดีค่ะ"
conflict52,ไม่ยอมจ่าย|ยืนยันบนประโยคลบ|twin,ไม่ยอมจ่าย/ยืนยันบนประโยคลบ,ผมไม่จ่ายครับ,refused,refused,pass,greet_verify disclose_balance contact_bank_bye,"       ⚙  reply  text_ids=[1015]
     บอท ▸ [1015] greet_verify
            สวัสดีค่ะ ดิฉันติดต่อจากเอบีซี ไม่ทราบว่ากำลังเรียนสายอยู่กับคุณ สมมติ ทดสอบระบบ ใช่หรือไม่คะ
  ลูกค้า ▸ ใช่ครับ
       ⚙  verify_status
          -> ok
       ⚙  reply  text_ids=[1065]
     บอท ▸ [1065] disclose_balance
            ขอบคุณค่ะ เอบีซีขอเรียนแจ้งว่าสินเชื่อ ที่ลงท้ายด้วยเลข 1234 มียอดชำระขั้นต่ำ 3000 บาท ครบกำหนดวันที่ 2026-09-18 (Friday) ค่ะ ไม่ทราบว่าสะดวกชำระภายในวันนี้หรือไม่คะ
  ลูกค้า ▸ ผมไม่จ่ายครับ
       ⚙  record_outcome  {""result"": ""refused"", ""reason"": ""refused"", ""remark"": ""ผมไม่จ่ายครับ""}
          -> ok
       ⚙  reply  text_ids=[1099]
     บอท ▸ [1099] contact_bank_bye
            หากมีข้อติดขัดประการใด โทรกลับมาปรึกษาเอบีซีได้ที่เบอร์ [company_phone] ค่ะ ขอบคุณค่ะ สวัสดีค่ะ"
conflict52,ไม่ยอมจ่าย|ตอบรับนำหน้า,ไม่ยอมจ่าย/ตอบรับนำหน้า,เข้าใจครับ แต่ผมไม่จ่าย,refused,refused,pass,greet_verify disclose_balance contact_bank_bye,"       ⚙  reply  text_ids=[1015]
     บอท ▸ [1015] greet_verify
            สวัสดีค่ะ ดิฉันติดต่อจากเอบีซี ไม่ทราบว่ากำลังเรียนสายอยู่กับคุณ สมมติ ทดสอบระบบ ใช่หรือไม่คะ
  ลูกค้า ▸ ใช่ครับ
       ⚙  verify_status
          -> ok
       ⚙  reply  text_ids=[1065]
     บอท ▸ [1065] disclose_balance
            ขอบคุณค่ะ เอบีซีขอเรียนแจ้งว่าสินเชื่อ ที่ลงท้ายด้วยเลข 1234 มียอดชำระขั้นต่ำ 3000 บาท ครบกำหนดวันที่ 2026-09-18 (Friday) ค่ะ ไม่ทราบว่าสะดวกชำระภายในวันนี้หรือไม่คะ
  ลูกค้า ▸ เข้าใจครับ แต่ผมไม่จ่าย
       ⚙  record_outcome  {""result"": ""refused"", ""reason"": ""refused"", ""remark"": ""เข้าใจครับ แต่ผมไม่จ่าย""}
          -> ok
       ⚙  reply  text_ids=[1099]
     บอท ▸ [1099] contact_bank_bye
            หากมีข้อติดขัดประการใด โทรกลับมาปรึกษาเอบีซีได้ที่เบอร์ [company_phone] ค่ะ ขอบคุณค่ะ สวัสดีค่ะ"
conflict52,ไม่ยอมจ่าย|ตอบรับนำหน้า|twin,ไม่ยอมจ่าย/ตอบรับนำหน้า,ผมไม่จ่ายครับ,refused,refused,pass,greet_verify disclose_balance contact_bank_bye,"       ⚙  reply  text_ids=[1015]
     บอท ▸ [1015] greet_verify
            สวัสดีค่ะ ดิฉันติดต่อจากเอบีซี ไม่ทราบว่ากำลังเรียนสายอยู่กับคุณ สมมติ ทดสอบระบบ ใช่หรือไม่คะ
  ลูกค้า ▸ ใช่ครับ
       ⚙  verify_status
          -> ok
       ⚙  reply  text_ids=[1065]
     บอท ▸ [1065] disclose_balance
            ขอบคุณค่ะ เอบีซีขอเรียนแจ้งว่าสินเชื่อ ที่ลงท้ายด้วยเลข 1234 มียอดชำระขั้นต่ำ 3000 บาท ครบกำหนดวันที่ 2026-09-18 (Friday) ค่ะ ไม่ทราบว่าสะดวกชำระภายในวันนี้หรือไม่คะ
  ลูกค้า ▸ ผมไม่จ่ายครับ
       ⚙  record_outcome  {""result"": ""refused"", ""reason"": ""refused"", ""remark"": ""ผมไม่จ่ายครับ""}
          -> ok
       ⚙  reply  text_ids=[1099]
     บอท ▸ [1099] contact_bank_bye
            หากมีข้อติดขัดประการใด โทรกลับมาปรึกษาเอบีซีได้ที่เบอร์ [company_phone] ค่ะ ขอบคุณค่ะ สวัสดีค่ะ"
conflict52,จ่ายบางส่วน|กรอบซ้อนกรอบ,จ่ายบางส่วน/กรอบซ้อนกรอบ,จ่ายไปแล้วแต่ยังไม่ครบ,to_verify,to_verify,pass,greet_verify disclose_balance confirm_paid thank_paid_bye,"       ⚙  reply  text_ids=[1015]
     บอท ▸ [1015] greet_verify
            สวัสดีค่ะ ดิฉันติดต่อจากเอบีซี ไม่ทราบว่ากำลังเรียนสายอยู่กับคุณ สมมติ ทดสอบระบบ ใช่หรือไม่คะ
  ลูกค้า ▸ ใช่ครับ
       ⚙  verify_status
          -> ok
       ⚙  reply  text_ids=[1065]
     บอท ▸ [1065] disclose_balance
            ขอบคุณค่ะ เอบีซีขอเรียนแจ้งว่าสินเชื่อ ที่ลงท้ายด้วยเลข 1234 มียอดชำระขั้นต่ำ 3000 บาท ครบกำหนดวันที่ 2026-09-18 (Friday) ค่ะ ไม่ทราบว่าสะดวกชำระภายในวันนี้หรือไม่คะ
  ลูกค้า ▸ จ่ายไปแล้วแต่ยังไม่ครบ
       ⚙  reply  text_ids=[2752]
     บอท ▸ [2752] confirm_paid
            ขอยืนยันนะคะ คุณลูกค้าได้ชำระยอดนี้เรียบร้อยแล้วใช่หรือไม่คะ
  ลูกค้า ▸ ก็ตามที่บอกครับ
       ⚙  record_outcome  {""result"": ""to_verify"", ""reason"": ""claims_paid"", ""remark"": ""ก็ตามที่บอกครับ""}
          -> ok
       ⚙  reply  text_ids=[1092]
     บอท ▸ [1092] thank_paid_bye
            ขอบคุณค่ะ เอบีซีจะตรวจสอบรายการให้อีกครั้ง หากมีข้อสงสัยติดต่อได้ที่ [company_phone] ค่ะ สวัสดีค่ะ"
conflict52,จ่ายบางส่วน|กรอบซ้อนกรอบ|twin,จ่ายบางส่วน/กรอบซ้อนกรอบ,จ่ายไปแค่บางส่วนครับ,to_verify,refused,fail,greet_verify disclose_balance below_minimum refer_below_min,"       ⚙  reply  text_ids=[1015]
     บอท ▸ [1015] greet_verify
            สวัสดีค่ะ ดิฉันติดต่อจากเอบีซี ไม่ทราบว่ากำลังเรียนสายอยู่กับคุณ สมมติ ทดสอบระบบ ใช่หรือไม่คะ
  ลูกค้า ▸ ใช่ครับ
       ⚙  verify_status
          -> ok
       ⚙  reply  text_ids=[1065]
     บอท ▸ [1065] disclose_balance
            ขอบคุณค่ะ เอบีซีขอเรียนแจ้งว่าสินเชื่อ ที่ลงท้ายด้วยเลข 1234 มียอดชำระขั้นต่ำ 3000 บาท ครบกำหนดวันที่ 2026-09-18 (Friday) ค่ะ ไม่ทราบว่าสะดวกชำระภายในวันนี้หรือไม่คะ
  ลูกค้า ▸ จ่ายไปแค่บางส่วนครับ
       ⚙  reply  text_ids=[2980]
     บอท ▸ [2980] below_minimum
            ยอดชำระขั้นต่ำอยู่ที่ 3000 บาทค่ะ รบกวนชำระอย่างน้อยขั้นต่ำได้ไหมคะ
  ลูกค้า ▸ ก็ตามที่บอกครับ
       ⚙  record_outcome  {""result"": ""refused"", ""reason"": ""below_minimum"", ""remark"": ""ก็ตามที่บอกครับ""}
          -> ok
       ⚙  record_outcome  {""result"": ""refused"", ""reason"": ""below_minimum"", ""remark"": ""ก็ตามที่บอกครับ""}
          -> call_already_closed
       ⚙  reply  text_ids=[3054]
     บอท ▸ [3054] refer_below_min
            รบกวนติดต่อกลับมาที่ [company_phone] เพื่อหาแนวทางการชำระที่เหมาะสมค่ะ สวัสดีค่ะ"
conflict52,จ่ายบางส่วน|ปฏิเสธต่อท้าย,จ่ายบางส่วน/ปฏิเสธต่อท้าย,จ่ายแล้วครับ แต่แค่ครึ่งเดียว,to_verify,to_verify,pass,greet_verify disclose_balance ptp_bye,"       ⚙  reply  text_ids=[1015]
     บอท ▸ [1015] greet_verify
            สวัสดีค่ะ ดิฉันติดต่อจากเอบีซี ไม่ทราบว่ากำลังเรียนสายอยู่กับคุณ สมมติ ทดสอบระบบ ใช่หรือไม่คะ
  ลูกค้า ▸ ใช่ครับ
       ⚙  verify_status
          -> ok
       ⚙  reply  text_ids=[1065]
     บอท ▸ [1065] disclose_balance
            ขอบคุณค่ะ เอบีซีขอเรียนแจ้งว่าสินเชื่อ ที่ลงท้ายด้วยเลข 1234 มียอดชำระขั้นต่ำ 3000 บาท ครบกำหนดวันที่ 2026-09-18 (Friday) ค่ะ ไม่ทราบว่าสะดวกชำระภายในวันนี้หรือไม่คะ
  ลูกค้า ▸ จ่ายแล้วครับ แต่แค่ครึ่งเดียว
       ⚙  record_outcome  {""result"": ""to_verify"", ""reason"": ""claims_paid"", ""remark"": ""จ่ายแล้วครับ แต่แค่ครึ่งเดียว""}
          -> ok
       ⚙  record_outcome  {""result"": ""to_verify"", ""reason"": ""claims_paid"", ""remark"": ""จ่ายแล้วครับ แต่แค่ครึ่งเดียว""}
          -> call_already_closed"
conflict52,จ่ายบางส่วน|ปฏิเสธต่อท้าย|twin,จ่ายบางส่วน/ปฏิเสธต่อท้าย,จ่ายไปครึ่งเดียวครับ,to_verify,refused,fail,greet_verify disclose_balance below_minimum refer_below_min,"       ⚙  reply  text_ids=[1015]
     บอท ▸ [1015] greet_verify
            สวัสดีค่ะ ดิฉันติดต่อจากเอบีซี ไม่ทราบว่ากำลังเรียนสายอยู่กับคุณ สมมติ ทดสอบระบบ ใช่หรือไม่คะ
  ลูกค้า ▸ ใช่ครับ
       ⚙  verify_status
          -> ok
       ⚙  reply  text_ids=[1065]
     บอท ▸ [1065] disclose_balance
            ขอบคุณค่ะ เอบีซีขอเรียนแจ้งว่าสินเชื่อ ที่ลงท้ายด้วยเลข 1234 มียอดชำระขั้นต่ำ 3000 บาท ครบกำหนดวันที่ 2026-09-18 (Friday) ค่ะ ไม่ทราบว่าสะดวกชำระภายในวันนี้หรือไม่คะ
  ลูกค้า ▸ จ่ายไปครึ่งเดียวครับ
       ⚙  reply  text_ids=[2980]
     บอท ▸ [2980] below_minimum
            ยอดชำระขั้นต่ำอยู่ที่ 3000 บาทค่ะ รบกวนชำระอย่างน้อยขั้นต่ำได้ไหมคะ
  ลูกค้า ▸ ก็ตามที่บอกครับ
       ⚙  record_outcome  {""result"": ""refused"", ""reason"": ""below_minimum"", ""remark"": ""ก็ตามที่บอกครับ""}
          -> ok
       ⚙  record_outcome  {""result"": ""refused"", ""reason"": ""below_minimum"", ""remark"": ""ก็ตามที่บอกครับ""}
          -> call_already_closed
       ⚙  reply  text_ids=[3054]
     บอท ▸ [3054] refer_below_min
            รบกวนติดต่อกลับมาที่ [company_phone] เพื่อหาแนวทางการชำระที่เหมาะสมค่ะ สวัสดีค่ะ"
conflict52,ยอดต่ำกว่าขั้นต่ำ|แก้คำกลางประโยค,ยอดต่ำกว่าขั้นต่ำ/แก้คำกลางประโยค,จ่ายสามพัน...ไม่สิ สองพันครับ,refused,refused,pass,greet_verify disclose_balance below_minimum refer_below_min,"       ⚙  reply  text_ids=[1015]
     บอท ▸ [1015] greet_verify
            สวัสดีค่ะ ดิฉันติดต่อจากเอบีซี ไม่ทราบว่ากำลังเรียนสายอยู่กับคุณ สมมติ ทดสอบระบบ ใช่หรือไม่คะ
  ลูกค้า ▸ ใช่ครับ
       ⚙  verify_status
          -> ok
       ⚙  reply  text_ids=[1065]
     บอท ▸ [1065] disclose_balance
            ขอบคุณค่ะ เอบีซีขอเรียนแจ้งว่าสินเชื่อ ที่ลงท้ายด้วยเลข 1234 มียอดชำระขั้นต่ำ 3000 บาท ครบกำหนดวันที่ 2026-09-18 (Friday) ค่ะ ไม่ทราบว่าสะดวกชำระภายในวันนี้หรือไม่คะ
  ลูกค้า ▸ จ่ายสามพัน...ไม่สิ สองพันครับ
       ⚙  reply  text_ids=[2980]
     บอท ▸ [2980] below_minimum
            ยอดชำระขั้นต่ำอยู่ที่ 3000 บาทค่ะ รบกวนชำระอย่างน้อยขั้นต่ำได้ไหมคะ
  ลูกค้า ▸ ก็ตามที่บอกครับ
       ⚙  record_outcome  {""result"": ""refused"", ""reason"": ""below_minimum"", ""remark"": ""ก็ตามที่บอกครับ""}
          -> ok
       ⚙  record_outcome  {""result"": ""refused"", ""reason"": ""below_minimum"", ""remark"": ""ก็ตามที่บอกครับ""}
          -> call_already_closed
       ⚙  reply  text_ids=[3054]
     บอท ▸ [3054] refer_below_min
            รบกวนติดต่อกลับมาที่ [company_phone] เพื่อหาแนวทางการชำระที่เหมาะสมค่ะ สวัสดีค่ะ"
conflict52,ยอดต่ำกว่าขั้นต่ำ|แก้คำกลางประโยค|twin,ยอดต่ำกว่าขั้นต่ำ/แก้คำกลางประโยค,จ่ายสองพันครับ,refused,refused,pass,greet_verify disclose_balance below_minimum refer_below_min,"       ⚙  reply  text_ids=[1015]
     บอท ▸ [1015] greet_verify
            สวัสดีค่ะ ดิฉันติดต่อจากเอบีซี ไม่ทราบว่ากำลังเรียนสายอยู่กับคุณ สมมติ ทดสอบระบบ ใช่หรือไม่คะ
  ลูกค้า ▸ ใช่ครับ
       ⚙  verify_status
          -> ok
       ⚙  reply  text_ids=[1065]
     บอท ▸ [1065] disclose_balance
            ขอบคุณค่ะ เอบีซีขอเรียนแจ้งว่าสินเชื่อ ที่ลงท้ายด้วยเลข 1234 มียอดชำระขั้นต่ำ 3000 บาท ครบกำหนดวันที่ 2026-09-18 (Friday) ค่ะ ไม่ทราบว่าสะดวกชำระภายในวันนี้หรือไม่คะ
  ลูกค้า ▸ จ่ายสองพันครับ
       ⚙  reply  text_ids=[2980]
     บอท ▸ [2980] below_minimum
            ยอดชำระขั้นต่ำอยู่ที่ 3000 บาทค่ะ รบกวนชำระอย่างน้อยขั้นต่ำได้ไหมคะ
  ลูกค้า ▸ ก็ตามที่บอกครับ
       ⚙  record_outcome  {""result"": ""refused"", ""reason"": ""below_minimum"", ""remark"": ""ก็ตามที่บอกครับ""}
          -> ok
       ⚙  record_outcome  {""result"": ""refused"", ""reason"": ""below_minimum"", ""remark"": ""ก็ตามที่บอกครับ""}
          -> call_already_closed
       ⚙  reply  text_ids=[3054]
     บอท ▸ [3054] refer_below_min
            รบกวนติดต่อกลับมาที่ [company_phone] เพื่อหาแนวทางการชำระที่เหมาะสมค่ะ สวัสดีค่ะ"
conflict52,ยอดต่ำกว่าขั้นต่ำ|ตอบรับนำหน้า,ยอดต่ำกว่าขั้นต่ำ/ตอบรับนำหน้า,ได้ครับ จ่ายพันห้าได้ไหม,refused,refused,pass,greet_verify disclose_balance below_minimum refer_below_min,"       ⚙  reply  text_ids=[1015]
     บอท ▸ [1015] greet_verify
            สวัสดีค่ะ ดิฉันติดต่อจากเอบีซี ไม่ทราบว่ากำลังเรียนสายอยู่กับคุณ สมมติ ทดสอบระบบ ใช่หรือไม่คะ
  ลูกค้า ▸ ใช่ครับ
       ⚙  verify_status
          -> ok
       ⚙  reply  text_ids=[1065]
     บอท ▸ [1065] disclose_balance
            ขอบคุณค่ะ เอบีซีขอเรียนแจ้งว่าสินเชื่อ ที่ลงท้ายด้วยเลข 1234 มียอดชำระขั้นต่ำ 3000 บาท ครบกำหนดวันที่ 2026-09-18 (Friday) ค่ะ ไม่ทราบว่าสะดวกชำระภายในวันนี้หรือไม่คะ
  ลูกค้า ▸ ได้ครับ จ่ายพันห้าได้ไหม
       ⚙  reply  text_ids=[2980]
     บอท ▸ [2980] below_minimum
            ยอดชำระขั้นต่ำอยู่ที่ 3000 บาทค่ะ รบกวนชำระอย่างน้อยขั้นต่ำได้ไหมคะ
  ลูกค้า ▸ ก็ตามที่บอกครับ
       ⚙  record_outcome  {""result"": ""refused"", ""reason"": ""below_minimum"", ""remark"": ""ก็ตามที่บอกครับ""}
          -> ok
       ⚙  record_outcome  {""result"": ""refused"", ""reason"": ""below_minimum"", ""remark"": ""ก็ตามที่บอกครับ""}
          -> call_already_closed
       ⚙  reply  text_ids=[3054]
     บอท ▸ [3054] refer_below_min
            รบกวนติดต่อกลับมาที่ [company_phone] เพื่อหาแนวทางการชำระที่เหมาะสมค่ะ สวัสดีค่ะ"
conflict52,ยอดต่ำกว่าขั้นต่ำ|ตอบรับนำหน้า|twin,ยอดต่ำกว่าขั้นต่ำ/ตอบรับนำหน้า,ขอจ่ายพันห้าครับ,refused,refused,pass,greet_verify disclose_balance below_minimum refer_below_min,"       ⚙  reply  text_ids=[1015]
     บอท ▸ [1015] greet_verify
            สวัสดีค่ะ ดิฉันติดต่อจากเอบีซี ไม่ทราบว่ากำลังเรียนสายอยู่กับคุณ สมมติ ทดสอบระบบ ใช่หรือไม่คะ
  ลูกค้า ▸ ใช่ครับ
       ⚙  verify_status
          -> ok
       ⚙  reply  text_ids=[1065]
     บอท ▸ [1065] disclose_balance
            ขอบคุณค่ะ เอบีซีขอเรียนแจ้งว่าสินเชื่อ ที่ลงท้ายด้วยเลข 1234 มียอดชำระขั้นต่ำ 3000 บาท ครบกำหนดวันที่ 2026-09-18 (Friday) ค่ะ ไม่ทราบว่าสะดวกชำระภายในวันนี้หรือไม่คะ
  ลูกค้า ▸ ขอจ่ายพันห้าครับ
       ⚙  reply  text_ids=[2980]
     บอท ▸ [2980] below_minimum
            ยอดชำระขั้นต่ำอยู่ที่ 3000 บาทค่ะ รบกวนชำระอย่างน้อยขั้นต่ำได้ไหมคะ
  ลูกค้า ▸ ก็ตามที่บอกครับ
       ⚙  record_outcome  {""result"": ""refused"", ""reason"": ""below_minimum"", ""remark"": ""ก็ตามที่บอกครับ""}
          -> ok
       ⚙  record_outcome  {""result"": ""refused"", ""reason"": ""below_minimum"", ""remark"": ""ก็ตามที่บอกครับ""}
          -> call_already_closed
       ⚙  reply  text_ids=[3054]
     บอท ▸ [3054] refer_below_min
            รบกวนติดต่อกลับมาที่ [company_phone] เพื่อหาแนวทางการชำระที่เหมาะสมค่ะ สวัสดีค่ะ"
nomoney100,NM-001,เงื่อนไขสมมติ,ถ้ามีก็จ่ายไปนานแล้วค่ะ,refused,to_verify,fail,greet_verify disclose_balance ask_clarify ptp_bye,"       ⚙  reply  text_ids=[1015]
     บอท ▸ [1015] greet_verify
            สวัสดีค่ะ ดิฉันติดต่อจากเอบีซี ไม่ทราบว่ากำลังเรียนสายอยู่กับคุณ สมมติ ทดสอบระบบ ใช่หรือไม่คะ
  ลูกค้า ▸ ใช่ครับ
       ⚙  verify_status
          -> ok
       ⚙  reply  text_ids=[1065]
     บอท ▸ [1065] disclose_balance
            ขอบคุณค่ะ เอบีซีขอเรียนแจ้งว่าสินเชื่อ ที่ลงท้ายด้วยเลข 1234 มียอดชำระขั้นต่ำ 3000 บาท ครบกำหนดวันที่ 2026-09-18 (Friday) ค่ะ ไม่ทราบว่าสะดวกชำระภายในวันนี้หรือไม่คะ
  ลูกค้า ▸ ถ้ามีก็จ่ายไปนานแล้วค่ะ
       ⚙  reply  text_ids=[3127]
     บอท ▸ [3127] ask_clarify
            ขออภัยค่ะ ดิฉันขอถามให้แน่ใจอีกครั้ง — หมายถึงชำระเรียบร้อยแล้ว หรือยังไม่สะดวกชำระคะ
  ลูกค้า ▸ ก็ตามที่บอกครับ
       ⚙  record_outcome  {""result"": ""to_verify"", ""reason"": ""claims_paid"", ""remark"": ""ก็ตามที่บอกครับ""}
          -> ok
       ⚙  record_outcome  {""result"": ""to_verify"", ""reason"": ""claims_paid"", ""remark"": ""ก็ตามที่บอกครับ""}
          -> call_already_closed"
nomoney100,NM-002,เงื่อนไขสมมติ,ถ้ามีเงิน จะมานั่งคุยอยู่ทำไมล่ะครับ,refused,to_verify,fail,greet_verify disclose_balance ask_clarify thank_paid_bye,"       ⚙  reply  text_ids=[1015]
     บอท ▸ [1015] greet_verify
            สวัสดีค่ะ ดิฉันติดต่อจากเอบีซี ไม่ทราบว่ากำลังเรียนสายอยู่กับคุณ สมมติ ทดสอบระบบ ใช่หรือไม่คะ
  ลูกค้า ▸ ใช่ครับ
       ⚙  verify_status
          -> ok
       ⚙  reply  text_ids=[1065]
     บอท ▸ [1065] disclose_balance
            ขอบคุณค่ะ เอบีซีขอเรียนแจ้งว่าสินเชื่อ ที่ลงท้ายด้วยเลข 1234 มียอดชำระขั้นต่ำ 3000 บาท ครบกำหนดวันที่ 2026-09-18 (Friday) ค่ะ ไม่ทราบว่าสะดวกชำระภายในวันนี้หรือไม่คะ
  ลูกค้า ▸ ถ้ามีเงิน จะมานั่งคุยอยู่ทำไมล่ะครับ
       ⚙  reply  text_ids=[3127]
     บอท ▸ [3127] ask_clarify
            ขออภัยค่ะ ดิฉันขอถามให้แน่ใจอีกครั้ง — หมายถึงชำระเรียบร้อยแล้ว หรือยังไม่สะดวกชำระคะ
  ลูกค้า ▸ ก็ตามที่บอกครับ
       ⚙  record_outcome  {""result"": ""to_verify"", ""reason"": ""claims_paid"", ""remark"": ""ก็ตามที่บอกครับ""}
          -> ok
       ⚙  record_outcome  {""result"": ""to_verify"", ""reason"": ""claims_paid"", ""remark"": ""ก็ตามที่บอกครับ""}
          -> call_already_closed
       ⚙  reply  text_ids=[1092]
     บอท ▸ [1092] thank_paid_bye
            ขอบคุณค่ะ เอบีซีจะตรวจสอบรายการให้อีกครั้ง หากมีข้อสงสัยติดต่อได้ที่ [company_phone] ค่ะ สวัสดีค่ะ"
nomoney100,NM-003,เงื่อนไขสมมติ,ถ้ามีป่านนี้โอนไปแล้วค่ะ,refused,to_verify,fail,greet_verify disclose_balance confirm_paid thank_paid_bye,"       ⚙  reply  text_ids=[1015]
     บอท ▸ [1015] greet_verify
            สวัสดีค่ะ ดิฉันติดต่อจากเอบีซี ไม่ทราบว่ากำลังเรียนสายอยู่กับคุณ สมมติ ทดสอบระบบ ใช่หรือไม่คะ
  ลูกค้า ▸ ใช่ครับ
       ⚙  verify_status
          -> ok
       ⚙  reply  text_ids=[1065]
     บอท ▸ [1065] disclose_balance
            ขอบคุณค่ะ เอบีซีขอเรียนแจ้งว่าสินเชื่อ ที่ลงท้ายด้วยเลข 1234 มียอดชำระขั้นต่ำ 3000 บาท ครบกำหนดวันที่ 2026-09-18 (Friday) ค่ะ ไม่ทราบว่าสะดวกชำระภายในวันนี้หรือไม่คะ
  ลูกค้า ▸ ถ้ามีป่านนี้โอนไปแล้วค่ะ
       ⚙  reply  text_ids=[2752]
     บอท ▸ [2752] confirm_paid
            ขอยืนยันนะคะ คุณลูกค้าได้ชำระยอดนี้เรียบร้อยแล้วใช่หรือไม่คะ
  ลูกค้า ▸ ก็ตามที่บอกครับ
       ⚙  record_outcome  {""result"": ""to_verify"", ""reason"": ""claims_paid"", ""remark"": ""ก็ตามที่บอกครับ""}
          -> ok
       ⚙  reply  text_ids=[1092]
     บอท ▸ [1092] thank_paid_bye
            ขอบคุณค่ะ เอบีซีจะตรวจสอบรายการให้อีกครั้ง หากมีข้อสงสัยติดต่อได้ที่ [company_phone] ค่ะ สวัสดีค่ะ"
nomoney100,NM-004,เงื่อนไขสมมติ,ถ้าหาได้ พี่ไม่ปล่อยให้ค้างหรอก,refused,to_verify,fail,greet_verify disclose_balance ask_clarify thank_paid_bye,"       ⚙  reply  text_ids=[1015]
     บอท ▸ [1015] greet_verify
            สวัสดีค่ะ ดิฉันติดต่อจากเอบีซี ไม่ทราบว่ากำลังเรียนสายอยู่กับคุณ สมมติ ทดสอบระบบ ใช่หรือไม่คะ
  ลูกค้า ▸ ใช่ครับ
       ⚙  verify_status
          -> ok
       ⚙  reply  text_ids=[1065]
     บอท ▸ [1065] disclose_balance
            ขอบคุณค่ะ เอบีซีขอเรียนแจ้งว่าสินเชื่อ ที่ลงท้ายด้วยเลข 1234 มียอดชำระขั้นต่ำ 3000 บาท ครบกำหนดวันที่ 2026-09-18 (Friday) ค่ะ ไม่ทราบว่าสะดวกชำระภายในวันนี้หรือไม่คะ
  ลูกค้า ▸ ถ้าหาได้ พี่ไม่ปล่อยให้ค้างหรอก
       ⚙  reply  text_ids=[3127]
     บอท ▸ [3127] ask_clarify
            ขออภัยค่ะ ดิฉันขอถามให้แน่ใจอีกครั้ง — หมายถึงชำระเรียบร้อยแล้ว หรือยังไม่สะดวกชำระคะ
  ลูกค้า ▸ ก็ตามที่บอกครับ
       ⚙  record_outcome  {""result"": ""to_verify"", ""reason"": ""claims_paid"", ""remark"": ""ก็ตามที่บอกครับ""}
          -> ok
       ⚙  record_outcome  {""result"": ""to_verify"", ""reason"": ""claims_paid"", ""remark"": ""ก็ตามที่บอกครับ""}
          -> call_already_closed
       ⚙  reply  text_ids=[1092]
     บอท ▸ [1092] thank_paid_bye
            ขอบคุณค่ะ เอบีซีจะตรวจสอบรายการให้อีกครั้ง หากมีข้อสงสัยติดต่อได้ที่ [company_phone] ค่ะ สวัสดีค่ะ"
nomoney100,NM-005,เงื่อนไขสมมติ,ถ้ามีจริงๆ ไม่ต้องโทรตามหรอกครับ,refused,refused,pass,greet_verify disclose_balance contact_bank_bye,"       ⚙  reply  text_ids=[1015]
     บอท ▸ [1015] greet_verify
            สวัสดีค่ะ ดิฉันติดต่อจากเอบีซี ไม่ทราบว่ากำลังเรียนสายอยู่กับคุณ สมมติ ทดสอบระบบ ใช่หรือไม่คะ
  ลูกค้า ▸ ใช่ครับ
       ⚙  verify_status
          -> ok
       ⚙  reply  text_ids=[1065]
     บอท ▸ [1065] disclose_balance
            ขอบคุณค่ะ เอบีซีขอเรียนแจ้งว่าสินเชื่อ ที่ลงท้ายด้วยเลข 1234 มียอดชำระขั้นต่ำ 3000 บาท ครบกำหนดวันที่ 2026-09-18 (Friday) ค่ะ ไม่ทราบว่าสะดวกชำระภายในวันนี้หรือไม่คะ
  ลูกค้า ▸ ถ้ามีจริงๆ ไม่ต้องโทรตามหรอกครับ
       ⚙  record_outcome  {""result"": ""refused"", ""reason"": ""refused"", ""remark"": ""ถ้ามีจริงๆ ไม่ต้องโทรตามหรอกครับ""}
          -> ok
       ⚙  reply  text_ids=[1099]
     บอท ▸ [1099] contact_bank_bye
            หากมีข้อติดขัดประการใด โทรกลับมาปรึกษาเอบีซีได้ที่เบอร์ [company_phone] ค่ะ ขอบคุณค่ะ สวัสดีค่ะ"
nomoney100,NM-006,เงื่อนไขสมมติ,ถ้าจ่ายไหว ก็จ่ายไปตั้งแต่เดือนที่แล้วแล้ว,refused,to_verify,fail,greet_verify disclose_balance ask_clarify thank_paid_bye,"       ⚙  reply  text_ids=[1015]
     บอท ▸ [1015] greet_verify
            สวัสดีค่ะ ดิฉันติดต่อจากเอบีซี ไม่ทราบว่ากำลังเรียนสายอยู่กับคุณ สมมติ ทดสอบระบบ ใช่หรือไม่คะ
  ลูกค้า ▸ ใช่ครับ
       ⚙  verify_status
          -> ok
       ⚙  reply  text_ids=[1065]
     บอท ▸ [1065] disclose_balance
            ขอบคุณค่ะ เอบีซีขอเรียนแจ้งว่าสินเชื่อ ที่ลงท้ายด้วยเลข 1234 มียอดชำระขั้นต่ำ 3000 บาท ครบกำหนดวันที่ 2026-09-18 (Friday) ค่ะ ไม่ทราบว่าสะดวกชำระภายในวันนี้หรือไม่คะ
  ลูกค้า ▸ ถ้าจ่ายไหว ก็จ่ายไปตั้งแต่เดือนที่แล้วแล้ว
       ⚙  reply  text_ids=[3127]
     บอท ▸ [3127] ask_clarify
            ขออภัยค่ะ ดิฉันขอถามให้แน่ใจอีกครั้ง — หมายถึงชำระเรียบร้อยแล้ว หรือยังไม่สะดวกชำระคะ
  ลูกค้า ▸ ก็ตามที่บอกครับ
       ⚙  record_outcome  {""result"": ""to_verify"", ""reason"": ""claims_paid"", ""remark"": ""ก็ตามที่บอกครับ""}
          -> ok
       ⚙  record_outcome  {""result"": ""to_verify"", ""reason"": ""claims_paid"", ""remark"": ""ก็ตามที่บอกครับ""}
          -> call_already_closed
       ⚙  reply  text_ids=[1092]
     บอท ▸ [1092] thank_paid_bye
            ขอบคุณค่ะ เอบีซีจะตรวจสอบรายการให้อีกครั้ง หากมีข้อสงสัยติดต่อได้ที่ [company_phone] ค่ะ สวัสดีค่ะ"
nomoney100,NM-007,เงื่อนไขสมมติ,ถ้ามีเหลือ ใครจะอยากเป็นหนี้ล่ะคะ,refused,to_verify,fail,greet_verify disclose_balance ask_clarify thank_paid_bye,"       ⚙  reply  text_ids=[1015]
     บอท ▸ [1015] greet_verify
            สวัสดีค่ะ ดิฉันติดต่อจากเอบีซี ไม่ทราบว่ากำลังเรียนสายอยู่กับคุณ สมมติ ทดสอบระบบ ใช่หรือไม่คะ
  ลูกค้า ▸ ใช่ครับ
       ⚙  verify_status
          -> ok
       ⚙  reply  text_ids=[1065]
     บอท ▸ [1065] disclose_balance
            ขอบคุณค่ะ เอบีซีขอเรียนแจ้งว่าสินเชื่อ ที่ลงท้ายด้วยเลข 1234 มียอดชำระขั้นต่ำ 3000 บาท ครบกำหนดวันที่ 2026-09-18 (Friday) ค่ะ ไม่ทราบว่าสะดวกชำระภายในวันนี้หรือไม่คะ
  ลูกค้า ▸ ถ้ามีเหลือ ใครจะอยากเป็นหนี้ล่ะคะ
       ⚙  reply  text_ids=[3127]
     บอท ▸ [3127] ask_clarify
            ขออภัยค่ะ ดิฉันขอถามให้แน่ใจอีกครั้ง — หมายถึงชำระเรียบร้อยแล้ว หรือยังไม่สะดวกชำระคะ
  ลูกค้า ▸ ก็ตามที่บอกครับ
       ⚙  record_outcome  {""result"": ""to_verify"", ""reason"": ""claims_paid"", ""remark"": ""ก็ตามที่บอกครับ""}
          -> ok
       ⚙  record_outcome  {""result"": ""to_verify"", ""reason"": ""claims_paid"", ""remark"": ""ก็ตามที่บอกครับ""}
          -> call_already_closed
       ⚙  reply  text_ids=[1092]
     บอท ▸ [1092] thank_paid_bye
            ขอบคุณค่ะ เอบีซีจะตรวจสอบรายการให้อีกครั้ง หากมีข้อสงสัยติดต่อได้ที่ [company_phone] ค่ะ สวัสดีค่ะ"
nomoney100,NM-008,เงื่อนไขสมมติ,ถ้าเงินเดือนออกตรงเวลา ก็คงจ่ายไปแล้ว,refused,to_verify,fail,greet_verify disclose_balance ask_clarify thank_paid_bye,"       ⚙  reply  text_ids=[1015]
     บอท ▸ [1015] greet_verify
            สวัสดีค่ะ ดิฉันติดต่อจากเอบีซี ไม่ทราบว่ากำลังเรียนสายอยู่กับคุณ สมมติ ทดสอบระบบ ใช่หรือไม่คะ
  ลูกค้า ▸ ใช่ครับ
       ⚙  verify_status
          -> ok
       ⚙  reply  text_ids=[1065]
     บอท ▸ [1065] disclose_balance
            ขอบคุณค่ะ เอบีซีขอเรียนแจ้งว่าสินเชื่อ ที่ลงท้ายด้วยเลข 1234 มียอดชำระขั้นต่ำ 3000 บาท ครบกำหนดวันที่ 2026-09-18 (Friday) ค่ะ ไม่ทราบว่าสะดวกชำระภายในวันนี้หรือไม่คะ
  ลูกค้า ▸ ถ้าเงินเดือนออกตรงเวลา ก็คงจ่ายไปแล้ว
       ⚙  reply  text_ids=[3127]
     บอท ▸ [3127] ask_clarify
            ขออภัยค่ะ ดิฉันขอถามให้แน่ใจอีกครั้ง — หมายถึงชำระเรียบร้อยแล้ว หรือยังไม่สะดวกชำระคะ
  ลูกค้า ▸ ก็ตามที่บอกครับ
       ⚙  record_outcome  {""result"": ""to_verify"", ""reason"": ""claims_paid"", ""remark"": ""ก็ตามที่บอกครับ""}
          -> ok
       ⚙  record_outcome  {""result"": ""to_verify"", ""reason"": ""claims_paid"", ""remark"": ""ก็ตามที่บอกครับ""}
          -> call_already_closed
       ⚙  reply  text_ids=[1092]
     บอท ▸ [1092] thank_paid_bye
            ขอบคุณค่ะ เอบีซีจะตรวจสอบรายการให้อีกครั้ง หากมีข้อสงสัยติดต่อได้ที่ [company_phone] ค่ะ สวัสดีค่ะ"
nomoney100,NM-009,เงื่อนไขสมมติ,ถ้าพี่มี พี่ไม่ให้น้องต้องโทรมาหรอก,refused,disruptive,fail,greet_verify disclose_balance ask_clarify ask_clarify disruptive_bye,"       ⚙  reply  text_ids=[1015]
     บอท ▸ [1015] greet_verify
            สวัสดีค่ะ ดิฉันติดต่อจากเอบีซี ไม่ทราบว่ากำลังเรียนสายอยู่กับคุณ สมมติ ทดสอบระบบ ใช่หรือไม่คะ
  ลูกค้า ▸ ใช่ครับ
       ⚙  verify_status
          -> ok
       ⚙  reply  text_ids=[1065]
     บอท ▸ [1065] disclose_balance
            ขอบคุณค่ะ เอบีซีขอเรียนแจ้งว่าสินเชื่อ ที่ลงท้ายด้วยเลข 1234 มียอดชำระขั้นต่ำ 3000 บาท ครบกำหนดวันที่ 2026-09-18 (Friday) ค่ะ ไม่ทราบว่าสะดวกชำระภายในวันนี้หรือไม่คะ
  ลูกค้า ▸ ถ้าพี่มี พี่ไม่ให้น้องต้องโทรมาหรอก
       ⚙  reply  text_ids=[3127]
     บอท ▸ [3127] ask_clarify
            ขออภัยค่ะ ดิฉันขอถามให้แน่ใจอีกครั้ง — หมายถึงชำระเรียบร้อยแล้ว หรือยังไม่สะดวกชำระคะ
  ลูกค้า ▸ ก็ตามที่บอกครับ
       ⚙  reply  text_ids=[3127]
     บอท ▸ [3127] ask_clarify
            ขออภัยค่ะ ดิฉันขอถามให้แน่ใจอีกครั้ง — หมายถึงชำระเรียบร้อยแล้ว หรือยังไม่สะดวกชำระคะ
  ลูกค้า ▸ ก็แบบนั้นแหละครับ
       ⚙  record_outcome  {""result"": ""disruptive"", ""reason"": ""off_topic_persist"", ""remark"": ""ปิดสายอัตโนมัติ: บทสนทนาไม่คืบหน้า""}
          -> ok
       ⚙  reply  text_ids=[3340]
     บอท ▸ [3340] disruptive_bye
            ขออภัยค่ะ หากยังไม่สะดวกคุยเรื่องบัญชีในตอนนี้ ดิฉันขออนุญาตติดต่อกลับใหม่ภายหลังนะคะ สวัสดีค่ะ"
nomoney100,NM-010,เงื่อนไขสมมติ,ถ้ามันง่ายขนาดนั้น ก็คงจบไปนานแล้ว,refused,to_verify,fail,greet_verify disclose_balance ask_clarify ptp_bye,"       ⚙  reply  text_ids=[1015]
     บอท ▸ [1015] greet_verify
            สวัสดีค่ะ ดิฉันติดต่อจากเอบีซี ไม่ทราบว่ากำลังเรียนสายอยู่กับคุณ สมมติ ทดสอบระบบ ใช่หรือไม่คะ
  ลูกค้า ▸ ใช่ครับ
       ⚙  verify_status
          -> ok
       ⚙  reply  text_ids=[1065]
     บอท ▸ [1065] disclose_balance
            ขอบคุณค่ะ เอบีซีขอเรียนแจ้งว่าสินเชื่อ ที่ลงท้ายด้วยเลข 1234 มียอดชำระขั้นต่ำ 3000 บาท ครบกำหนดวันที่ 2026-09-18 (Friday) ค่ะ ไม่ทราบว่าสะดวกชำระภายในวันนี้หรือไม่คะ
  ลูกค้า ▸ ถ้ามันง่ายขนาดนั้น ก็คงจบไปนานแล้ว
       ⚙  reply  text_ids=[3127]
     บอท ▸ [3127] ask_clarify
            ขออภัยค่ะ ดิฉันขอถามให้แน่ใจอีกครั้ง — หมายถึงชำระเรียบร้อยแล้ว หรือยังไม่สะดวกชำระคะ
  ลูกค้า ▸ ก็ตามที่บอกครับ
       ⚙  record_outcome  {""result"": ""to_verify"", ""reason"": ""claims_paid"", ""remark"": ""ก็ตามที่บอกครับ""}
          -> ok
       ⚙  record_outcome  {""result"": ""to_verify"", ""reason"": ""claims_paid"", ""remark"": ""ก็ตามที่บอกครับ""}
          -> call_already_closed"
nomoney100,NM-011,เงื่อนไขสมมติ,ถ้ามีให้ ก็ให้ไปแล้วครับ,refused,to_verify,fail,greet_verify disclose_balance ask_clarify ptp_bye,"       ⚙  reply  text_ids=[1015]
     บอท ▸ [1015] greet_verify
            สวัสดีค่ะ ดิฉันติดต่อจากเอบีซี ไม่ทราบว่ากำลังเรียนสายอยู่กับคุณ สมมติ ทดสอบระบบ ใช่หรือไม่คะ
  ลูกค้า ▸ ใช่ครับ
       ⚙  verify_status
          -> ok
       ⚙  reply  text_ids=[1065]
     บอท ▸ [1065] disclose_balance
            ขอบคุณค่ะ เอบีซีขอเรียนแจ้งว่าสินเชื่อ ที่ลงท้ายด้วยเลข 1234 มียอดชำระขั้นต่ำ 3000 บาท ครบกำหนดวันที่ 2026-09-18 (Friday) ค่ะ ไม่ทราบว่าสะดวกชำระภายในวันนี้หรือไม่คะ
  ลูกค้า ▸ ถ้ามีให้ ก็ให้ไปแล้วครับ
       ⚙  reply  text_ids=[3127]
     บอท ▸ [3127] ask_clarify
            ขออภัยค่ะ ดิฉันขอถามให้แน่ใจอีกครั้ง — หมายถึงชำระเรียบร้อยแล้ว หรือยังไม่สะดวกชำระคะ
  ลูกค้า ▸ ก็ตามที่บอกครับ
       ⚙  record_outcome  {""result"": ""to_verify"", ""reason"": ""claims_paid"", ""remark"": ""ก็ตามที่บอกครับ""}
          -> ok
       ⚙  record_outcome  {""result"": ""to_verify"", ""reason"": ""claims_paid"", ""remark"": ""ก็ตามที่บอกครับ""}
          -> call_already_closed"
nomoney100,NM-012,เงื่อนไขสมมติ,ถ้ามีก็ไม่ต้องมาถามหรอกค่ะ,refused,disruptive,fail,greet_verify disclose_balance ask_clarify ask_clarify disruptive_bye,"       ⚙  reply  text_ids=[1015]
     บอท ▸ [1015] greet_verify
            สวัสดีค่ะ ดิฉันติดต่อจากเอบีซี ไม่ทราบว่ากำลังเรียนสายอยู่กับคุณ สมมติ ทดสอบระบบ ใช่หรือไม่คะ
  ลูกค้า ▸ ใช่ครับ
       ⚙  verify_status
          -> ok
       ⚙  reply  text_ids=[1065]
     บอท ▸ [1065] disclose_balance
            ขอบคุณค่ะ เอบีซีขอเรียนแจ้งว่าสินเชื่อ ที่ลงท้ายด้วยเลข 1234 มียอดชำระขั้นต่ำ 3000 บาท ครบกำหนดวันที่ 2026-09-18 (Friday) ค่ะ ไม่ทราบว่าสะดวกชำระภายในวันนี้หรือไม่คะ
  ลูกค้า ▸ ถ้ามีก็ไม่ต้องมาถามหรอกค่ะ
       ⚙  reply  text_ids=[3127]
     บอท ▸ [3127] ask_clarify
            ขออภัยค่ะ ดิฉันขอถามให้แน่ใจอีกครั้ง — หมายถึงชำระเรียบร้อยแล้ว หรือยังไม่สะดวกชำระคะ
  ลูกค้า ▸ ก็ตามที่บอกครับ
       ⚙  reply  text_ids=[3127]
     บอท ▸ [3127] ask_clarify
            ขออภัยค่ะ ดิฉันขอถามให้แน่ใจอีกครั้ง — หมายถึงชำระเรียบร้อยแล้ว หรือยังไม่สะดวกชำระคะ
  ลูกค้า ▸ ก็แบบนั้นแหละครับ
       ⚙  record_outcome  {""result"": ""disruptive"", ""reason"": ""off_topic_persist"", ""remark"": ""ปิดสายอัตโนมัติ: บทสนทนาไม่คืบหน้า""}
          -> ok
       ⚙  reply  text_ids=[3340]
     บอท ▸ [3340] disruptive_bye
            ขออภัยค่ะ หากยังไม่สะดวกคุยเรื่องบัญชีในตอนนี้ ดิฉันขออนุญาตติดต่อกลับใหม่ภายหลังนะคะ สวัสดีค่ะ"
nomoney100,NM-013,เงื่อนไขสมมติ,ถ้าในบัญชีมี เขาก็ตัดไปเองแล้วแหละ,refused,disruptive,fail,greet_verify disclose_balance ask_clarify ask_clarify disruptive_bye,"       ⚙  reply  text_ids=[1015]
     บอท ▸ [1015] greet_verify
            สวัสดีค่ะ ดิฉันติดต่อจากเอบีซี ไม่ทราบว่ากำลังเรียนสายอยู่กับคุณ สมมติ ทดสอบระบบ ใช่หรือไม่คะ
  ลูกค้า ▸ ใช่ครับ
       ⚙  verify_status
          -> ok
       ⚙  reply  text_ids=[1065]
     บอท ▸ [1065] disclose_balance
            ขอบคุณค่ะ เอบีซีขอเรียนแจ้งว่าสินเชื่อ ที่ลงท้ายด้วยเลข 1234 มียอดชำระขั้นต่ำ 3000 บาท ครบกำหนดวันที่ 2026-09-18 (Friday) ค่ะ ไม่ทราบว่าสะดวกชำระภายในวันนี้หรือไม่คะ
  ลูกค้า ▸ ถ้าในบัญชีมี เขาก็ตัดไปเองแล้วแหละ
       ⚙  reply  text_ids=[3127]
     บอท ▸ [3127] ask_clarify
            ขออภัยค่ะ ดิฉันขอถามให้แน่ใจอีกครั้ง — หมายถึงชำระเรียบร้อยแล้ว หรือยังไม่สะดวกชำระคะ
  ลูกค้า ▸ ก็ตามที่บอกครับ
       ⚙  reply  text_ids=[3127]
     บอท ▸ [3127] ask_clarify
            ขออภัยค่ะ ดิฉันขอถามให้แน่ใจอีกครั้ง — หมายถึงชำระเรียบร้อยแล้ว หรือยังไม่สะดวกชำระคะ
  ลูกค้า ▸ ก็แบบนั้นแหละครับ
       ⚙  record_outcome  {""result"": ""disruptive"", ""reason"": ""off_topic_persist"", ""remark"": ""ปิดสายอัตโนมัติ: บทสนทนาไม่คืบหน้า""}
          -> ok
       ⚙  reply  text_ids=[3340]
     บอท ▸ [3340] disruptive_bye
            ขออภัยค่ะ หากยังไม่สะดวกคุยเรื่องบัญชีในตอนนี้ ดิฉันขออนุญาตติดต่อกลับใหม่ภายหลังนะคะ สวัสดีค่ะ"
nomoney100,NM-014,เงื่อนไขสมมติ,ถ้ามีป่านนี้ไม่ต้องหลบโทรศัพท์หรอก,refused,to_verify,fail,greet_verify disclose_balance ask_clarify thank_paid_bye,"       ⚙  reply  text_ids=[1015]
     บอท ▸ [1015] greet_verify
            สวัสดีค่ะ ดิฉันติดต่อจากเอบีซี ไม่ทราบว่ากำลังเรียนสายอยู่กับคุณ สมมติ ทดสอบระบบ ใช่หรือไม่คะ
  ลูกค้า ▸ ใช่ครับ
       ⚙  verify_status
          -> ok
       ⚙  reply  text_ids=[1065]
     บอท ▸ [1065] disclose_balance
            ขอบคุณค่ะ เอบีซีขอเรียนแจ้งว่าสินเชื่อ ที่ลงท้ายด้วยเลข 1234 มียอดชำระขั้นต่ำ 3000 บาท ครบกำหนดวันที่ 2026-09-18 (Friday) ค่ะ ไม่ทราบว่าสะดวกชำระภายในวันนี้หรือไม่คะ
  ลูกค้า ▸ ถ้ามีป่านนี้ไม่ต้องหลบโทรศัพท์หรอก
       ⚙  reply  text_ids=[3127]
     บอท ▸ [3127] ask_clarify
            ขออภัยค่ะ ดิฉันขอถามให้แน่ใจอีกครั้ง — หมายถึงชำระเรียบร้อยแล้ว หรือยังไม่สะดวกชำระคะ
  ลูกค้า ▸ ก็ตามที่บอกครับ
       ⚙  record_outcome  {""result"": ""to_verify"", ""reason"": ""claims_paid"", ""remark"": ""ก็ตามที่บอกครับ""}
          -> ok
       ⚙  record_outcome  {""result"": ""to_verify"", ""reason"": ""claims_paid"", ""remark"": ""ก็ตามที่บอกครับ""}
          -> call_already_closed
       ⚙  reply  text_ids=[1092]
     บอท ▸ [1092] thank_paid_bye
            ขอบคุณค่ะ เอบีซีจะตรวจสอบรายการให้อีกครั้ง หากมีข้อสงสัยติดต่อได้ที่ [company_phone] ค่ะ สวัสดีค่ะ"
nomoney100,NM-015,เงื่อนไขสมมติ,ถ้าจ่ายได้ จะรอให้โดนทวงทำไม,refused,disruptive,fail,greet_verify disclose_balance ask_clarify ask_clarify disruptive_bye,"       ⚙  reply  text_ids=[1015]
     บอท ▸ [1015] greet_verify
            สวัสดีค่ะ ดิฉันติดต่อจากเอบีซี ไม่ทราบว่ากำลังเรียนสายอยู่กับคุณ สมมติ ทดสอบระบบ ใช่หรือไม่คะ
  ลูกค้า ▸ ใช่ครับ
       ⚙  verify_status
          -> ok
       ⚙  reply  text_ids=[1065]
     บอท ▸ [1065] disclose_balance
            ขอบคุณค่ะ เอบีซีขอเรียนแจ้งว่าสินเชื่อ ที่ลงท้ายด้วยเลข 1234 มียอดชำระขั้นต่ำ 3000 บาท ครบกำหนดวันที่ 2026-09-18 (Friday) ค่ะ ไม่ทราบว่าสะดวกชำระภายในวันนี้หรือไม่คะ
  ลูกค้า ▸ ถ้าจ่ายได้ จะรอให้โดนทวงทำไม
       ⚙  reply  text_ids=[3127]
     บอท ▸ [3127] ask_clarify
            ขออภัยค่ะ ดิฉันขอถามให้แน่ใจอีกครั้ง — หมายถึงชำระเรียบร้อยแล้ว หรือยังไม่สะดวกชำระคะ
  ลูกค้า ▸ ก็ตามที่บอกครับ
       ⚙  reply  text_ids=[3127]
     บอท ▸ [3127] ask_clarify
            ขออภัยค่ะ ดิฉันขอถามให้แน่ใจอีกครั้ง — หมายถึงชำระเรียบร้อยแล้ว หรือยังไม่สะดวกชำระคะ
  ลูกค้า ▸ ก็แบบนั้นแหละครับ
       ⚙  record_outcome  {""result"": ""disruptive"", ""reason"": ""off_topic_persist"", ""remark"": ""ปิดสายอัตโนมัติ: บทสนทนาไม่คืบหน้า""}
          -> ok
       ⚙  reply  text_ids=[3340]
     บอท ▸ [3340] disruptive_bye
            ขออภัยค่ะ หากยังไม่สะดวกคุยเรื่องบัญชีในตอนนี้ ดิฉันขออนุญาตติดต่อกลับใหม่ภายหลังนะคะ สวัสดีค่ะ"
nomoney100,NM-016,ถามย้อน,จะเอาเงินที่ไหนมาจ่ายล่ะคะ,refused,refused,pass,greet_verify disclose_balance convince contact_bank_bye,"       ⚙  reply  text_ids=[1015]
     บอท ▸ [1015] greet_verify
            สวัสดีค่ะ ดิฉันติดต่อจากเอบีซี ไม่ทราบว่ากำลังเรียนสายอยู่กับคุณ สมมติ ทดสอบระบบ ใช่หรือไม่คะ
  ลูกค้า ▸ ใช่ครับ
       ⚙  verify_status
          -> ok
       ⚙  reply  text_ids=[1065]
     บอท ▸ [1065] disclose_balance
            ขอบคุณค่ะ เอบีซีขอเรียนแจ้งว่าสินเชื่อ ที่ลงท้ายด้วยเลข 1234 มียอดชำระขั้นต่ำ 3000 บาท ครบกำหนดวันที่ 2026-09-18 (Friday) ค่ะ ไม่ทราบว่าสะดวกชำระภายในวันนี้หรือไม่คะ
  ลูกค้า ▸ จะเอาเงินที่ไหนมาจ่ายล่ะคะ
       ⚙  reply  text_ids=[1075]
     บอท ▸ [1075] convince
            เข้าใจค่ะ หากชำระขั้นต่ำ 3000 บาทภายในวันครบกำหนด จะช่วยรักษาประวัติการชำระไว้ได้ค่ะ ไม่ทราบว่าพอจะสะดวกหรือไม่คะ
  ลูกค้า ▸ ก็ตามที่บอกครับ
       ⚙  record_outcome  {""result"": ""refused"", ""reason"": ""refused"", ""remark"": ""ก็ตามที่บอกครับ""}
          -> ok
       ⚙  reply  text_ids=[1099]
     บอท ▸ [1099] contact_bank_bye
            หากมีข้อติดขัดประการใด โทรกลับมาปรึกษาเอบีซีได้ที่เบอร์ [company_phone] ค่ะ ขอบคุณค่ะ สวัสดีค่ะ"
nomoney100,NM-017,ถามย้อน,น้องว่าพี่มีเหรอ,refused,to_verify,fail,greet_verify disclose_balance ask_clarify ptp_bye,"       ⚙  reply  text_ids=[1015]
     บอท ▸ [1015] greet_verify
            สวัสดีค่ะ ดิฉันติดต่อจากเอบีซี ไม่ทราบว่ากำลังเรียนสายอยู่กับคุณ สมมติ ทดสอบระบบ ใช่หรือไม่คะ
  ลูกค้า ▸ ใช่ครับ
       ⚙  verify_status
          -> ok
       ⚙  reply  text_ids=[1065]
     บอท ▸ [1065] disclose_balance
            ขอบคุณค่ะ เอบีซีขอเรียนแจ้งว่าสินเชื่อ ที่ลงท้ายด้วยเลข 1234 มียอดชำระขั้นต่ำ 3000 บาท ครบกำหนดวันที่ 2026-09-18 (Friday) ค่ะ ไม่ทราบว่าสะดวกชำระภายในวันนี้หรือไม่คะ
  ลูกค้า ▸ น้องว่าพี่มีเหรอ
       ⚙  reply  text_ids=[3127]
     บอท ▸ [3127] ask_clarify
            ขออภัยค่ะ ดิฉันขอถามให้แน่ใจอีกครั้ง — หมายถึงชำระเรียบร้อยแล้ว หรือยังไม่สะดวกชำระคะ
  ลูกค้า ▸ ก็ตามที่บอกครับ
       ⚙  record_outcome  {""result"": ""to_verify"", ""reason"": ""claims_paid"", ""remark"": ""ก็ตามที่บอกครับ""}
          -> ok
       ⚙  record_outcome  {""result"": ""to_verify"", ""reason"": ""claims_paid"", ""remark"": ""ก็ตามที่บอกครับ""}
          -> call_already_closed"
nomoney100,NM-018,ถามย้อน,มีปัญญาจ่ายที่ไหนล่ะครับ,refused,ptp,fail,greet_verify disclose_balance offer_channel_only ptp_bye,"       ⚙  reply  text_ids=[1015]
     บอท ▸ [1015] greet_verify
            สวัสดีค่ะ ดิฉันติดต่อจากเอบีซี ไม่ทราบว่ากำลังเรียนสายอยู่กับคุณ สมมติ ทดสอบระบบ ใช่หรือไม่คะ
  ลูกค้า ▸ ใช่ครับ
       ⚙  verify_status
          -> ok
       ⚙  reply  text_ids=[1065]
     บอท ▸ [1065] disclose_balance
            ขอบคุณค่ะ เอบีซีขอเรียนแจ้งว่าสินเชื่อ ที่ลงท้ายด้วยเลข 1234 มียอดชำระขั้นต่ำ 3000 บาท ครบกำหนดวันที่ 2026-09-18 (Friday) ค่ะ ไม่ทราบว่าสะดวกชำระภายในวันนี้หรือไม่คะ
  ลูกค้า ▸ มีปัญญาจ่ายที่ไหนล่ะครับ
       ⚙  reply  text_ids=[2100]
     บอท ▸ [2100] offer_channel_only
            ชำระได้ที่แอปพลิเคชันของเอบีซี หรือที่สาขาค่ะ หากต้องการช่องทางเพิ่มเติม ติดต่อ [company_phone] ได้ค่ะ
  ลูกค้า ▸ ก็ตามที่บอกครับ
       ⚙  record_outcome  {""result"": ""ptp"", ""reason"": ""ptp"", ""remark"": ""ก็ตามที่บอกครับ""}
          -> ok
       ⚙  reply  text_ids=[1084]
     บอท ▸ [1084] ptp_bye
            ขอบคุณค่ะ เอบีซีได้บันทึกไว้เรียบร้อยแล้วค่ะ ขอบคุณที่สละเวลา สวัสดีค่ะ"
nomoney100,NM-019,ถามย้อน,ถามจริง คิดว่าพี่อยากค้างเหรอ,refused,ptp,fail,greet_verify disclose_balance ask_clarify ptp_bye,"       ⚙  reply  text_ids=[1015]
     บอท ▸ [1015] greet_verify
            สวัสดีค่ะ ดิฉันติดต่อจากเอบีซี ไม่ทราบว่ากำลังเรียนสายอยู่กับคุณ สมมติ ทดสอบระบบ ใช่หรือไม่คะ
  ลูกค้า ▸ ใช่ครับ
       ⚙  verify_status
          -> ok
       ⚙  reply  text_ids=[1065]
     บอท ▸ [1065] disclose_balance
            ขอบคุณค่ะ เอบีซีขอเรียนแจ้งว่าสินเชื่อ ที่ลงท้ายด้วยเลข 1234 มียอดชำระขั้นต่ำ 3000 บาท ครบกำหนดวันที่ 2026-09-18 (Friday) ค่ะ ไม่ทราบว่าสะดวกชำระภายในวันนี้หรือไม่คะ
  ลูกค้า ▸ ถามจริง คิดว่าพี่อยากค้างเหรอ
       ⚙  reply  text_ids=[3127]
     บอท ▸ [3127] ask_clarify
            ขออภัยค่ะ ดิฉันขอถามให้แน่ใจอีกครั้ง — หมายถึงชำระเรียบร้อยแล้ว หรือยังไม่สะดวกชำระคะ
  ลูกค้า ▸ ก็ตามที่บอกครับ
       ⚙  record_outcome  {""result"": ""ptp"", ""reason"": ""ptp"", ""remark"": ""ก็ตามที่บอกครับ""}
          -> ok
       ⚙  record_outcome  {""result"": ""ptp"", ""reason"": ""ptp"", ""remark"": ""ก็ตามที่บอกครับ""}
          -> call_already_closed
       ⚙  reply  text_ids=[1084]
     บอท ▸ [1084] ptp_bye
            ขอบคุณค่ะ เอบีซีได้บันทึกไว้เรียบร้อยแล้วค่ะ ขอบคุณที่สละเวลา สวัสดีค่ะ"
nomoney100,NM-020,ถามย้อน,แล้วจะให้เอาอะไรจ่ายล่ะ,refused,ptp,fail,greet_verify disclose_balance offer_channel_only ptp_bye,"       ⚙  reply  text_ids=[1015]
     บอท ▸ [1015] greet_verify
            สวัสดีค่ะ ดิฉันติดต่อจากเอบีซี ไม่ทราบว่ากำลังเรียนสายอยู่กับคุณ สมมติ ทดสอบระบบ ใช่หรือไม่คะ
  ลูกค้า ▸ ใช่ครับ
       ⚙  verify_status
          -> ok
       ⚙  reply  text_ids=[1065]
     บอท ▸ [1065] disclose_balance
            ขอบคุณค่ะ เอบีซีขอเรียนแจ้งว่าสินเชื่อ ที่ลงท้ายด้วยเลข 1234 มียอดชำระขั้นต่ำ 3000 บาท ครบกำหนดวันที่ 2026-09-18 (Friday) ค่ะ ไม่ทราบว่าสะดวกชำระภายในวันนี้หรือไม่คะ
  ลูกค้า ▸ แล้วจะให้เอาอะไรจ่ายล่ะ
       ⚙  reply  text_ids=[2100]
     บอท ▸ [2100] offer_channel_only
            ชำระได้ที่แอปพลิเคชันของเอบีซี หรือที่สาขาค่ะ หากต้องการช่องทางเพิ่มเติม ติดต่อ [company_phone] ได้ค่ะ
  ลูกค้า ▸ ก็ตามที่บอกครับ
       ⚙  record_outcome  {""result"": ""ptp"", ""reason"": ""ptp"", ""remark"": ""ก็ตามที่บอกครับ""}
          -> ok
       ⚙  record_outcome  {""result"": ""ptp"", ""reason"": ""ptp"", ""remark"": ""ก็ตามที่บอกครับ""}
          -> call_already_closed
       ⚙  reply  text_ids=[1084]
     บอท ▸ [1084] ptp_bye
            ขอบคุณค่ะ เอบีซีได้บันทึกไว้เรียบร้อยแล้วค่ะ ขอบคุณที่สละเวลา สวัสดีค่ะ"
nomoney100,NM-021,ถามย้อน,จะให้ไปปล้นธนาคารมาจ่ายเหรอ,refused,disruptive,fail,greet_verify disclose_balance steer_back ask_clarify disruptive_bye,"       ⚙  reply  text_ids=[1015]
     บอท ▸ [1015] greet_verify
            สวัสดีค่ะ ดิฉันติดต่อจากเอบีซี ไม่ทราบว่ากำลังเรียนสายอยู่กับคุณ สมมติ ทดสอบระบบ ใช่หรือไม่คะ
  ลูกค้า ▸ ใช่ครับ
       ⚙  verify_status
          -> ok
       ⚙  reply  text_ids=[1065]
     บอท ▸ [1065] disclose_balance
            ขอบคุณค่ะ เอบีซีขอเรียนแจ้งว่าสินเชื่อ ที่ลงท้ายด้วยเลข 1234 มียอดชำระขั้นต่ำ 3000 บาท ครบกำหนดวันที่ 2026-09-18 (Friday) ค่ะ ไม่ทราบว่าสะดวกชำระภายในวันนี้หรือไม่คะ
  ลูกค้า ▸ จะให้ไปปล้นธนาคารมาจ่ายเหรอ
       ⚙  reply  text_ids=[3270]
     บอท ▸ [3270] steer_back
            ขออภัยค่ะ เรื่องนี้ดิฉันตอบให้ไม่ได้ค่ะ ดิฉันติดต่อมาเรื่องบัญชีของคุณ สมมติ ทดสอบระบบ เท่านั้นค่ะ ไม่ทราบว่าสะดวกชำระภายในวันนี้หรือไม่คะ
  ลูกค้า ▸ ก็ตามที่บอกครับ
       ⚙  reply  text_ids=[3127]
     บอท ▸ [3127] ask_clarify
            ขออภัยค่ะ ดิฉันขอถามให้แน่ใจอีกครั้ง — หมายถึงชำระเรียบร้อยแล้ว หรือยังไม่สะดวกชำระคะ
  ลูกค้า ▸ ก็แบบนั้นแหละครับ
       ⚙  record_outcome  {""result"": ""disruptive"", ""reason"": ""off_topic_persist"", ""remark"": ""ปิดสายอัตโนมัติ: บทสนทนาไม่คืบหน้า""}
          -> ok
       ⚙  reply  text_ids=[3340]
     บอท ▸ [3340] disruptive_bye
            ขออภัยค่ะ หากยังไม่สะดวกคุยเรื่องบัญชีในตอนนี้ ดิฉันขออนุญาตติดต่อกลับใหม่ภายหลังนะคะ สวัสดีค่ะ"
nomoney100,NM-022,ถามย้อน,ใครจะไม่อยากจ่ายล่ะคะ,refused,refused,pass,greet_verify disclose_balance contact_bank_bye,"       ⚙  reply  text_ids=[1015]
     บอท ▸ [1015] greet_verify
            สวัสดีค่ะ ดิฉันติดต่อจากเอบีซี ไม่ทราบว่ากำลังเรียนสายอยู่กับคุณ สมมติ ทดสอบระบบ ใช่หรือไม่คะ
  ลูกค้า ▸ ใช่ครับ
       ⚙  verify_status
          -> ok
       ⚙  reply  text_ids=[1065]
     บอท ▸ [1065] disclose_balance
            ขอบคุณค่ะ เอบีซีขอเรียนแจ้งว่าสินเชื่อ ที่ลงท้ายด้วยเลข 1234 มียอดชำระขั้นต่ำ 3000 บาท ครบกำหนดวันที่ 2026-09-18 (Friday) ค่ะ ไม่ทราบว่าสะดวกชำระภายในวันนี้หรือไม่คะ
  ลูกค้า ▸ ใครจะไม่อยากจ่ายล่ะคะ
       ⚙  record_outcome  {""result"": ""refused"", ""reason"": ""refused"", ""remark"": ""ใครจะไม่อยากจ่ายล่ะคะ""}
          -> ok
       ⚙  reply  text_ids=[1099]
     บอท ▸ [1099] contact_bank_bye
            หากมีข้อติดขัดประการใด โทรกลับมาปรึกษาเอบีซีได้ที่เบอร์ [company_phone] ค่ะ ขอบคุณค่ะ สวัสดีค่ะ"
nomoney100,NM-023,ถามย้อน,เห็นพี่เป็นตู้ ATM เหรอ,refused,ptp,fail,greet_verify disclose_balance ai_disclosure ptp_bye,"       ⚙  reply  text_ids=[1015]
     บอท ▸ [1015] greet_verify
            สวัสดีค่ะ ดิฉันติดต่อจากเอบีซี ไม่ทราบว่ากำลังเรียนสายอยู่กับคุณ สมมติ ทดสอบระบบ ใช่หรือไม่คะ
  ลูกค้า ▸ ใช่ครับ
       ⚙  verify_status
          -> ok
       ⚙  reply  text_ids=[1065]
     บอท ▸ [1065] disclose_balance
            ขอบคุณค่ะ เอบีซีขอเรียนแจ้งว่าสินเชื่อ ที่ลงท้ายด้วยเลข 1234 มียอดชำระขั้นต่ำ 3000 บาท ครบกำหนดวันที่ 2026-09-18 (Friday) ค่ะ ไม่ทราบว่าสะดวกชำระภายในวันนี้หรือไม่คะ
  ลูกค้า ▸ เห็นพี่เป็นตู้ ATM เหรอ
       ⚙  reply  text_ids=[1569]
     บอท ▸ [1569] ai_disclosure
            ดิฉันเป็นผู้ช่วยอัตโนมัติของเอบีซีค่ะ ไม่ใช่เจ้าหน้าที่ที่เป็นบุคคลค่ะ
  ลูกค้า ▸ ก็ตามที่บอกครับ
       ⚙  record_outcome  {""result"": ""ptp"", ""reason"": ""ptp"", ""remark"": ""ก็ตามที่บอกครับ""}
          -> ok
       ⚙  record_outcome  {""result"": ""ptp"", ""reason"": ""ptp"", ""remark"": ""ก็ตามที่บอกครับ""}
          -> call_already_closed
       ⚙  reply  text_ids=[1084]
     บอท ▸ [1084] ptp_bye
            ขอบคุณค่ะ เอบีซีได้บันทึกไว้เรียบร้อยแล้วค่ะ ขอบคุณที่สละเวลา สวัสดีค่ะ"
nomoney100,NM-024,ถามย้อน,น้องจะให้พี่เสกเงินออกมาเหรอ,refused,to_verify,fail,greet_verify disclose_balance ask_clarify thank_paid_bye,"       ⚙  reply  text_ids=[1015]
     บอท ▸ [1015] greet_verify
            สวัสดีค่ะ ดิฉันติดต่อจากเอบีซี ไม่ทราบว่ากำลังเรียนสายอยู่กับคุณ สมมติ ทดสอบระบบ ใช่หรือไม่คะ
  ลูกค้า ▸ ใช่ครับ
       ⚙  verify_status
          -> ok
       ⚙  reply  text_ids=[1065]
     บอท ▸ [1065] disclose_balance
            ขอบคุณค่ะ เอบีซีขอเรียนแจ้งว่าสินเชื่อ ที่ลงท้ายด้วยเลข 1234 มียอดชำระขั้นต่ำ 3000 บาท ครบกำหนดวันที่ 2026-09-18 (Friday) ค่ะ ไม่ทราบว่าสะดวกชำระภายในวันนี้หรือไม่คะ
  ลูกค้า ▸ น้องจะให้พี่เสกเงินออกมาเหรอ
       ⚙  reply  text_ids=[3127]
     บอท ▸ [3127] ask_clarify
            ขออภัยค่ะ ดิฉันขอถามให้แน่ใจอีกครั้ง — หมายถึงชำระเรียบร้อยแล้ว หรือยังไม่สะดวกชำระคะ
  ลูกค้า ▸ ก็ตามที่บอกครับ
       ⚙  record_outcome  {""result"": ""to_verify"", ""reason"": ""claims_paid"", ""remark"": ""ก็ตามที่บอกครับ""}
          -> ok
       ⚙  record_outcome  {""result"": ""to_verify"", ""reason"": ""claims_paid"", ""remark"": ""ก็ตามที่บอกครับ""}
          -> call_already_closed
       ⚙  reply  text_ids=[1092]
     บอท ▸ [1092] thank_paid_bye
            ขอบคุณค่ะ เอบีซีจะตรวจสอบรายการให้อีกครั้ง หากมีข้อสงสัยติดต่อได้ที่ [company_phone] ค่ะ สวัสดีค่ะ"
nomoney100,NM-025,ถามย้อน,มีที่ไหนล่ะ ถ้ามีก็ดีสิ,refused,ptp,fail,greet_verify disclose_balance offer_channel_only ptp_bye,"       ⚙  reply  text_ids=[1015]
     บอท ▸ [1015] greet_verify
            สวัสดีค่ะ ดิฉันติดต่อจากเอบีซี ไม่ทราบว่ากำลังเรียนสายอยู่กับคุณ สมมติ ทดสอบระบบ ใช่หรือไม่คะ
  ลูกค้า ▸ ใช่ครับ
       ⚙  verify_status
          -> ok
       ⚙  reply  text_ids=[1065]
     บอท ▸ [1065] disclose_balance
            ขอบคุณค่ะ เอบีซีขอเรียนแจ้งว่าสินเชื่อ ที่ลงท้ายด้วยเลข 1234 มียอดชำระขั้นต่ำ 3000 บาท ครบกำหนดวันที่ 2026-09-18 (Friday) ค่ะ ไม่ทราบว่าสะดวกชำระภายในวันนี้หรือไม่คะ
  ลูกค้า ▸ มีที่ไหนล่ะ ถ้ามีก็ดีสิ
       ⚙  reply  text_ids=[2100]
     บอท ▸ [2100] offer_channel_only
            ชำระได้ที่แอปพลิเคชันของเอบีซี หรือที่สาขาค่ะ หากต้องการช่องทางเพิ่มเติม ติดต่อ [company_phone] ได้ค่ะ
  ลูกค้า ▸ ก็ตามที่บอกครับ
       ⚙  record_outcome  {""result"": ""ptp"", ""reason"": ""ptp"", ""remark"": ""ก็ตามที่บอกครับ""}
          -> ok
       ⚙  record_outcome  {""result"": ""ptp"", ""reason"": ""ptp"", ""remark"": ""ก็ตามที่บอกครับ""}
          -> call_already_closed
       ⚙  reply  text_ids=[1084]
     บอท ▸ [1084] ptp_bye
            ขอบคุณค่ะ เอบีซีได้บันทึกไว้เรียบร้อยแล้วค่ะ ขอบคุณที่สละเวลา สวัสดีค่ะ"
nomoney100,NM-026,ถามย้อน,จะเอามาจากไหน บอกพี่หน่อยสิ,refused,ptp,fail,greet_verify disclose_balance offer_channel_only ptp_bye,"       ⚙  reply  text_ids=[1015]
     บอท ▸ [1015] greet_verify
            สวัสดีค่ะ ดิฉันติดต่อจากเอบีซี ไม่ทราบว่ากำลังเรียนสายอยู่กับคุณ สมมติ ทดสอบระบบ ใช่หรือไม่คะ
  ลูกค้า ▸ ใช่ครับ
       ⚙  verify_status
          -> ok
       ⚙  reply  text_ids=[1065]
     บอท ▸ [1065] disclose_balance
            ขอบคุณค่ะ เอบีซีขอเรียนแจ้งว่าสินเชื่อ ที่ลงท้ายด้วยเลข 1234 มียอดชำระขั้นต่ำ 3000 บาท ครบกำหนดวันที่ 2026-09-18 (Friday) ค่ะ ไม่ทราบว่าสะดวกชำระภายในวันนี้หรือไม่คะ
  ลูกค้า ▸ จะเอามาจากไหน บอกพี่หน่อยสิ
       ⚙  reply  text_ids=[2100]
     บอท ▸ [2100] offer_channel_only
            ชำระได้ที่แอปพลิเคชันของเอบีซี หรือที่สาขาค่ะ หากต้องการช่องทางเพิ่มเติม ติดต่อ [company_phone] ได้ค่ะ
  ลูกค้า ▸ ก็ตามที่บอกครับ
       ⚙  record_outcome  {""result"": ""ptp"", ""reason"": ""ptp"", ""remark"": ""ก็ตามที่บอกครับ""}
          -> ok
       ⚙  record_outcome  {""result"": ""ptp"", ""reason"": ""ptp"", ""remark"": ""ก็ตามที่บอกครับ""}
          -> call_already_closed
       ⚙  reply  text_ids=[1084]
     บอท ▸ [1084] ptp_bye
            ขอบคุณค่ะ เอบีซีได้บันทึกไว้เรียบร้อยแล้วค่ะ ขอบคุณที่สละเวลา สวัสดีค่ะ"
nomoney100,NM-027,ถามย้อน,คิดว่าพี่ไม่อยากจ่ายเหรอ,refused,disruptive,fail,greet_verify disclose_balance ask_clarify ask_clarify disruptive_bye,"       ⚙  reply  text_ids=[1015]
     บอท ▸ [1015] greet_verify
            สวัสดีค่ะ ดิฉันติดต่อจากเอบีซี ไม่ทราบว่ากำลังเรียนสายอยู่กับคุณ สมมติ ทดสอบระบบ ใช่หรือไม่คะ
  ลูกค้า ▸ ใช่ครับ
       ⚙  verify_status
          -> ok
       ⚙  reply  text_ids=[1065]
     บอท ▸ [1065] disclose_balance
            ขอบคุณค่ะ เอบีซีขอเรียนแจ้งว่าสินเชื่อ ที่ลงท้ายด้วยเลข 1234 มียอดชำระขั้นต่ำ 3000 บาท ครบกำหนดวันที่ 2026-09-18 (Friday) ค่ะ ไม่ทราบว่าสะดวกชำระภายในวันนี้หรือไม่คะ
  ลูกค้า ▸ คิดว่าพี่ไม่อยากจ่ายเหรอ
       ⚙  reply  text_ids=[3127]
     บอท ▸ [3127] ask_clarify
            ขออภัยค่ะ ดิฉันขอถามให้แน่ใจอีกครั้ง — หมายถึงชำระเรียบร้อยแล้ว หรือยังไม่สะดวกชำระคะ
  ลูกค้า ▸ ก็ตามที่บอกครับ
       ⚙  reply  text_ids=[3127]
     บอท ▸ [3127] ask_clarify
            ขออภัยค่ะ ดิฉันขอถามให้แน่ใจอีกครั้ง — หมายถึงชำระเรียบร้อยแล้ว หรือยังไม่สะดวกชำระคะ
  ลูกค้า ▸ ก็แบบนั้นแหละครับ
       ⚙  record_outcome  {""result"": ""disruptive"", ""reason"": ""off_topic_persist"", ""remark"": ""ปิดสายอัตโนมัติ: บทสนทนาไม่คืบหน้า""}
          -> ok
       ⚙  reply  text_ids=[3340]
     บอท ▸ [3340] disruptive_bye
            ขออภัยค่ะ หากยังไม่สะดวกคุยเรื่องบัญชีในตอนนี้ ดิฉันขออนุญาตติดต่อกลับใหม่ภายหลังนะคะ สวัสดีค่ะ"
nomoney100,NM-028,ถามย้อน,ตอนนี้จะให้ไปหาจากไหนล่ะครับ,refused,ptp,fail,greet_verify disclose_balance offer_channel_only ptp_bye,"       ⚙  reply  text_ids=[1015]
     บอท ▸ [1015] greet_verify
            สวัสดีค่ะ ดิฉันติดต่อจากเอบีซี ไม่ทราบว่ากำลังเรียนสายอยู่กับคุณ สมมติ ทดสอบระบบ ใช่หรือไม่คะ
  ลูกค้า ▸ ใช่ครับ
       ⚙  verify_status
          -> ok
       ⚙  reply  text_ids=[1065]
     บอท ▸ [1065] disclose_balance
            ขอบคุณค่ะ เอบีซีขอเรียนแจ้งว่าสินเชื่อ ที่ลงท้ายด้วยเลข 1234 มียอดชำระขั้นต่ำ 3000 บาท ครบกำหนดวันที่ 2026-09-18 (Friday) ค่ะ ไม่ทราบว่าสะดวกชำระภายในวันนี้หรือไม่คะ
  ลูกค้า ▸ ตอนนี้จะให้ไปหาจากไหนล่ะครับ
       ⚙  reply  text_ids=[2100]
     บอท ▸ [2100] offer_channel_only
            ชำระได้ที่แอปพลิเคชันของเอบีซี หรือที่สาขาค่ะ หากต้องการช่องทางเพิ่มเติม ติดต่อ [company_phone] ได้ค่ะ
  ลูกค้า ▸ ก็ตามที่บอกครับ
       ⚙  record_outcome  {""result"": ""ptp"", ""reason"": ""ptp"", ""remark"": ""ก็ตามที่บอกครับ""}
          -> ok
       ⚙  record_outcome  {""result"": ""ptp"", ""reason"": ""ptp"", ""remark"": ""ก็ตามที่บอกครับ""}
          -> call_already_closed
       ⚙  reply  text_ids=[1084]
     บอท ▸ [1084] ptp_bye
            ขอบคุณค่ะ เอบีซีได้บันทึกไว้เรียบร้อยแล้วค่ะ ขอบคุณที่สละเวลา สวัสดีค่ะ"
nomoney100,NM-029,ถามย้อน,แล้วจะให้ขายอะไรล่ะ บ้านก็เช่าเขาอยู่,refused,disruptive,fail,greet_verify disclose_balance steer_back ask_clarify disruptive_bye,"       ⚙  reply  text_ids=[1015]
     บอท ▸ [1015] greet_verify
            สวัสดีค่ะ ดิฉันติดต่อจากเอบีซี ไม่ทราบว่ากำลังเรียนสายอยู่กับคุณ สมมติ ทดสอบระบบ ใช่หรือไม่คะ
  ลูกค้า ▸ ใช่ครับ
       ⚙  verify_status
          -> ok
       ⚙  reply  text_ids=[1065]
     บอท ▸ [1065] disclose_balance
            ขอบคุณค่ะ เอบีซีขอเรียนแจ้งว่าสินเชื่อ ที่ลงท้ายด้วยเลข 1234 มียอดชำระขั้นต่ำ 3000 บาท ครบกำหนดวันที่ 2026-09-18 (Friday) ค่ะ ไม่ทราบว่าสะดวกชำระภายในวันนี้หรือไม่คะ
  ลูกค้า ▸ แล้วจะให้ขายอะไรล่ะ บ้านก็เช่าเขาอยู่
       ⚙  reply  text_ids=[3270]
     บอท ▸ [3270] steer_back
            ขออภัยค่ะ เรื่องนี้ดิฉันตอบให้ไม่ได้ค่ะ ดิฉันติดต่อมาเรื่องบัญชีของคุณ สมมติ ทดสอบระบบ เท่านั้นค่ะ ไม่ทราบว่าสะดวกชำระภายในวันนี้หรือไม่คะ
  ลูกค้า ▸ ก็ตามที่บอกครับ
       ⚙  reply  text_ids=[3127]
     บอท ▸ [3127] ask_clarify
            ขออภัยค่ะ ดิฉันขอถามให้แน่ใจอีกครั้ง — หมายถึงชำระเรียบร้อยแล้ว หรือยังไม่สะดวกชำระคะ
  ลูกค้า ▸ ก็แบบนั้นแหละครับ
       ⚙  record_outcome  {""result"": ""disruptive"", ""reason"": ""off_topic_persist"", ""remark"": ""ปิดสายอัตโนมัติ: บทสนทนาไม่คืบหน้า""}
          -> ok
       ⚙  reply  text_ids=[3340]
     บอท ▸ [3340] disruptive_bye
            ขออภัยค่ะ หากยังไม่สะดวกคุยเรื่องบัญชีในตอนนี้ ดิฉันขออนุญาตติดต่อกลับใหม่ภายหลังนะคะ สวัสดีค่ะ"
nomoney100,NM-030,ถามย้อน,จ่ายยังไงล่ะ ในกระเป๋ามีอยู่ยี่สิบบาท,refused,ptp,fail,greet_verify disclose_balance offer_channel_only ptp_bye,"       ⚙  reply  text_ids=[1015]
     บอท ▸ [1015] greet_verify
            สวัสดีค่ะ ดิฉันติดต่อจากเอบีซี ไม่ทราบว่ากำลังเรียนสายอยู่กับคุณ สมมติ ทดสอบระบบ ใช่หรือไม่คะ
  ลูกค้า ▸ ใช่ครับ
       ⚙  verify_status
          -> ok
       ⚙  reply  text_ids=[1065]
     บอท ▸ [1065] disclose_balance
            ขอบคุณค่ะ เอบีซีขอเรียนแจ้งว่าสินเชื่อ ที่ลงท้ายด้วยเลข 1234 มียอดชำระขั้นต่ำ 3000 บาท ครบกำหนดวันที่ 2026-09-18 (Friday) ค่ะ ไม่ทราบว่าสะดวกชำระภายในวันนี้หรือไม่คะ
  ลูกค้า ▸ จ่ายยังไงล่ะ ในกระเป๋ามีอยู่ยี่สิบบาท
       ⚙  reply  text_ids=[2100]
     บอท ▸ [2100] offer_channel_only
            ชำระได้ที่แอปพลิเคชันของเอบีซี หรือที่สาขาค่ะ หากต้องการช่องทางเพิ่มเติม ติดต่อ [company_phone] ได้ค่ะ
  ลูกค้า ▸ ก็ตามที่บอกครับ
       ⚙  record_outcome  {""result"": ""ptp"", ""reason"": ""ptp"", ""remark"": ""ก็ตามที่บอกครับ""}
          -> ok
       ⚙  record_outcome  {""result"": ""ptp"", ""reason"": ""ptp"", ""remark"": ""ก็ตามที่บอกครับ""}
          -> call_already_closed
       ⚙  reply  text_ids=[1084]
     บอท ▸ [1084] ptp_bye
            ขอบคุณค่ะ เอบีซีได้บันทึกไว้เรียบร้อยแล้วค่ะ ขอบคุณที่สละเวลา สวัสดีค่ะ"
nomoney100,NM-031,ประชด,รวยมากเลยค่ะตอนนี้ รวยหนี้,refused,refused,pass,greet_verify disclose_balance convince contact_bank_bye,"       ⚙  reply  text_ids=[1015]
     บอท ▸ [1015] greet_verify
            สวัสดีค่ะ ดิฉันติดต่อจากเอบีซี ไม่ทราบว่ากำลังเรียนสายอยู่กับคุณ สมมติ ทดสอบระบบ ใช่หรือไม่คะ
  ลูกค้า ▸ ใช่ครับ
       ⚙  verify_status
          -> ok
       ⚙  reply  text_ids=[1065]
     บอท ▸ [1065] disclose_balance
            ขอบคุณค่ะ เอบีซีขอเรียนแจ้งว่าสินเชื่อ ที่ลงท้ายด้วยเลข 1234 มียอดชำระขั้นต่ำ 3000 บาท ครบกำหนดวันที่ 2026-09-18 (Friday) ค่ะ ไม่ทราบว่าสะดวกชำระภายในวันนี้หรือไม่คะ
  ลูกค้า ▸ รวยมากเลยค่ะตอนนี้ รวยหนี้
       ⚙  reply  text_ids=[1075]
     บอท ▸ [1075] convince
            เข้าใจค่ะ หากชำระขั้นต่ำ 3000 บาทภายในวันครบกำหนด จะช่วยรักษาประวัติการชำระไว้ได้ค่ะ ไม่ทราบว่าพอจะสะดวกหรือไม่คะ
  ลูกค้า ▸ ก็ตามที่บอกครับ
       ⚙  record_outcome  {""result"": ""refused"", ""reason"": ""refused"", ""remark"": ""ก็ตามที่บอกครับ""}
          -> ok
       ⚙  reply  text_ids=[1099]
     บอท ▸ [1099] contact_bank_bye
            หากมีข้อติดขัดประการใด โทรกลับมาปรึกษาเอบีซีได้ที่เบอร์ [company_phone] ค่ะ ขอบคุณค่ะ สวัสดีค่ะ"
nomoney100,NM-032,ประชด,เดี๋ยวถูกหวยก่อนนะ แล้วจะรีบจ่ายเลย,refused,ptp,fail,greet_verify disclose_balance faq_hold ask_clarify ptp_bye,"       ⚙  reply  text_ids=[1015]
     บอท ▸ [1015] greet_verify
            สวัสดีค่ะ ดิฉันติดต่อจากเอบีซี ไม่ทราบว่ากำลังเรียนสายอยู่กับคุณ สมมติ ทดสอบระบบ ใช่หรือไม่คะ
  ลูกค้า ▸ ใช่ครับ
       ⚙  verify_status
          -> ok
       ⚙  reply  text_ids=[1065]
     บอท ▸ [1065] disclose_balance
            ขอบคุณค่ะ เอบีซีขอเรียนแจ้งว่าสินเชื่อ ที่ลงท้ายด้วยเลข 1234 มียอดชำระขั้นต่ำ 3000 บาท ครบกำหนดวันที่ 2026-09-18 (Friday) ค่ะ ไม่ทราบว่าสะดวกชำระภายในวันนี้หรือไม่คะ
  ลูกค้า ▸ เดี๋ยวถูกหวยก่อนนะ แล้วจะรีบจ่ายเลย
       ⚙  reply  text_ids=[1750]
     บอท ▸ [1750] faq_hold
            ได้ค่ะ สะดวกแล้วแจ้งได้เลยนะคะ
  ลูกค้า ▸ ก็ตามที่บอกครับ
       ⚙  reply  text_ids=[3127]
     บอท ▸ [3127] ask_clarify
            ขออภัยค่ะ ดิฉันขอถามให้แน่ใจอีกครั้ง — หมายถึงชำระเรียบร้อยแล้ว หรือยังไม่สะดวกชำระคะ
  ลูกค้า ▸ ก็แบบนั้นแหละครับ
       ⚙  record_outcome  {""result"": ""ptp"", ""reason"": ""ptp"", ""remark"": ""ก็แบบนั้นแหละครับ""}
          -> ok
       ⚙  record_outcome  {""result"": ""ptp"", ""reason"": ""ptp"", ""remark"": ""ก็แบบนั้นแหละครับ""}
          -> call_already_closed
       ⚙  reply  text_ids=[1084]
     บอท ▸ [1084] ptp_bye
            ขอบคุณค่ะ เอบีซีได้บันทึกไว้เรียบร้อยแล้วค่ะ ขอบคุณที่สละเวลา สวัสดีค่ะ"
nomoney100,NM-033,ประชด,ได้เลย เดี๋ยวไปขุดทองมาให้,refused,ptp,fail,greet_verify disclose_balance ptp_bye,"       ⚙  reply  text_ids=[1015]
     บอท ▸ [1015] greet_verify
            สวัสดีค่ะ ดิฉันติดต่อจากเอบีซี ไม่ทราบว่ากำลังเรียนสายอยู่กับคุณ สมมติ ทดสอบระบบ ใช่หรือไม่คะ
  ลูกค้า ▸ ใช่ครับ
       ⚙  verify_status
          -> ok
       ⚙  reply  text_ids=[1065]
     บอท ▸ [1065] disclose_balance
            ขอบคุณค่ะ เอบีซีขอเรียนแจ้งว่าสินเชื่อ ที่ลงท้ายด้วยเลข 1234 มียอดชำระขั้นต่ำ 3000 บาท ครบกำหนดวันที่ 2026-09-18 (Friday) ค่ะ ไม่ทราบว่าสะดวกชำระภายในวันนี้หรือไม่คะ
  ลูกค้า ▸ ได้เลย เดี๋ยวไปขุดทองมาให้
       ⚙  record_outcome  {""result"": ""ptp"", ""reason"": ""ptp"", ""remark"": ""ได้เลย เดี๋ยวไปขุดทองมาให้""}
          -> ok
       ⚙  reply  text_ids=[1084]
     บอท ▸ [1084] ptp_bye
            ขอบคุณค่ะ เอบีซีได้บันทึกไว้เรียบร้อยแล้วค่ะ ขอบคุณที่สละเวลา สวัสดีค่ะ"
nomoney100,NM-034,ประชด,สบายมาก เงินเต็มกระเป๋าเลยครับ,refused,ptp,fail,greet_verify disclose_balance ptp_bye,"       ⚙  reply  text_ids=[1015]
     บอท ▸ [1015] greet_verify
            สวัสดีค่ะ ดิฉันติดต่อจากเอบีซี ไม่ทราบว่ากำลังเรียนสายอยู่กับคุณ สมมติ ทดสอบระบบ ใช่หรือไม่คะ
  ลูกค้า ▸ ใช่ครับ
       ⚙  verify_status
          -> ok
       ⚙  reply  text_ids=[1065]
     บอท ▸ [1065] disclose_balance
            ขอบคุณค่ะ เอบีซีขอเรียนแจ้งว่าสินเชื่อ ที่ลงท้ายด้วยเลข 1234 มียอดชำระขั้นต่ำ 3000 บาท ครบกำหนดวันที่ 2026-09-18 (Friday) ค่ะ ไม่ทราบว่าสะดวกชำระภายในวันนี้หรือไม่คะ
  ลูกค้า ▸ สบายมาก เงินเต็มกระเป๋าเลยครับ
       ⚙  record_outcome  {""result"": ""ptp"", ""reason"": ""ptp"", ""remark"": ""สบายมาก เงินเต็มกระเป๋าเลยครับ""}
          -> ok
       ⚙  reply  text_ids=[1084]
     บอท ▸ [1084] ptp_bye
            ขอบคุณค่ะ เอบีซีได้บันทึกไว้เรียบร้อยแล้วค่ะ ขอบคุณที่สละเวลา สวัสดีค่ะ"
nomoney100,NM-035,ประชด,จ่ายแน่นอน ชาติหน้าตอนบ่ายๆ,refused,ptp,fail,greet_verify disclose_balance ptp_bye,"       ⚙  reply  text_ids=[1015]
     บอท ▸ [1015] greet_verify
            สวัสดีค่ะ ดิฉันติดต่อจากเอบีซี ไม่ทราบว่ากำลังเรียนสายอยู่กับคุณ สมมติ ทดสอบระบบ ใช่หรือไม่คะ
  ลูกค้า ▸ ใช่ครับ
       ⚙  verify_status
          -> ok
       ⚙  reply  text_ids=[1065]
     บอท ▸ [1065] disclose_balance
            ขอบคุณค่ะ เอบีซีขอเรียนแจ้งว่าสินเชื่อ ที่ลงท้ายด้วยเลข 1234 มียอดชำระขั้นต่ำ 3000 บาท ครบกำหนดวันที่ 2026-09-18 (Friday) ค่ะ ไม่ทราบว่าสะดวกชำระภายในวันนี้หรือไม่คะ
  ลูกค้า ▸ จ่ายแน่นอน ชาติหน้าตอนบ่ายๆ
       ⚙  record_outcome  {""result"": ""ptp"", ""reason"": ""ptp"", ""remark"": ""จ่ายแน่นอน ชาติหน้าตอนบ่ายๆ""}
          -> ok
       ⚙  reply  text_ids=[1084]
     บอท ▸ [1084] ptp_bye
            ขอบคุณค่ะ เอบีซีได้บันทึกไว้เรียบร้อยแล้วค่ะ ขอบคุณที่สละเวลา สวัสดีค่ะ"
nomoney100,NM-036,ประชด,เงินตกจากฟ้าเมื่อไหร่ โอนให้ทันทีเลย,refused,to_verify,fail,greet_verify disclose_balance faq_due thank_paid_bye,"       ⚙  reply  text_ids=[1015]
     บอท ▸ [1015] greet_verify
            สวัสดีค่ะ ดิฉันติดต่อจากเอบีซี ไม่ทราบว่ากำลังเรียนสายอยู่กับคุณ สมมติ ทดสอบระบบ ใช่หรือไม่คะ
  ลูกค้า ▸ ใช่ครับ
       ⚙  verify_status
          -> ok
       ⚙  reply  text_ids=[1065]
     บอท ▸ [1065] disclose_balance
            ขอบคุณค่ะ เอบีซีขอเรียนแจ้งว่าสินเชื่อ ที่ลงท้ายด้วยเลข 1234 มียอดชำระขั้นต่ำ 3000 บาท ครบกำหนดวันที่ 2026-09-18 (Friday) ค่ะ ไม่ทราบว่าสะดวกชำระภายในวันนี้หรือไม่คะ
  ลูกค้า ▸ เงินตกจากฟ้าเมื่อไหร่ โอนให้ทันทีเลย
       ⚙  reply  text_ids=[2269]
     บอท ▸ [2269] faq_due
            กำหนดชำระคือวันที่ 2026-09-18 (Friday) ค่ะ
  ลูกค้า ▸ ก็ตามที่บอกครับ
       ⚙  record_outcome  {""result"": ""to_verify"", ""reason"": ""claims_paid"", ""remark"": ""ก็ตามที่บอกครับ""}
          -> ok
       ⚙  record_outcome  {""result"": ""to_verify"", ""reason"": ""claims_paid"", ""remark"": ""ก็ตามที่บอกครับ""}
          -> call_already_closed
       ⚙  reply  text_ids=[1092]
     บอท ▸ [1092] thank_paid_bye
            ขอบคุณค่ะ เอบีซีจะตรวจสอบรายการให้อีกครั้ง หากมีข้อสงสัยติดต่อได้ที่ [company_phone] ค่ะ สวัสดีค่ะ"
nomoney100,NM-037,ประชด,โอ๊ย เงินล้นมือเลยค่ะ ล้นจนไม่มีจะกิน,refused,to_verify,fail,greet_verify disclose_balance ask_clarify ptp_bye,"       ⚙  reply  text_ids=[1015]
     บอท ▸ [1015] greet_verify
            สวัสดีค่ะ ดิฉันติดต่อจากเอบีซี ไม่ทราบว่ากำลังเรียนสายอยู่กับคุณ สมมติ ทดสอบระบบ ใช่หรือไม่คะ
  ลูกค้า ▸ ใช่ครับ
       ⚙  verify_status
          -> ok
       ⚙  reply  text_ids=[1065]
     บอท ▸ [1065] disclose_balance
            ขอบคุณค่ะ เอบีซีขอเรียนแจ้งว่าสินเชื่อ ที่ลงท้ายด้วยเลข 1234 มียอดชำระขั้นต่ำ 3000 บาท ครบกำหนดวันที่ 2026-09-18 (Friday) ค่ะ ไม่ทราบว่าสะดวกชำระภายในวันนี้หรือไม่คะ
  ลูกค้า ▸ โอ๊ย เงินล้นมือเลยค่ะ ล้นจนไม่มีจะกิน
       ⚙  reply  text_ids=[3127]
     บอท ▸ [3127] ask_clarify
            ขออภัยค่ะ ดิฉันขอถามให้แน่ใจอีกครั้ง — หมายถึงชำระเรียบร้อยแล้ว หรือยังไม่สะดวกชำระคะ
  ลูกค้า ▸ ก็ตามที่บอกครับ
       ⚙  record_outcome  {""result"": ""to_verify"", ""reason"": ""claims_paid"", ""remark"": ""ก็ตามที่บอกครับ""}
          -> ok
       ⚙  record_outcome  {""result"": ""to_verify"", ""reason"": ""claims_paid"", ""remark"": ""ก็ตามที่บอกครับ""}
          -> call_already_closed"
nomoney100,NM-038,ประชด,อยากจ่ายมากเลย แต่กระเป๋าตังค์มันไม่อยาก,refused,refused,pass,greet_verify disclose_balance convince contact_bank_bye,"       ⚙  reply  text_ids=[1015]
     บอท ▸ [1015] greet_verify
            สวัสดีค่ะ ดิฉันติดต่อจากเอบีซี ไม่ทราบว่ากำลังเรียนสายอยู่กับคุณ สมมติ ทดสอบระบบ ใช่หรือไม่คะ
  ลูกค้า ▸ ใช่ครับ
       ⚙  verify_status
          -> ok
       ⚙  reply  text_ids=[1065]
     บอท ▸ [1065] disclose_balance
            ขอบคุณค่ะ เอบีซีขอเรียนแจ้งว่าสินเชื่อ ที่ลงท้ายด้วยเลข 1234 มียอดชำระขั้นต่ำ 3000 บาท ครบกำหนดวันที่ 2026-09-18 (Friday) ค่ะ ไม่ทราบว่าสะดวกชำระภายในวันนี้หรือไม่คะ
  ลูกค้า ▸ อยากจ่ายมากเลย แต่กระเป๋าตังค์มันไม่อยาก
       ⚙  reply  text_ids=[1075]
     บอท ▸ [1075] convince
            เข้าใจค่ะ หากชำระขั้นต่ำ 3000 บาทภายในวันครบกำหนด จะช่วยรักษาประวัติการชำระไว้ได้ค่ะ ไม่ทราบว่าพอจะสะดวกหรือไม่คะ
  ลูกค้า ▸ ก็ตามที่บอกครับ
       ⚙  record_outcome  {""result"": ""refused"", ""reason"": ""refused"", ""remark"": ""ก็ตามที่บอกครับ""}
          -> ok
       ⚙  reply  text_ids=[1099]
     บอท ▸ [1099] contact_bank_bye
            หากมีข้อติดขัดประการใด โทรกลับมาปรึกษาเอบีซีได้ที่เบอร์ [company_phone] ค่ะ ขอบคุณค่ะ สวัสดีค่ะ"
nomoney100,NM-039,ประชด,มีสิ มีแต่บิลเต็มบ้านเลย,refused,refused,pass,greet_verify disclose_balance convince contact_bank_bye,"       ⚙  reply  text_ids=[1015]
     บอท ▸ [1015] greet_verify
            สวัสดีค่ะ ดิฉันติดต่อจากเอบีซี ไม่ทราบว่ากำลังเรียนสายอยู่กับคุณ สมมติ ทดสอบระบบ ใช่หรือไม่คะ
  ลูกค้า ▸ ใช่ครับ
       ⚙  verify_status
          -> ok
       ⚙  reply  text_ids=[1065]
     บอท ▸ [1065] disclose_balance
            ขอบคุณค่ะ เอบีซีขอเรียนแจ้งว่าสินเชื่อ ที่ลงท้ายด้วยเลข 1234 มียอดชำระขั้นต่ำ 3000 บาท ครบกำหนดวันที่ 2026-09-18 (Friday) ค่ะ ไม่ทราบว่าสะดวกชำระภายในวันนี้หรือไม่คะ
  ลูกค้า ▸ มีสิ มีแต่บิลเต็มบ้านเลย
       ⚙  reply  text_ids=[1075]
     บอท ▸ [1075] convince
            เข้าใจค่ะ หากชำระขั้นต่ำ 3000 บาทภายในวันครบกำหนด จะช่วยรักษาประวัติการชำระไว้ได้ค่ะ ไม่ทราบว่าพอจะสะดวกหรือไม่คะ
  ลูกค้า ▸ ก็ตามที่บอกครับ
       ⚙  record_outcome  {""result"": ""refused"", ""reason"": ""refused"", ""remark"": ""ก็ตามที่บอกครับ""}
          -> ok
       ⚙  reply  text_ids=[1099]
     บอท ▸ [1099] contact_bank_bye
            หากมีข้อติดขัดประการใด โทรกลับมาปรึกษาเอบีซีได้ที่เบอร์ [company_phone] ค่ะ ขอบคุณค่ะ สวัสดีค่ะ"
nomoney100,NM-040,ประชด,เงินน่ะมีค่ะ มีแต่ในฝัน,refused,refused,pass,greet_verify disclose_balance convince contact_bank_bye,"       ⚙  reply  text_ids=[1015]
     บอท ▸ [1015] greet_verify
            สวัสดีค่ะ ดิฉันติดต่อจากเอบีซี ไม่ทราบว่ากำลังเรียนสายอยู่กับคุณ สมมติ ทดสอบระบบ ใช่หรือไม่คะ
  ลูกค้า ▸ ใช่ครับ
       ⚙  verify_status
          -> ok
       ⚙  reply  text_ids=[1065]
     บอท ▸ [1065] disclose_balance
            ขอบคุณค่ะ เอบีซีขอเรียนแจ้งว่าสินเชื่อ ที่ลงท้ายด้วยเลข 1234 มียอดชำระขั้นต่ำ 3000 บาท ครบกำหนดวันที่ 2026-09-18 (Friday) ค่ะ ไม่ทราบว่าสะดวกชำระภายในวันนี้หรือไม่คะ
  ลูกค้า ▸ เงินน่ะมีค่ะ มีแต่ในฝัน
       ⚙  reply  text_ids=[1075]
     บอท ▸ [1075] convince
            เข้าใจค่ะ หากชำระขั้นต่ำ 3000 บาทภายในวันครบกำหนด จะช่วยรักษาประวัติการชำระไว้ได้ค่ะ ไม่ทราบว่าพอจะสะดวกหรือไม่คะ
  ลูกค้า ▸ ก็ตามที่บอกครับ
       ⚙  record_outcome  {""result"": ""refused"", ""reason"": ""refused"", ""remark"": ""ก็ตามที่บอกครับ""}
          -> ok
       ⚙  reply  text_ids=[1099]
     บอท ▸ [1099] contact_bank_bye
            หากมีข้อติดขัดประการใด โทรกลับมาปรึกษาเอบีซีได้ที่เบอร์ [company_phone] ค่ะ ขอบคุณค่ะ สวัสดีค่ะ"
nomoney100,NM-041,ประชด,พร้อมจ่ายเลย ขาดอย่างเดียวคือเงิน,refused,refused,pass,greet_verify disclose_balance convince contact_bank_bye,"       ⚙  reply  text_ids=[1015]
     บอท ▸ [1015] greet_verify
            สวัสดีค่ะ ดิฉันติดต่อจากเอบีซี ไม่ทราบว่ากำลังเรียนสายอยู่กับคุณ สมมติ ทดสอบระบบ ใช่หรือไม่คะ
  ลูกค้า ▸ ใช่ครับ
       ⚙  verify_status
          -> ok
       ⚙  reply  text_ids=[1065]
     บอท ▸ [1065] disclose_balance
            ขอบคุณค่ะ เอบีซีขอเรียนแจ้งว่าสินเชื่อ ที่ลงท้ายด้วยเลข 1234 มียอดชำระขั้นต่ำ 3000 บาท ครบกำหนดวันที่ 2026-09-18 (Friday) ค่ะ ไม่ทราบว่าสะดวกชำระภายในวันนี้หรือไม่คะ
  ลูกค้า ▸ พร้อมจ่ายเลย ขาดอย่างเดียวคือเงิน
       ⚙  reply  text_ids=[1075]
     บอท ▸ [1075] convince
            เข้าใจค่ะ หากชำระขั้นต่ำ 3000 บาทภายในวันครบกำหนด จะช่วยรักษาประวัติการชำระไว้ได้ค่ะ ไม่ทราบว่าพอจะสะดวกหรือไม่คะ
  ลูกค้า ▸ ก็ตามที่บอกครับ
       ⚙  record_outcome  {""result"": ""refused"", ""reason"": ""refused"", ""remark"": ""ก็ตามที่บอกครับ""}
          -> ok
       ⚙  reply  text_ids=[1099]
     บอท ▸ [1099] contact_bank_bye
            หากมีข้อติดขัดประการใด โทรกลับมาปรึกษาเอบีซีได้ที่เบอร์ [company_phone] ค่ะ ขอบคุณค่ะ สวัสดีค่ะ"
nomoney100,NM-042,ประชด,จ่ายเต็มที่ค่ะ เต็มที่เท่าที่มี ซึ่งก็คือศูนย์,refused,refused,pass,greet_verify disclose_balance contact_bank_bye,"       ⚙  reply  text_ids=[1015]
     บอท ▸ [1015] greet_verify
            สวัสดีค่ะ ดิฉันติดต่อจากเอบีซี ไม่ทราบว่ากำลังเรียนสายอยู่กับคุณ สมมติ ทดสอบระบบ ใช่หรือไม่คะ
  ลูกค้า ▸ ใช่ครับ
       ⚙  verify_status
          -> ok
       ⚙  reply  text_ids=[1065]
     บอท ▸ [1065] disclose_balance
            ขอบคุณค่ะ เอบีซีขอเรียนแจ้งว่าสินเชื่อ ที่ลงท้ายด้วยเลข 1234 มียอดชำระขั้นต่ำ 3000 บาท ครบกำหนดวันที่ 2026-09-18 (Friday) ค่ะ ไม่ทราบว่าสะดวกชำระภายในวันนี้หรือไม่คะ
  ลูกค้า ▸ จ่ายเต็มที่ค่ะ เต็มที่เท่าที่มี ซึ่งก็คือศูนย์
       ⚙  record_outcome  {""result"": ""refused"", ""reason"": ""refused"", ""remark"": ""จ่ายเต็มที่ค่ะ เต็มที่เท่าที่มี ซึ่งก็คือศูนย์""}
          -> ok
       ⚙  reply  text_ids=[1099]
     บอท ▸ [1099] contact_bank_bye
            หากมีข้อติดขัดประการใด โทรกลับมาปรึกษาเอบีซีได้ที่เบอร์ [company_phone] ค่ะ ขอบคุณค่ะ สวัสดีค่ะ"
nomoney100,NM-043,ประชด,ได้ครับ เดี๋ยวเสกให้เลย,refused,ptp,fail,greet_verify disclose_balance ptp_bye,"       ⚙  reply  text_ids=[1015]
     บอท ▸ [1015] greet_verify
            สวัสดีค่ะ ดิฉันติดต่อจากเอบีซี ไม่ทราบว่ากำลังเรียนสายอยู่กับคุณ สมมติ ทดสอบระบบ ใช่หรือไม่คะ
  ลูกค้า ▸ ใช่ครับ
       ⚙  verify_status
          -> ok
       ⚙  reply  text_ids=[1065]
     บอท ▸ [1065] disclose_balance
            ขอบคุณค่ะ เอบีซีขอเรียนแจ้งว่าสินเชื่อ ที่ลงท้ายด้วยเลข 1234 มียอดชำระขั้นต่ำ 3000 บาท ครบกำหนดวันที่ 2026-09-18 (Friday) ค่ะ ไม่ทราบว่าสะดวกชำระภายในวันนี้หรือไม่คะ
  ลูกค้า ▸ ได้ครับ เดี๋ยวเสกให้เลย
       ⚙  record_outcome  {""result"": ""ptp"", ""reason"": ""ptp"", ""remark"": ""ได้ครับ เดี๋ยวเสกให้เลย""}
          -> ok
       ⚙  reply  text_ids=[1084]
     บอท ▸ [1084] ptp_bye
            ขอบคุณค่ะ เอบีซีได้บันทึกไว้เรียบร้อยแล้วค่ะ ขอบคุณที่สละเวลา สวัสดีค่ะ"
nomoney100,NM-044,ประชด,ยึดไปเลย ยึดได้แต่ความจนนะ,refused,refused,pass,greet_verify disclose_balance contact_bank_bye,"       ⚙  reply  text_ids=[1015]
     บอท ▸ [1015] greet_verify
            สวัสดีค่ะ ดิฉันติดต่อจากเอบีซี ไม่ทราบว่ากำลังเรียนสายอยู่กับคุณ สมมติ ทดสอบระบบ ใช่หรือไม่คะ
  ลูกค้า ▸ ใช่ครับ
       ⚙  verify_status
          -> ok
       ⚙  reply  text_ids=[1065]
     บอท ▸ [1065] disclose_balance
            ขอบคุณค่ะ เอบีซีขอเรียนแจ้งว่าสินเชื่อ ที่ลงท้ายด้วยเลข 1234 มียอดชำระขั้นต่ำ 3000 บาท ครบกำหนดวันที่ 2026-09-18 (Friday) ค่ะ ไม่ทราบว่าสะดวกชำระภายในวันนี้หรือไม่คะ
  ลูกค้า ▸ ยึดไปเลย ยึดได้แต่ความจนนะ
       ⚙  record_outcome  {""result"": ""refused"", ""reason"": ""refused"", ""remark"": ""ยึดไปเลย ยึดได้แต่ความจนนะ""}
          -> ok
       ⚙  reply  text_ids=[1099]
     บอท ▸ [1099] contact_bank_bye
            หากมีข้อติดขัดประการใด โทรกลับมาปรึกษาเอบีซีได้ที่เบอร์ [company_phone] ค่ะ ขอบคุณค่ะ สวัสดีค่ะ"
nomoney100,NM-045,ประชด,ไม่มีปัญหาเลยครับ ปัญหาเดียวคือไม่มีตัง,refused,refused,pass,greet_verify disclose_balance convince contact_bank_bye,"       ⚙  reply  text_ids=[1015]
     บอท ▸ [1015] greet_verify
            สวัสดีค่ะ ดิฉันติดต่อจากเอบีซี ไม่ทราบว่ากำลังเรียนสายอยู่กับคุณ สมมติ ทดสอบระบบ ใช่หรือไม่คะ
  ลูกค้า ▸ ใช่ครับ
       ⚙  verify_status
          -> ok
       ⚙  reply  text_ids=[1065]
     บอท ▸ [1065] disclose_balance
            ขอบคุณค่ะ เอบีซีขอเรียนแจ้งว่าสินเชื่อ ที่ลงท้ายด้วยเลข 1234 มียอดชำระขั้นต่ำ 3000 บาท ครบกำหนดวันที่ 2026-09-18 (Friday) ค่ะ ไม่ทราบว่าสะดวกชำระภายในวันนี้หรือไม่คะ
  ลูกค้า ▸ ไม่มีปัญหาเลยครับ ปัญหาเดียวคือไม่มีตัง
       ⚙  reply  text_ids=[1075]
     บอท ▸ [1075] convince
            เข้าใจค่ะ หากชำระขั้นต่ำ 3000 บาทภายในวันครบกำหนด จะช่วยรักษาประวัติการชำระไว้ได้ค่ะ ไม่ทราบว่าพอจะสะดวกหรือไม่คะ
  ลูกค้า ▸ ก็ตามที่บอกครับ
       ⚙  record_outcome  {""result"": ""refused"", ""reason"": ""refused"", ""remark"": ""ก็ตามที่บอกครับ""}
          -> ok
       ⚙  reply  text_ids=[1099]
     บอท ▸ [1099] contact_bank_bye
            หากมีข้อติดขัดประการใด โทรกลับมาปรึกษาเอบีซีได้ที่เบอร์ [company_phone] ค่ะ ขอบคุณค่ะ สวัสดีค่ะ"
nomoney100,NM-046,มีคำว่าจ่ายแล้ว,จ่ายไปหมดแล้วค่ะ ค่าเทอมลูก ค่าเช่าบ้าน ไม่เหลือเลย,refused,to_verify,fail,greet_verify disclose_balance confirm_paid thank_paid_bye,"       ⚙  reply  text_ids=[1015]
     บอท ▸ [1015] greet_verify
            สวัสดีค่ะ ดิฉันติดต่อจากเอบีซี ไม่ทราบว่ากำลังเรียนสายอยู่กับคุณ สมมติ ทดสอบระบบ ใช่หรือไม่คะ
  ลูกค้า ▸ ใช่ครับ
       ⚙  verify_status
          -> ok
       ⚙  reply  text_ids=[1065]
     บอท ▸ [1065] disclose_balance
            ขอบคุณค่ะ เอบีซีขอเรียนแจ้งว่าสินเชื่อ ที่ลงท้ายด้วยเลข 1234 มียอดชำระขั้นต่ำ 3000 บาท ครบกำหนดวันที่ 2026-09-18 (Friday) ค่ะ ไม่ทราบว่าสะดวกชำระภายในวันนี้หรือไม่คะ
  ลูกค้า ▸ จ่ายไปหมดแล้วค่ะ ค่าเทอมลูก ค่าเช่าบ้าน ไม่เหลือเลย
       ⚙  reply  text_ids=[2752]
     บอท ▸ [2752] confirm_paid
            ขอยืนยันนะคะ คุณลูกค้าได้ชำระยอดนี้เรียบร้อยแล้วใช่หรือไม่คะ
  ลูกค้า ▸ ก็ตามที่บอกครับ
       ⚙  record_outcome  {""result"": ""to_verify"", ""reason"": ""claims_paid"", ""remark"": ""ก็ตามที่บอกครับ""}
          -> ok
       ⚙  reply  text_ids=[1092]
     บอท ▸ [1092] thank_paid_bye
            ขอบคุณค่ะ เอบีซีจะตรวจสอบรายการให้อีกครั้ง หากมีข้อสงสัยติดต่อได้ที่ [company_phone] ค่ะ สวัสดีค่ะ"
nomoney100,NM-047,มีคำว่าจ่ายแล้ว,เงินเดือนออกมาก็จ่ายหมดแล้ว จ่ายที่อื่นน่ะ,refused,ptp,fail,greet_verify disclose_balance offer_channel_only ptp_bye,"       ⚙  reply  text_ids=[1015]
     บอท ▸ [1015] greet_verify
            สวัสดีค่ะ ดิฉันติดต่อจากเอบีซี ไม่ทราบว่ากำลังเรียนสายอยู่กับคุณ สมมติ ทดสอบระบบ ใช่หรือไม่คะ
  ลูกค้า ▸ ใช่ครับ
       ⚙  verify_status
          -> ok
       ⚙  reply  text_ids=[1065]
     บอท ▸ [1065] disclose_balance
            ขอบคุณค่ะ เอบีซีขอเรียนแจ้งว่าสินเชื่อ ที่ลงท้ายด้วยเลข 1234 มียอดชำระขั้นต่ำ 3000 บาท ครบกำหนดวันที่ 2026-09-18 (Friday) ค่ะ ไม่ทราบว่าสะดวกชำระภายในวันนี้หรือไม่คะ
  ลูกค้า ▸ เงินเดือนออกมาก็จ่ายหมดแล้ว จ่ายที่อื่นน่ะ
       ⚙  reply  text_ids=[2100]
     บอท ▸ [2100] offer_channel_only
            ชำระได้ที่แอปพลิเคชันของเอบีซี หรือที่สาขาค่ะ หากต้องการช่องทางเพิ่มเติม ติดต่อ [company_phone] ได้ค่ะ
  ลูกค้า ▸ ก็ตามที่บอกครับ
       ⚙  record_outcome  {""result"": ""ptp"", ""reason"": ""ptp"", ""remark"": ""ก็ตามที่บอกครับ""}
          -> ok
       ⚙  record_outcome  {""result"": ""ptp"", ""reason"": ""ptp"", ""remark"": ""ก็ตามที่บอกครับ""}
          -> call_already_closed
       ⚙  reply  text_ids=[1084]
     บอท ▸ [1084] ptp_bye
            ขอบคุณค่ะ เอบีซีได้บันทึกไว้เรียบร้อยแล้วค่ะ ขอบคุณที่สละเวลา สวัสดีค่ะ"
nomoney100,NM-048,มีคำว่าจ่ายแล้ว,จ่ายแล้วค่ะ จ่ายค่าหมอแม่ไปหมด,refused,to_verify,fail,greet_verify disclose_balance confirm_paid thank_paid_bye,"       ⚙  reply  text_ids=[1015]
     บอท ▸ [1015] greet_verify
            สวัสดีค่ะ ดิฉันติดต่อจากเอบีซี ไม่ทราบว่ากำลังเรียนสายอยู่กับคุณ สมมติ ทดสอบระบบ ใช่หรือไม่คะ
  ลูกค้า ▸ ใช่ครับ
       ⚙  verify_status
          -> ok
       ⚙  reply  text_ids=[1065]
     บอท ▸ [1065] disclose_balance
            ขอบคุณค่ะ เอบีซีขอเรียนแจ้งว่าสินเชื่อ ที่ลงท้ายด้วยเลข 1234 มียอดชำระขั้นต่ำ 3000 บาท ครบกำหนดวันที่ 2026-09-18 (Friday) ค่ะ ไม่ทราบว่าสะดวกชำระภายในวันนี้หรือไม่คะ
  ลูกค้า ▸ จ่ายแล้วค่ะ จ่ายค่าหมอแม่ไปหมด
       ⚙  reply  text_ids=[2752]
     บอท ▸ [2752] confirm_paid
            ขอยืนยันนะคะ คุณลูกค้าได้ชำระยอดนี้เรียบร้อยแล้วใช่หรือไม่คะ
  ลูกค้า ▸ ก็ตามที่บอกครับ
       ⚙  record_outcome  {""result"": ""to_verify"", ""reason"": ""claims_paid"", ""remark"": ""ก็ตามที่บอกครับ""}
          -> ok
       ⚙  reply  text_ids=[1092]
     บอท ▸ [1092] thank_paid_bye
            ขอบคุณค่ะ เอบีซีจะตรวจสอบรายการให้อีกครั้ง หากมีข้อสงสัยติดต่อได้ที่ [company_phone] ค่ะ สวัสดีค่ะ"
nomoney100,NM-049,มีคำว่าจ่ายแล้ว,หมดแล้วครับ ไม่เหลือเลย,refused,refused,pass,greet_verify disclose_balance contact_bank_bye,"       ⚙  reply  text_ids=[1015]
     บอท ▸ [1015] greet_verify
            สวัสดีค่ะ ดิฉันติดต่อจากเอบีซี ไม่ทราบว่ากำลังเรียนสายอยู่กับคุณ สมมติ ทดสอบระบบ ใช่หรือไม่คะ
  ลูกค้า ▸ ใช่ครับ
       ⚙  verify_status
          -> ok
       ⚙  reply  text_ids=[1065]
     บอท ▸ [1065] disclose_balance
            ขอบคุณค่ะ เอบีซีขอเรียนแจ้งว่าสินเชื่อ ที่ลงท้ายด้วยเลข 1234 มียอดชำระขั้นต่ำ 3000 บาท ครบกำหนดวันที่ 2026-09-18 (Friday) ค่ะ ไม่ทราบว่าสะดวกชำระภายในวันนี้หรือไม่คะ
  ลูกค้า ▸ หมดแล้วครับ ไม่เหลือเลย
       ⚙  record_outcome  {""result"": ""refused"", ""reason"": ""refused"", ""remark"": ""หมดแล้วครับ ไม่เหลือเลย""}
          -> ok
       ⚙  reply  text_ids=[1099]
     บอท ▸ [1099] contact_bank_bye
            หากมีข้อติดขัดประการใด โทรกลับมาปรึกษาเอบีซีได้ที่เบอร์ [company_phone] ค่ะ ขอบคุณค่ะ สวัสดีค่ะ"
nomoney100,NM-050,มีคำว่าจ่ายแล้ว,โอนไปหมดแล้ว ให้ทางบ้านต่างจังหวัด,refused,to_verify,fail,greet_verify disclose_balance thank_paid_bye,"       ⚙  reply  text_ids=[1015]
     บอท ▸ [1015] greet_verify
            สวัสดีค่ะ ดิฉันติดต่อจากเอบีซี ไม่ทราบว่ากำลังเรียนสายอยู่กับคุณ สมมติ ทดสอบระบบ ใช่หรือไม่คะ
  ลูกค้า ▸ ใช่ครับ
       ⚙  verify_status
          -> ok
       ⚙  reply  text_ids=[1065]
     บอท ▸ [1065] disclose_balance
            ขอบคุณค่ะ เอบีซีขอเรียนแจ้งว่าสินเชื่อ ที่ลงท้ายด้วยเลข 1234 มียอดชำระขั้นต่ำ 3000 บาท ครบกำหนดวันที่ 2026-09-18 (Friday) ค่ะ ไม่ทราบว่าสะดวกชำระภายในวันนี้หรือไม่คะ
  ลูกค้า ▸ โอนไปหมดแล้ว ให้ทางบ้านต่างจังหวัด
       ⚙  record_outcome  {""result"": ""to_verify"", ""reason"": ""claims_paid"", ""remark"": ""โอนไปหมดแล้ว ให้ทางบ้านต่างจังหวัด""}
          -> ok
       ⚙  reply  text_ids=[1092]
     บอท ▸ [1092] thank_paid_bye
            ขอบคุณค่ะ เอบีซีจะตรวจสอบรายการให้อีกครั้ง หากมีข้อสงสัยติดต่อได้ที่ [company_phone] ค่ะ สวัสดีค่ะ"
nomoney100,NM-051,มีคำว่าจ่ายแล้ว,เดือนนี้จ่ายอย่างอื่นไปแล้ว ไม่เหลือมาจ่ายตรงนี้,refused,refused,pass,greet_verify disclose_balance convince contact_bank_bye,"       ⚙  reply  text_ids=[1015]
     บอท ▸ [1015] greet_verify
            สวัสดีค่ะ ดิฉันติดต่อจากเอบีซี ไม่ทราบว่ากำลังเรียนสายอยู่กับคุณ สมมติ ทดสอบระบบ ใช่หรือไม่คะ
  ลูกค้า ▸ ใช่ครับ
       ⚙  verify_status
          -> ok
       ⚙  reply  text_ids=[1065]
     บอท ▸ [1065] disclose_balance
            ขอบคุณค่ะ เอบีซีขอเรียนแจ้งว่าสินเชื่อ ที่ลงท้ายด้วยเลข 1234 มียอดชำระขั้นต่ำ 3000 บาท ครบกำหนดวันที่ 2026-09-18 (Friday) ค่ะ ไม่ทราบว่าสะดวกชำระภายในวันนี้หรือไม่คะ
  ลูกค้า ▸ เดือนนี้จ่ายอย่างอื่นไปแล้ว ไม่เหลือมาจ่ายตรงนี้
       ⚙  reply  text_ids=[1075]
     บอท ▸ [1075] convince
            เข้าใจค่ะ หากชำระขั้นต่ำ 3000 บาทภายในวันครบกำหนด จะช่วยรักษาประวัติการชำระไว้ได้ค่ะ ไม่ทราบว่าพอจะสะดวกหรือไม่คะ
  ลูกค้า ▸ ก็ตามที่บอกครับ
       ⚙  record_outcome  {""result"": ""refused"", ""reason"": ""refused"", ""remark"": ""ก็ตามที่บอกครับ""}
          -> ok
       ⚙  reply  text_ids=[1099]
     บอท ▸ [1099] contact_bank_bye
            หากมีข้อติดขัดประการใด โทรกลับมาปรึกษาเอบีซีได้ที่เบอร์ [company_phone] ค่ะ ขอบคุณค่ะ สวัสดีค่ะ"
nomoney100,NM-052,มีคำว่าจ่ายแล้ว,บัตรทุกใบเต็มวงเงินหมดแล้วครับ,refused,refused,pass,greet_verify disclose_balance convince contact_bank_bye,"       ⚙  reply  text_ids=[1015]
     บอท ▸ [1015] greet_verify
            สวัสดีค่ะ ดิฉันติดต่อจากเอบีซี ไม่ทราบว่ากำลังเรียนสายอยู่กับคุณ สมมติ ทดสอบระบบ ใช่หรือไม่คะ
  ลูกค้า ▸ ใช่ครับ
       ⚙  verify_status
          -> ok
       ⚙  reply  text_ids=[1065]
     บอท ▸ [1065] disclose_balance
            ขอบคุณค่ะ เอบีซีขอเรียนแจ้งว่าสินเชื่อ ที่ลงท้ายด้วยเลข 1234 มียอดชำระขั้นต่ำ 3000 บาท ครบกำหนดวันที่ 2026-09-18 (Friday) ค่ะ ไม่ทราบว่าสะดวกชำระภายในวันนี้หรือไม่คะ
  ลูกค้า ▸ บัตรทุกใบเต็มวงเงินหมดแล้วครับ
       ⚙  reply  text_ids=[1075]
     บอท ▸ [1075] convince
            เข้าใจค่ะ หากชำระขั้นต่ำ 3000 บาทภายในวันครบกำหนด จะช่วยรักษาประวัติการชำระไว้ได้ค่ะ ไม่ทราบว่าพอจะสะดวกหรือไม่คะ
  ลูกค้า ▸ ก็ตามที่บอกครับ
       ⚙  record_outcome  {""result"": ""refused"", ""reason"": ""refused"", ""remark"": ""ก็ตามที่บอกครับ""}
          -> ok
       ⚙  reply  text_ids=[1099]
     บอท ▸ [1099] contact_bank_bye
            หากมีข้อติดขัดประการใด โทรกลับมาปรึกษาเอบีซีได้ที่เบอร์ [company_phone] ค่ะ ขอบคุณค่ะ สวัสดีค่ะ"
nomoney100,NM-053,มีคำว่าจ่ายแล้ว,มีเท่าไหร่ก็จ่ายไปหมดแล้ว,refused,to_verify,fail,greet_verify disclose_balance ask_clarify ptp_bye,"       ⚙  reply  text_ids=[1015]
     บอท ▸ [1015] greet_verify
            สวัสดีค่ะ ดิฉันติดต่อจากเอบีซี ไม่ทราบว่ากำลังเรียนสายอยู่กับคุณ สมมติ ทดสอบระบบ ใช่หรือไม่คะ
  ลูกค้า ▸ ใช่ครับ
       ⚙  verify_status
          -> ok
       ⚙  reply  text_ids=[1065]
     บอท ▸ [1065] disclose_balance
            ขอบคุณค่ะ เอบีซีขอเรียนแจ้งว่าสินเชื่อ ที่ลงท้ายด้วยเลข 1234 มียอดชำระขั้นต่ำ 3000 บาท ครบกำหนดวันที่ 2026-09-18 (Friday) ค่ะ ไม่ทราบว่าสะดวกชำระภายในวันนี้หรือไม่คะ
  ลูกค้า ▸ มีเท่าไหร่ก็จ่ายไปหมดแล้ว
       ⚙  reply  text_ids=[3127]
     บอท ▸ [3127] ask_clarify
            ขออภัยค่ะ ดิฉันขอถามให้แน่ใจอีกครั้ง — หมายถึงชำระเรียบร้อยแล้ว หรือยังไม่สะดวกชำระคะ
  ลูกค้า ▸ ก็ตามที่บอกครับ
       ⚙  record_outcome  {""result"": ""to_verify"", ""reason"": ""claims_paid"", ""remark"": ""ก็ตามที่บอกครับ""}
          -> ok
       ⚙  record_outcome  {""result"": ""to_verify"", ""reason"": ""claims_paid"", ""remark"": ""ก็ตามที่บอกครับ""}
          -> call_already_closed"
nomoney100,NM-054,มีคำว่าจ่ายแล้ว,เคลียร์ที่อื่นไปก่อนแล้ว ตรงนี้ยังไม่ไหวค่ะ,refused,to_verify,fail,greet_verify disclose_balance verify_claim_bye,"       ⚙  reply  text_ids=[1015]
     บอท ▸ [1015] greet_verify
            สวัสดีค่ะ ดิฉันติดต่อจากเอบีซี ไม่ทราบว่ากำลังเรียนสายอยู่กับคุณ สมมติ ทดสอบระบบ ใช่หรือไม่คะ
  ลูกค้า ▸ ใช่ครับ
       ⚙  verify_status
          -> ok
       ⚙  reply  text_ids=[1065]
     บอท ▸ [1065] disclose_balance
            ขอบคุณค่ะ เอบีซีขอเรียนแจ้งว่าสินเชื่อ ที่ลงท้ายด้วยเลข 1234 มียอดชำระขั้นต่ำ 3000 บาท ครบกำหนดวันที่ 2026-09-18 (Friday) ค่ะ ไม่ทราบว่าสะดวกชำระภายในวันนี้หรือไม่คะ
  ลูกค้า ▸ เคลียร์ที่อื่นไปก่อนแล้ว ตรงนี้ยังไม่ไหวค่ะ
       ⚙  record_outcome  {""result"": ""to_verify"", ""reason"": ""claim_to_verify"", ""remark"": ""เคลียร์ที่อื่นไปก่อนแล้ว ตรงนี้ยังไม่ไหวค่ะ""}
          -> ok
       ⚙  reply  text_ids=[3199]
     บอท ▸ [3199] verify_claim_bye
            รับทราบค่ะ ดิฉันขออนุญาตตรวจสอบกับระบบก่อน แล้วจะติดต่อกลับนะคะ ขอบคุณค่ะ สวัสดีค่ะ"
nomoney100,NM-055,มีคำว่าจ่ายแล้ว,จ่ายค่างวดรถไปแล้วก็หมดตัวเลย,refused,refused,pass,greet_verify disclose_balance convince contact_bank_bye,"       ⚙  reply  text_ids=[1015]
     บอท ▸ [1015] greet_verify
            สวัสดีค่ะ ดิฉันติดต่อจากเอบีซี ไม่ทราบว่ากำลังเรียนสายอยู่กับคุณ สมมติ ทดสอบระบบ ใช่หรือไม่คะ
  ลูกค้า ▸ ใช่ครับ
       ⚙  verify_status
          -> ok
       ⚙  reply  text_ids=[1065]
     บอท ▸ [1065] disclose_balance
            ขอบคุณค่ะ เอบีซีขอเรียนแจ้งว่าสินเชื่อ ที่ลงท้ายด้วยเลข 1234 มียอดชำระขั้นต่ำ 3000 บาท ครบกำหนดวันที่ 2026-09-18 (Friday) ค่ะ ไม่ทราบว่าสะดวกชำระภายในวันนี้หรือไม่คะ
  ลูกค้า ▸ จ่ายค่างวดรถไปแล้วก็หมดตัวเลย
       ⚙  reply  text_ids=[1075]
     บอท ▸ [1075] convince
            เข้าใจค่ะ หากชำระขั้นต่ำ 3000 บาทภายในวันครบกำหนด จะช่วยรักษาประวัติการชำระไว้ได้ค่ะ ไม่ทราบว่าพอจะสะดวกหรือไม่คะ
  ลูกค้า ▸ ก็ตามที่บอกครับ
       ⚙  record_outcome  {""result"": ""refused"", ""reason"": ""refused"", ""remark"": ""ก็ตามที่บอกครับ""}
          -> ok
       ⚙  reply  text_ids=[1099]
     บอท ▸ [1099] contact_bank_bye
            หากมีข้อติดขัดประการใด โทรกลับมาปรึกษาเอบีซีได้ที่เบอร์ [company_phone] ค่ะ ขอบคุณค่ะ สวัสดีค่ะ"
nomoney100,NM-056,มีคำว่าจ่ายแล้ว,เงินเข้ามาก็ออกหมดแล้วค่ะ,refused,to_verify,fail,greet_verify disclose_balance confirm_paid thank_paid_bye,"       ⚙  reply  text_ids=[1015]
     บอท ▸ [1015] greet_verify
            สวัสดีค่ะ ดิฉันติดต่อจากเอบีซี ไม่ทราบว่ากำลังเรียนสายอยู่กับคุณ สมมติ ทดสอบระบบ ใช่หรือไม่คะ
  ลูกค้า ▸ ใช่ครับ
       ⚙  verify_status
          -> ok
       ⚙  reply  text_ids=[1065]
     บอท ▸ [1065] disclose_balance
            ขอบคุณค่ะ เอบีซีขอเรียนแจ้งว่าสินเชื่อ ที่ลงท้ายด้วยเลข 1234 มียอดชำระขั้นต่ำ 3000 บาท ครบกำหนดวันที่ 2026-09-18 (Friday) ค่ะ ไม่ทราบว่าสะดวกชำระภายในวันนี้หรือไม่คะ
  ลูกค้า ▸ เงินเข้ามาก็ออกหมดแล้วค่ะ
       ⚙  reply  text_ids=[2752]
     บอท ▸ [2752] confirm_paid
            ขอยืนยันนะคะ คุณลูกค้าได้ชำระยอดนี้เรียบร้อยแล้วใช่หรือไม่คะ
  ลูกค้า ▸ ก็ตามที่บอกครับ
       ⚙  record_outcome  {""result"": ""to_verify"", ""reason"": ""claims_paid"", ""remark"": ""ก็ตามที่บอกครับ""}
          -> ok
       ⚙  reply  text_ids=[1092]
     บอท ▸ [1092] thank_paid_bye
            ขอบคุณค่ะ เอบีซีจะตรวจสอบรายการให้อีกครั้ง หากมีข้อสงสัยติดต่อได้ที่ [company_phone] ค่ะ สวัสดีค่ะ"
nomoney100,NM-057,มีคำว่าจ่ายแล้ว,จ่ายหนี้ก้อนอื่นไปแล้ว เหลือไม่ถึงร้อย,refused,disruptive,fail,greet_verify disclose_balance ask_clarify ask_clarify disruptive_bye,"       ⚙  reply  text_ids=[1015]
     บอท ▸ [1015] greet_verify
            สวัสดีค่ะ ดิฉันติดต่อจากเอบีซี ไม่ทราบว่ากำลังเรียนสายอยู่กับคุณ สมมติ ทดสอบระบบ ใช่หรือไม่คะ
  ลูกค้า ▸ ใช่ครับ
       ⚙  verify_status
          -> ok
       ⚙  reply  text_ids=[1065]
     บอท ▸ [1065] disclose_balance
            ขอบคุณค่ะ เอบีซีขอเรียนแจ้งว่าสินเชื่อ ที่ลงท้ายด้วยเลข 1234 มียอดชำระขั้นต่ำ 3000 บาท ครบกำหนดวันที่ 2026-09-18 (Friday) ค่ะ ไม่ทราบว่าสะดวกชำระภายในวันนี้หรือไม่คะ
  ลูกค้า ▸ จ่ายหนี้ก้อนอื่นไปแล้ว เหลือไม่ถึงร้อย
       ⚙  reply  text_ids=[3127]
     บอท ▸ [3127] ask_clarify
            ขออภัยค่ะ ดิฉันขอถามให้แน่ใจอีกครั้ง — หมายถึงชำระเรียบร้อยแล้ว หรือยังไม่สะดวกชำระคะ
  ลูกค้า ▸ ก็ตามที่บอกครับ
       ⚙  reply  text_ids=[3127]
     บอท ▸ [3127] ask_clarify
            ขออภัยค่ะ ดิฉันขอถามให้แน่ใจอีกครั้ง — หมายถึงชำระเรียบร้อยแล้ว หรือยังไม่สะดวกชำระคะ
  ลูกค้า ▸ ก็แบบนั้นแหละครับ
       ⚙  record_outcome  {""result"": ""disruptive"", ""reason"": ""off_topic_persist"", ""remark"": ""ปิดสายอัตโนมัติ: บทสนทนาไม่คืบหน้า""}
          -> ok
       ⚙  reply  text_ids=[3340]
     บอท ▸ [3340] disruptive_bye
            ขออภัยค่ะ หากยังไม่สะดวกคุยเรื่องบัญชีในตอนนี้ ดิฉันขออนุญาตติดต่อกลับใหม่ภายหลังนะคะ สวัสดีค่ะ"
nomoney100,NM-058,มีคำว่าจ่ายแล้ว,ที่มีอยู่ใช้ไปหมดแล้วกับค่ารักษา,refused,refused,pass,greet_verify disclose_balance convince contact_bank_bye,"       ⚙  reply  text_ids=[1015]
     บอท ▸ [1015] greet_verify
            สวัสดีค่ะ ดิฉันติดต่อจากเอบีซี ไม่ทราบว่ากำลังเรียนสายอยู่กับคุณ สมมติ ทดสอบระบบ ใช่หรือไม่คะ
  ลูกค้า ▸ ใช่ครับ
       ⚙  verify_status
          -> ok
       ⚙  reply  text_ids=[1065]
     บอท ▸ [1065] disclose_balance
            ขอบคุณค่ะ เอบีซีขอเรียนแจ้งว่าสินเชื่อ ที่ลงท้ายด้วยเลข 1234 มียอดชำระขั้นต่ำ 3000 บาท ครบกำหนดวันที่ 2026-09-18 (Friday) ค่ะ ไม่ทราบว่าสะดวกชำระภายในวันนี้หรือไม่คะ
  ลูกค้า ▸ ที่มีอยู่ใช้ไปหมดแล้วกับค่ารักษา
       ⚙  reply  text_ids=[1075]
     บอท ▸ [1075] convince
            เข้าใจค่ะ หากชำระขั้นต่ำ 3000 บาทภายในวันครบกำหนด จะช่วยรักษาประวัติการชำระไว้ได้ค่ะ ไม่ทราบว่าพอจะสะดวกหรือไม่คะ
  ลูกค้า ▸ ก็ตามที่บอกครับ
       ⚙  record_outcome  {""result"": ""refused"", ""reason"": ""refused"", ""remark"": ""ก็ตามที่บอกครับ""}
          -> ok
       ⚙  reply  text_ids=[1099]
     บอท ▸ [1099] contact_bank_bye
            หากมีข้อติดขัดประการใด โทรกลับมาปรึกษาเอบีซีได้ที่เบอร์ [company_phone] ค่ะ ขอบคุณค่ะ สวัสดีค่ะ"
nomoney100,NM-059,มีคำว่าจ่ายแล้ว,ตัดไปหมดแล้ว ทั้งค่าน้ำค่าไฟ บัญชีเหลือศูนย์,refused,refused,pass,greet_verify disclose_balance convince contact_bank_bye,"       ⚙  reply  text_ids=[1015]
     บอท ▸ [1015] greet_verify
            สวัสดีค่ะ ดิฉันติดต่อจากเอบีซี ไม่ทราบว่ากำลังเรียนสายอยู่กับคุณ สมมติ ทดสอบระบบ ใช่หรือไม่คะ
  ลูกค้า ▸ ใช่ครับ
       ⚙  verify_status
          -> ok
       ⚙  reply  text_ids=[1065]
     บอท ▸ [1065] disclose_balance
            ขอบคุณค่ะ เอบีซีขอเรียนแจ้งว่าสินเชื่อ ที่ลงท้ายด้วยเลข 1234 มียอดชำระขั้นต่ำ 3000 บาท ครบกำหนดวันที่ 2026-09-18 (Friday) ค่ะ ไม่ทราบว่าสะดวกชำระภายในวันนี้หรือไม่คะ
  ลูกค้า ▸ ตัดไปหมดแล้ว ทั้งค่าน้ำค่าไฟ บัญชีเหลือศูนย์
       ⚙  reply  text_ids=[1075]
     บอท ▸ [1075] convince
            เข้าใจค่ะ หากชำระขั้นต่ำ 3000 บาทภายในวันครบกำหนด จะช่วยรักษาประวัติการชำระไว้ได้ค่ะ ไม่ทราบว่าพอจะสะดวกหรือไม่คะ
  ลูกค้า ▸ ก็ตามที่บอกครับ
       ⚙  record_outcome  {""result"": ""refused"", ""reason"": ""refused"", ""remark"": ""ก็ตามที่บอกครับ""}
          -> ok
       ⚙  reply  text_ids=[1099]
     บอท ▸ [1099] contact_bank_bye
            หากมีข้อติดขัดประการใด โทรกลับมาปรึกษาเอบีซีได้ที่เบอร์ [company_phone] ค่ะ ขอบคุณค่ะ สวัสดีค่ะ"
nomoney100,NM-060,มีคำว่าจ่ายแล้ว,จ่ายไปแล้วเมื่อวาน ค่าหอ ตอนนี้เหลือไม่พอกินข้าว,refused,to_verify,fail,greet_verify disclose_balance ask_clarify thank_paid_bye,"       ⚙  reply  text_ids=[1015]
     บอท ▸ [1015] greet_verify
            สวัสดีค่ะ ดิฉันติดต่อจากเอบีซี ไม่ทราบว่ากำลังเรียนสายอยู่กับคุณ สมมติ ทดสอบระบบ ใช่หรือไม่คะ
  ลูกค้า ▸ ใช่ครับ
       ⚙  verify_status
          -> ok
       ⚙  reply  text_ids=[1065]
     บอท ▸ [1065] disclose_balance
            ขอบคุณค่ะ เอบีซีขอเรียนแจ้งว่าสินเชื่อ ที่ลงท้ายด้วยเลข 1234 มียอดชำระขั้นต่ำ 3000 บาท ครบกำหนดวันที่ 2026-09-18 (Friday) ค่ะ ไม่ทราบว่าสะดวกชำระภายในวันนี้หรือไม่คะ
  ลูกค้า ▸ จ่ายไปแล้วเมื่อวาน ค่าหอ ตอนนี้เหลือไม่พอกินข้าว
       ⚙  reply  text_ids=[3127]
     บอท ▸ [3127] ask_clarify
            ขออภัยค่ะ ดิฉันขอถามให้แน่ใจอีกครั้ง — หมายถึงชำระเรียบร้อยแล้ว หรือยังไม่สะดวกชำระคะ
  ลูกค้า ▸ ก็ตามที่บอกครับ
       ⚙  record_outcome  {""result"": ""to_verify"", ""reason"": ""claims_paid"", ""remark"": ""ก็ตามที่บอกครับ""}
          -> ok
       ⚙  reply  text_ids=[1092]
     บอท ▸ [1092] thank_paid_bye
            ขอบคุณค่ะ เอบีซีจะตรวจสอบรายการให้อีกครั้ง หากมีข้อสงสัยติดต่อได้ที่ [company_phone] ค่ะ สวัสดีค่ะ"
nomoney100,NM-061,เล่าความลำบาก,ตอนนี้ตกงานมาสามเดือนแล้วค่ะ,refused,refused,pass,greet_verify disclose_balance convince contact_bank_bye,"       ⚙  reply  text_ids=[1015]
     บอท ▸ [1015] greet_verify
            สวัสดีค่ะ ดิฉันติดต่อจากเอบีซี ไม่ทราบว่ากำลังเรียนสายอยู่กับคุณ สมมติ ทดสอบระบบ ใช่หรือไม่คะ
  ลูกค้า ▸ ใช่ครับ
       ⚙  verify_status
          -> ok
       ⚙  reply  text_ids=[1065]
     บอท ▸ [1065] disclose_balance
            ขอบคุณค่ะ เอบีซีขอเรียนแจ้งว่าสินเชื่อ ที่ลงท้ายด้วยเลข 1234 มียอดชำระขั้นต่ำ 3000 บาท ครบกำหนดวันที่ 2026-09-18 (Friday) ค่ะ ไม่ทราบว่าสะดวกชำระภายในวันนี้หรือไม่คะ
  ลูกค้า ▸ ตอนนี้ตกงานมาสามเดือนแล้วค่ะ
       ⚙  reply  text_ids=[1075]
     บอท ▸ [1075] convince
            เข้าใจค่ะ หากชำระขั้นต่ำ 3000 บาทภายในวันครบกำหนด จะช่วยรักษาประวัติการชำระไว้ได้ค่ะ ไม่ทราบว่าพอจะสะดวกหรือไม่คะ
  ลูกค้า ▸ ก็ตามที่บอกครับ
       ⚙  record_outcome  {""result"": ""refused"", ""reason"": ""refused"", ""remark"": ""ก็ตามที่บอกครับ""}
          -> ok
       ⚙  reply  text_ids=[1099]
     บอท ▸ [1099] contact_bank_bye
            หากมีข้อติดขัดประการใด โทรกลับมาปรึกษาเอบีซีได้ที่เบอร์ [company_phone] ค่ะ ขอบคุณค่ะ สวัสดีค่ะ"
nomoney100,NM-062,เล่าความลำบาก,บริษัทปิดไปแล้ว ยังหางานใหม่ไม่ได้เลย,refused,refused,pass,greet_verify disclose_balance convince contact_bank_bye,"       ⚙  reply  text_ids=[1015]
     บอท ▸ [1015] greet_verify
            สวัสดีค่ะ ดิฉันติดต่อจากเอบีซี ไม่ทราบว่ากำลังเรียนสายอยู่กับคุณ สมมติ ทดสอบระบบ ใช่หรือไม่คะ
  ลูกค้า ▸ ใช่ครับ
       ⚙  verify_status
          -> ok
       ⚙  reply  text_ids=[1065]
     บอท ▸ [1065] disclose_balance
            ขอบคุณค่ะ เอบีซีขอเรียนแจ้งว่าสินเชื่อ ที่ลงท้ายด้วยเลข 1234 มียอดชำระขั้นต่ำ 3000 บาท ครบกำหนดวันที่ 2026-09-18 (Friday) ค่ะ ไม่ทราบว่าสะดวกชำระภายในวันนี้หรือไม่คะ
  ลูกค้า ▸ บริษัทปิดไปแล้ว ยังหางานใหม่ไม่ได้เลย
       ⚙  reply  text_ids=[1075]
     บอท ▸ [1075] convince
            เข้าใจค่ะ หากชำระขั้นต่ำ 3000 บาทภายในวันครบกำหนด จะช่วยรักษาประวัติการชำระไว้ได้ค่ะ ไม่ทราบว่าพอจะสะดวกหรือไม่คะ
  ลูกค้า ▸ ก็ตามที่บอกครับ
       ⚙  record_outcome  {""result"": ""refused"", ""reason"": ""refused"", ""remark"": ""ก็ตามที่บอกครับ""}
          -> ok
       ⚙  record_outcome  {""result"": ""refused"", ""reason"": ""refused"", ""remark"": ""ก็ตามที่บอกครับ""}
          -> call_already_closed
       ⚙  reply  text_ids=[1099]
     บอท ▸ [1099] contact_bank_bye
            หากมีข้อติดขัดประการใด โทรกลับมาปรึกษาเอบีซีได้ที่เบอร์ [company_phone] ค่ะ ขอบคุณค่ะ สวัสดีค่ะ"
nomoney100,NM-063,เล่าความลำบาก,ร้านขายไม่ออกเลย ลูกค้าหายหมด,refused,refused,pass,greet_verify disclose_balance convince contact_bank_bye,"       ⚙  reply  text_ids=[1015]
     บอท ▸ [1015] greet_verify
            สวัสดีค่ะ ดิฉันติดต่อจากเอบีซี ไม่ทราบว่ากำลังเรียนสายอยู่กับคุณ สมมติ ทดสอบระบบ ใช่หรือไม่คะ
  ลูกค้า ▸ ใช่ครับ
       ⚙  verify_status
          -> ok
       ⚙  reply  text_ids=[1065]
     บอท ▸ [1065] disclose_balance
            ขอบคุณค่ะ เอบีซีขอเรียนแจ้งว่าสินเชื่อ ที่ลงท้ายด้วยเลข 1234 มียอดชำระขั้นต่ำ 3000 บาท ครบกำหนดวันที่ 2026-09-18 (Friday) ค่ะ ไม่ทราบว่าสะดวกชำระภายในวันนี้หรือไม่คะ
  ลูกค้า ▸ ร้านขายไม่ออกเลย ลูกค้าหายหมด
       ⚙  reply  text_ids=[1075]
     บอท ▸ [1075] convince
            เข้าใจค่ะ หากชำระขั้นต่ำ 3000 บาทภายในวันครบกำหนด จะช่วยรักษาประวัติการชำระไว้ได้ค่ะ ไม่ทราบว่าพอจะสะดวกหรือไม่คะ
  ลูกค้า ▸ ก็ตามที่บอกครับ
       ⚙  record_outcome  {""result"": ""refused"", ""reason"": ""refused"", ""remark"": ""ก็ตามที่บอกครับ""}
          -> ok
       ⚙  reply  text_ids=[1099]
     บอท ▸ [1099] contact_bank_bye
            หากมีข้อติดขัดประการใด โทรกลับมาปรึกษาเอบีซีได้ที่เบอร์ [company_phone] ค่ะ ขอบคุณค่ะ สวัสดีค่ะ"
nomoney100,NM-064,เล่าความลำบาก,บริษัทค้างเงินเดือนมาสองเดือนแล้วครับ,refused,handoff,fail,greet_verify disclose_balance faq_distress,"       ⚙  reply  text_ids=[1015]
     บอท ▸ [1015] greet_verify
            สวัสดีค่ะ ดิฉันติดต่อจากเอบีซี ไม่ทราบว่ากำลังเรียนสายอยู่กับคุณ สมมติ ทดสอบระบบ ใช่หรือไม่คะ
  ลูกค้า ▸ ใช่ครับ
       ⚙  verify_status
          -> ok
       ⚙  reply  text_ids=[1065]
     บอท ▸ [1065] disclose_balance
            ขอบคุณค่ะ เอบีซีขอเรียนแจ้งว่าสินเชื่อ ที่ลงท้ายด้วยเลข 1234 มียอดชำระขั้นต่ำ 3000 บาท ครบกำหนดวันที่ 2026-09-18 (Friday) ค่ะ ไม่ทราบว่าสะดวกชำระภายในวันนี้หรือไม่คะ
  ลูกค้า ▸ บริษัทค้างเงินเดือนมาสองเดือนแล้วครับ
       ⚙  reply  text_ids=[2829]
     บอท ▸ [2829] faq_distress
            ดิฉันเข้าใจว่าตอนนี้หนักมากค่ะ ขออนุญาตบันทึกเรื่องไว้ และให้เจ้าหน้าที่ติดต่อกลับเพื่อดูแลเป็นกรณีพิเศษค่ะ สวัสดีค่ะ
          -> ok
       ⚙  record_outcome  {""result"": ""handoff"", ""reason"": ""distress"", ""remark"": ""บริษัทค้างเงินเดือนมาสองเดือนแล้วครับ""}
          -> ok
       ⚙  reply  text_ids=[2829]
     บอท ▸ [2829] faq_distress
            ดิฉันเข้าใจว่าตอนนี้หนักมากค่ะ ขออนุญาตบันทึกเรื่องไว้ และให้เจ้าหน้าที่ติดต่อกลับเพื่อดูแลเป็นกรณีพิเศษค่ะ สวัสดีค่ะ"
nomoney100,NM-065,เล่าความลำบาก,ตอนนี้กินมาม่าทุกวันเลย,refused,handoff,fail,greet_verify disclose_balance faq_distress,"       ⚙  reply  text_ids=[1015]
     บอท ▸ [1015] greet_verify
            สวัสดีค่ะ ดิฉันติดต่อจากเอบีซี ไม่ทราบว่ากำลังเรียนสายอยู่กับคุณ สมมติ ทดสอบระบบ ใช่หรือไม่คะ
  ลูกค้า ▸ ใช่ครับ
       ⚙  verify_status
          -> ok
       ⚙  reply  text_ids=[1065]
     บอท ▸ [1065] disclose_balance
            ขอบคุณค่ะ เอบีซีขอเรียนแจ้งว่าสินเชื่อ ที่ลงท้ายด้วยเลข 1234 มียอดชำระขั้นต่ำ 3000 บาท ครบกำหนดวันที่ 2026-09-18 (Friday) ค่ะ ไม่ทราบว่าสะดวกชำระภายในวันนี้หรือไม่คะ
  ลูกค้า ▸ ตอนนี้กินมาม่าทุกวันเลย
       ⚙  reply  text_ids=[2829]
     บอท ▸ [2829] faq_distress
            ดิฉันเข้าใจว่าตอนนี้หนักมากค่ะ ขออนุญาตบันทึกเรื่องไว้ และให้เจ้าหน้าที่ติดต่อกลับเพื่อดูแลเป็นกรณีพิเศษค่ะ สวัสดีค่ะ
          -> ok
       ⚙  record_outcome  {""result"": ""handoff"", ""reason"": ""distress"", ""remark"": ""ตอนนี้กินมาม่าทุกวันเลย""}
          -> ok
       ⚙  reply  text_ids=[2829]
     บอท ▸ [2829] faq_distress
            ดิฉันเข้าใจว่าตอนนี้หนักมากค่ะ ขออนุญาตบันทึกเรื่องไว้ และให้เจ้าหน้าที่ติดต่อกลับเพื่อดูแลเป็นกรณีพิเศษค่ะ สวัสดีค่ะ"
nomoney100,NM-066,เล่าความลำบาก,เพิ่งโดนเลิกจ้างมาครับ,refused,refused,pass,greet_verify disclose_balance convince contact_bank_bye,"       ⚙  reply  text_ids=[1015]
     บอท ▸ [1015] greet_verify
            สวัสดีค่ะ ดิฉันติดต่อจากเอบีซี ไม่ทราบว่ากำลังเรียนสายอยู่กับคุณ สมมติ ทดสอบระบบ ใช่หรือไม่คะ
  ลูกค้า ▸ ใช่ครับ
       ⚙  verify_status
          -> ok
       ⚙  reply  text_ids=[1065]
     บอท ▸ [1065] disclose_balance
            ขอบคุณค่ะ เอบีซีขอเรียนแจ้งว่าสินเชื่อ ที่ลงท้ายด้วยเลข 1234 มียอดชำระขั้นต่ำ 3000 บาท ครบกำหนดวันที่ 2026-09-18 (Friday) ค่ะ ไม่ทราบว่าสะดวกชำระภายในวันนี้หรือไม่คะ
  ลูกค้า ▸ เพิ่งโดนเลิกจ้างมาครับ
       ⚙  reply  text_ids=[1075]
     บอท ▸ [1075] convince
            เข้าใจค่ะ หากชำระขั้นต่ำ 3000 บาทภายในวันครบกำหนด จะช่วยรักษาประวัติการชำระไว้ได้ค่ะ ไม่ทราบว่าพอจะสะดวกหรือไม่คะ
  ลูกค้า ▸ ก็ตามที่บอกครับ
       ⚙  record_outcome  {""result"": ""refused"", ""reason"": ""refused"", ""remark"": ""ก็ตามที่บอกครับ""}
          -> ok
       ⚙  reply  text_ids=[1099]
     บอท ▸ [1099] contact_bank_bye
            หากมีข้อติดขัดประการใด โทรกลับมาปรึกษาเอบีซีได้ที่เบอร์ [company_phone] ค่ะ ขอบคุณค่ะ สวัสดีค่ะ"
nomoney100,NM-067,เล่าความลำบาก,น้ำท่วมนาหมด ปีนี้ไม่ได้อะไรเลย,refused,handoff,fail,greet_verify disclose_balance faq_distress,"       ⚙  reply  text_ids=[1015]
     บอท ▸ [1015] greet_verify
            สวัสดีค่ะ ดิฉันติดต่อจากเอบีซี ไม่ทราบว่ากำลังเรียนสายอยู่กับคุณ สมมติ ทดสอบระบบ ใช่หรือไม่คะ
  ลูกค้า ▸ ใช่ครับ
       ⚙  verify_status
          -> ok
       ⚙  reply  text_ids=[1065]
     บอท ▸ [1065] disclose_balance
            ขอบคุณค่ะ เอบีซีขอเรียนแจ้งว่าสินเชื่อ ที่ลงท้ายด้วยเลข 1234 มียอดชำระขั้นต่ำ 3000 บาท ครบกำหนดวันที่ 2026-09-18 (Friday) ค่ะ ไม่ทราบว่าสะดวกชำระภายในวันนี้หรือไม่คะ
  ลูกค้า ▸ น้ำท่วมนาหมด ปีนี้ไม่ได้อะไรเลย
       ⚙  reply  text_ids=[2829]
     บอท ▸ [2829] faq_distress
            ดิฉันเข้าใจว่าตอนนี้หนักมากค่ะ ขออนุญาตบันทึกเรื่องไว้ และให้เจ้าหน้าที่ติดต่อกลับเพื่อดูแลเป็นกรณีพิเศษค่ะ สวัสดีค่ะ
          -> ok
       ⚙  record_outcome  {""result"": ""handoff"", ""reason"": ""distress"", ""remark"": ""น้ำท่วมนาหมด ปีนี้ไม่ได้อะไรเลย""}
          -> ok
       ⚙  reply  text_ids=[2829]
     บอท ▸ [2829] faq_distress
            ดิฉันเข้าใจว่าตอนนี้หนักมากค่ะ ขออนุญาตบันทึกเรื่องไว้ และให้เจ้าหน้าที่ติดต่อกลับเพื่อดูแลเป็นกรณีพิเศษค่ะ สวัสดีค่ะ"
nomoney100,NM-068,เล่าความลำบาก,ต้องลาออกมาดูแลแม่ที่ป่วย,refused,handoff,fail,greet_verify disclose_balance faq_distress,"       ⚙  reply  text_ids=[1015]
     บอท ▸ [1015] greet_verify
            สวัสดีค่ะ ดิฉันติดต่อจากเอบีซี ไม่ทราบว่ากำลังเรียนสายอยู่กับคุณ สมมติ ทดสอบระบบ ใช่หรือไม่คะ
  ลูกค้า ▸ ใช่ครับ
       ⚙  verify_status
          -> ok
       ⚙  reply  text_ids=[1065]
     บอท ▸ [1065] disclose_balance
            ขอบคุณค่ะ เอบีซีขอเรียนแจ้งว่าสินเชื่อ ที่ลงท้ายด้วยเลข 1234 มียอดชำระขั้นต่ำ 3000 บาท ครบกำหนดวันที่ 2026-09-18 (Friday) ค่ะ ไม่ทราบว่าสะดวกชำระภายในวันนี้หรือไม่คะ
  ลูกค้า ▸ ต้องลาออกมาดูแลแม่ที่ป่วย
       ⚙  reply  text_ids=[2829]
     บอท ▸ [2829] faq_distress
            ดิฉันเข้าใจว่าตอนนี้หนักมากค่ะ ขออนุญาตบันทึกเรื่องไว้ และให้เจ้าหน้าที่ติดต่อกลับเพื่อดูแลเป็นกรณีพิเศษค่ะ สวัสดีค่ะ
          -> ok
       ⚙  record_outcome  {""result"": ""handoff"", ""reason"": ""distress"", ""remark"": ""ต้องลาออกมาดูแลแม่ที่ป่วย""}
          -> ok
       ⚙  reply  text_ids=[2829]
     บอท ▸ [2829] faq_distress
            ดิฉันเข้าใจว่าตอนนี้หนักมากค่ะ ขออนุญาตบันทึกเรื่องไว้ และให้เจ้าหน้าที่ติดต่อกลับเพื่อดูแลเป็นกรณีพิเศษค่ะ สวัสดีค่ะ"
nomoney100,NM-069,เล่าความลำบาก,ค่าเช่าห้องยังค้างเขาอยู่เลยค่ะ,refused,disruptive,fail,greet_verify disclose_balance steer_back steer_back disruptive_bye,"       ⚙  reply  text_ids=[1015]
     บอท ▸ [1015] greet_verify
            สวัสดีค่ะ ดิฉันติดต่อจากเอบีซี ไม่ทราบว่ากำลังเรียนสายอยู่กับคุณ สมมติ ทดสอบระบบ ใช่หรือไม่คะ
  ลูกค้า ▸ ใช่ครับ
       ⚙  verify_status
          -> ok
       ⚙  reply  text_ids=[1065]
     บอท ▸ [1065] disclose_balance
            ขอบคุณค่ะ เอบีซีขอเรียนแจ้งว่าสินเชื่อ ที่ลงท้ายด้วยเลข 1234 มียอดชำระขั้นต่ำ 3000 บาท ครบกำหนดวันที่ 2026-09-18 (Friday) ค่ะ ไม่ทราบว่าสะดวกชำระภายในวันนี้หรือไม่คะ
  ลูกค้า ▸ ค่าเช่าห้องยังค้างเขาอยู่เลยค่ะ
       ⚙  reply  text_ids=[3270]
     บอท ▸ [3270] steer_back
            ขออภัยค่ะ เรื่องนี้ดิฉันตอบให้ไม่ได้ค่ะ ดิฉันติดต่อมาเรื่องบัญชีของคุณ สมมติ ทดสอบระบบ เท่านั้นค่ะ ไม่ทราบว่าสะดวกชำระภายในวันนี้หรือไม่คะ
  ลูกค้า ▸ ก็ตามที่บอกครับ
       ⚙  reply  text_ids=[3270]
     บอท ▸ [3270] steer_back
            ขออภัยค่ะ เรื่องนี้ดิฉันตอบให้ไม่ได้ค่ะ ดิฉันติดต่อมาเรื่องบัญชีของคุณ สมมติ ทดสอบระบบ เท่านั้นค่ะ ไม่ทราบว่าสะดวกชำระภายในวันนี้หรือไม่คะ
  ลูกค้า ▸ ก็แบบนั้นแหละครับ
       ⚙  record_outcome  {""result"": ""disruptive"", ""reason"": ""off_topic_persist"", ""remark"": ""ปิดสายอัตโนมัติ: บทสนทนาไม่คืบหน้า""}
          -> ok
       ⚙  reply  text_ids=[3340]
     บอท ▸ [3340] disruptive_bye
            ขออภัยค่ะ หากยังไม่สะดวกคุยเรื่องบัญชีในตอนนี้ ดิฉันขออนุญาตติดต่อกลับใหม่ภายหลังนะคะ สวัสดีค่ะ"
nomoney100,NM-070,เล่าความลำบาก,ต้องยืมเพื่อนมากินข้าวทุกวัน,refused,disruptive,fail,greet_verify disclose_balance steer_back ask_clarify disruptive_bye,"       ⚙  reply  text_ids=[1015]
     บอท ▸ [1015] greet_verify
            สวัสดีค่ะ ดิฉันติดต่อจากเอบีซี ไม่ทราบว่ากำลังเรียนสายอยู่กับคุณ สมมติ ทดสอบระบบ ใช่หรือไม่คะ
  ลูกค้า ▸ ใช่ครับ
       ⚙  verify_status
          -> ok
       ⚙  reply  text_ids=[1065]
     บอท ▸ [1065] disclose_balance
            ขอบคุณค่ะ เอบีซีขอเรียนแจ้งว่าสินเชื่อ ที่ลงท้ายด้วยเลข 1234 มียอดชำระขั้นต่ำ 3000 บาท ครบกำหนดวันที่ 2026-09-18 (Friday) ค่ะ ไม่ทราบว่าสะดวกชำระภายในวันนี้หรือไม่คะ
  ลูกค้า ▸ ต้องยืมเพื่อนมากินข้าวทุกวัน
       ⚙  reply  text_ids=[3270]
     บอท ▸ [3270] steer_back
            ขออภัยค่ะ เรื่องนี้ดิฉันตอบให้ไม่ได้ค่ะ ดิฉันติดต่อมาเรื่องบัญชีของคุณ สมมติ ทดสอบระบบ เท่านั้นค่ะ ไม่ทราบว่าสะดวกชำระภายในวันนี้หรือไม่คะ
  ลูกค้า ▸ ก็ตามที่บอกครับ
       ⚙  reply  text_ids=[3127]
     บอท ▸ [3127] ask_clarify
            ขออภัยค่ะ ดิฉันขอถามให้แน่ใจอีกครั้ง — หมายถึงชำระเรียบร้อยแล้ว หรือยังไม่สะดวกชำระคะ
  ลูกค้า ▸ ก็แบบนั้นแหละครับ
       ⚙  record_outcome  {""result"": ""disruptive"", ""reason"": ""off_topic_persist"", ""remark"": ""ปิดสายอัตโนมัติ: บทสนทนาไม่คืบหน้า""}
          -> ok
       ⚙  reply  text_ids=[3340]
     บอท ▸ [3340] disruptive_bye
            ขออภัยค่ะ หากยังไม่สะดวกคุยเรื่องบัญชีในตอนนี้ ดิฉันขออนุญาตติดต่อกลับใหม่ภายหลังนะคะ สวัสดีค่ะ"
nomoney100,NM-071,เล่าความลำบาก,ตอนนี้ไม่มีรายได้เข้าเลยครับ,refused,refused,pass,greet_verify disclose_balance convince contact_bank_bye,"       ⚙  reply  text_ids=[1015]
     บอท ▸ [1015] greet_verify
            สวัสดีค่ะ ดิฉันติดต่อจากเอบีซี ไม่ทราบว่ากำลังเรียนสายอยู่กับคุณ สมมติ ทดสอบระบบ ใช่หรือไม่คะ
  ลูกค้า ▸ ใช่ครับ
       ⚙  verify_status
          -> ok
       ⚙  reply  text_ids=[1065]
     บอท ▸ [1065] disclose_balance
            ขอบคุณค่ะ เอบีซีขอเรียนแจ้งว่าสินเชื่อ ที่ลงท้ายด้วยเลข 1234 มียอดชำระขั้นต่ำ 3000 บาท ครบกำหนดวันที่ 2026-09-18 (Friday) ค่ะ ไม่ทราบว่าสะดวกชำระภายในวันนี้หรือไม่คะ
  ลูกค้า ▸ ตอนนี้ไม่มีรายได้เข้าเลยครับ
       ⚙  reply  text_ids=[1075]
     บอท ▸ [1075] convince
            เข้าใจค่ะ หากชำระขั้นต่ำ 3000 บาทภายในวันครบกำหนด จะช่วยรักษาประวัติการชำระไว้ได้ค่ะ ไม่ทราบว่าพอจะสะดวกหรือไม่คะ
  ลูกค้า ▸ ก็ตามที่บอกครับ
       ⚙  record_outcome  {""result"": ""refused"", ""reason"": ""refused"", ""remark"": ""ก็ตามที่บอกครับ""}
          -> ok
       ⚙  reply  text_ids=[1099]
     บอท ▸ [1099] contact_bank_bye
            หากมีข้อติดขัดประการใด โทรกลับมาปรึกษาเอบีซีได้ที่เบอร์ [company_phone] ค่ะ ขอบคุณค่ะ สวัสดีค่ะ"
nomoney100,NM-072,เล่าความลำบาก,ขับวินได้วันละไม่กี่ร้อย ค่าน้ำมันยังแทบไม่พอ,refused,refused,pass,greet_verify disclose_balance convince contact_bank_bye,"       ⚙  reply  text_ids=[1015]
     บอท ▸ [1015] greet_verify
            สวัสดีค่ะ ดิฉันติดต่อจากเอบีซี ไม่ทราบว่ากำลังเรียนสายอยู่กับคุณ สมมติ ทดสอบระบบ ใช่หรือไม่คะ
  ลูกค้า ▸ ใช่ครับ
       ⚙  verify_status
          -> ok
       ⚙  reply  text_ids=[1065]
     บอท ▸ [1065] disclose_balance
            ขอบคุณค่ะ เอบีซีขอเรียนแจ้งว่าสินเชื่อ ที่ลงท้ายด้วยเลข 1234 มียอดชำระขั้นต่ำ 3000 บาท ครบกำหนดวันที่ 2026-09-18 (Friday) ค่ะ ไม่ทราบว่าสะดวกชำระภายในวันนี้หรือไม่คะ
  ลูกค้า ▸ ขับวินได้วันละไม่กี่ร้อย ค่าน้ำมันยังแทบไม่พอ
       ⚙  reply  text_ids=[1075]
     บอท ▸ [1075] convince
            เข้าใจค่ะ หากชำระขั้นต่ำ 3000 บาทภายในวันครบกำหนด จะช่วยรักษาประวัติการชำระไว้ได้ค่ะ ไม่ทราบว่าพอจะสะดวกหรือไม่คะ
  ลูกค้า ▸ ก็ตามที่บอกครับ
       ⚙  record_outcome  {""result"": ""refused"", ""reason"": ""refused"", ""remark"": ""ก็ตามที่บอกครับ""}
          -> ok
       ⚙  reply  text_ids=[1099]
     บอท ▸ [1099] contact_bank_bye
            หากมีข้อติดขัดประการใด โทรกลับมาปรึกษาเอบีซีได้ที่เบอร์ [company_phone] ค่ะ ขอบคุณค่ะ สวัสดีค่ะ"
nomoney100,NM-073,เล่าความลำบาก,ลูกเพิ่งเข้าโรงเรียน ค่าใช้จ่ายเยอะมาก,refused,refused,pass,greet_verify disclose_balance convince contact_bank_bye,"       ⚙  reply  text_ids=[1015]
     บอท ▸ [1015] greet_verify
            สวัสดีค่ะ ดิฉันติดต่อจากเอบีซี ไม่ทราบว่ากำลังเรียนสายอยู่กับคุณ สมมติ ทดสอบระบบ ใช่หรือไม่คะ
  ลูกค้า ▸ ใช่ครับ
       ⚙  verify_status
          -> ok
       ⚙  reply  text_ids=[1065]
     บอท ▸ [1065] disclose_balance
            ขอบคุณค่ะ เอบีซีขอเรียนแจ้งว่าสินเชื่อ ที่ลงท้ายด้วยเลข 1234 มียอดชำระขั้นต่ำ 3000 บาท ครบกำหนดวันที่ 2026-09-18 (Friday) ค่ะ ไม่ทราบว่าสะดวกชำระภายในวันนี้หรือไม่คะ
  ลูกค้า ▸ ลูกเพิ่งเข้าโรงเรียน ค่าใช้จ่ายเยอะมาก
       ⚙  reply  text_ids=[1075]
     บอท ▸ [1075] convince
            เข้าใจค่ะ หากชำระขั้นต่ำ 3000 บาทภายในวันครบกำหนด จะช่วยรักษาประวัติการชำระไว้ได้ค่ะ ไม่ทราบว่าพอจะสะดวกหรือไม่คะ
  ลูกค้า ▸ ก็ตามที่บอกครับ
       ⚙  record_outcome  {""result"": ""refused"", ""reason"": ""refused"", ""remark"": ""ก็ตามที่บอกครับ""}
          -> ok
       ⚙  reply  text_ids=[1099]
     บอท ▸ [1099] contact_bank_bye
            หากมีข้อติดขัดประการใด โทรกลับมาปรึกษาเอบีซีได้ที่เบอร์ [company_phone] ค่ะ ขอบคุณค่ะ สวัสดีค่ะ"
nomoney100,NM-074,เล่าความลำบาก,โดนแก๊งคอลเซ็นเตอร์หลอกไปหมดตัวเลยค่ะ,refused,ptp,fail,greet_verify disclose_balance faq_scam ptp_bye,"       ⚙  reply  text_ids=[1015]
     บอท ▸ [1015] greet_verify
            สวัสดีค่ะ ดิฉันติดต่อจากเอบีซี ไม่ทราบว่ากำลังเรียนสายอยู่กับคุณ สมมติ ทดสอบระบบ ใช่หรือไม่คะ
  ลูกค้า ▸ ใช่ครับ
       ⚙  verify_status
          -> ok
       ⚙  reply  text_ids=[1065]
     บอท ▸ [1065] disclose_balance
            ขอบคุณค่ะ เอบีซีขอเรียนแจ้งว่าสินเชื่อ ที่ลงท้ายด้วยเลข 1234 มียอดชำระขั้นต่ำ 3000 บาท ครบกำหนดวันที่ 2026-09-18 (Friday) ค่ะ ไม่ทราบว่าสะดวกชำระภายในวันนี้หรือไม่คะ
  ลูกค้า ▸ โดนแก๊งคอลเซ็นเตอร์หลอกไปหมดตัวเลยค่ะ
       ⚙  reply  text_ids=[1660]
     บอท ▸ [1660] faq_scam
            ดิฉันเข้าใจในความกังวลค่ะ ดิฉันเป็นผู้ช่วยอัตโนมัติของเอบีซีจริงค่ะ หากไม่มั่นใจ โทรกลับมาที่ [company_phone] ได้ค่ะ
  ลูกค้า ▸ ก็ตามที่บอกครับ
       ⚙  record_outcome  {""result"": ""ptp"", ""reason"": ""ptp"", ""remark"": ""ก็ตามที่บอกครับ""}
          -> ok
       ⚙  record_outcome  {""result"": ""ptp"", ""reason"": ""ptp"", ""remark"": ""ก็ตามที่บอกครับ""}
          -> call_already_closed
       ⚙  reply  text_ids=[1084]
     บอท ▸ [1084] ptp_bye
            ขอบคุณค่ะ เอบีซีได้บันทึกไว้เรียบร้อยแล้วค่ะ ขอบคุณที่สละเวลา สวัสดีค่ะ"
nomoney100,NM-075,เล่าความลำบาก,ตอนนี้อยู่บ้านเฉยๆ ไม่ได้ทำงาน,refused,refused,pass,greet_verify disclose_balance convince contact_bank_bye,"       ⚙  reply  text_ids=[1015]
     บอท ▸ [1015] greet_verify
            สวัสดีค่ะ ดิฉันติดต่อจากเอบีซี ไม่ทราบว่ากำลังเรียนสายอยู่กับคุณ สมมติ ทดสอบระบบ ใช่หรือไม่คะ
  ลูกค้า ▸ ใช่ครับ
       ⚙  verify_status
          -> ok
       ⚙  reply  text_ids=[1065]
     บอท ▸ [1065] disclose_balance
            ขอบคุณค่ะ เอบีซีขอเรียนแจ้งว่าสินเชื่อ ที่ลงท้ายด้วยเลข 1234 มียอดชำระขั้นต่ำ 3000 บาท ครบกำหนดวันที่ 2026-09-18 (Friday) ค่ะ ไม่ทราบว่าสะดวกชำระภายในวันนี้หรือไม่คะ
  ลูกค้า ▸ ตอนนี้อยู่บ้านเฉยๆ ไม่ได้ทำงาน
       ⚙  reply  text_ids=[1075]
     บอท ▸ [1075] convince
            เข้าใจค่ะ หากชำระขั้นต่ำ 3000 บาทภายในวันครบกำหนด จะช่วยรักษาประวัติการชำระไว้ได้ค่ะ ไม่ทราบว่าพอจะสะดวกหรือไม่คะ
  ลูกค้า ▸ ก็ตามที่บอกครับ
       ⚙  record_outcome  {""result"": ""refused"", ""reason"": ""refused"", ""remark"": ""ก็ตามที่บอกครับ""}
          -> ok
       ⚙  reply  text_ids=[1099]
     บอท ▸ [1099] contact_bank_bye
            หากมีข้อติดขัดประการใด โทรกลับมาปรึกษาเอบีซีได้ที่เบอร์ [company_phone] ค่ะ ขอบคุณค่ะ สวัสดีค่ะ"
nomoney100,NM-076,สำนวน,ช็อตอยู่ครับพี่,refused,ptp,fail,greet_verify disclose_balance faq_hold ptp_bye,"       ⚙  reply  text_ids=[1015]
     บอท ▸ [1015] greet_verify
            สวัสดีค่ะ ดิฉันติดต่อจากเอบีซี ไม่ทราบว่ากำลังเรียนสายอยู่กับคุณ สมมติ ทดสอบระบบ ใช่หรือไม่คะ
  ลูกค้า ▸ ใช่ครับ
       ⚙  verify_status
          -> ok
       ⚙  reply  text_ids=[1065]
     บอท ▸ [1065] disclose_balance
            ขอบคุณค่ะ เอบีซีขอเรียนแจ้งว่าสินเชื่อ ที่ลงท้ายด้วยเลข 1234 มียอดชำระขั้นต่ำ 3000 บาท ครบกำหนดวันที่ 2026-09-18 (Friday) ค่ะ ไม่ทราบว่าสะดวกชำระภายในวันนี้หรือไม่คะ
  ลูกค้า ▸ ช็อตอยู่ครับพี่
       ⚙  reply  text_ids=[1750]
     บอท ▸ [1750] faq_hold
            ได้ค่ะ สะดวกแล้วแจ้งได้เลยนะคะ
  ลูกค้า ▸ ก็ตามที่บอกครับ
       ⚙  record_outcome  {""result"": ""ptp"", ""reason"": ""ptp"", ""remark"": ""ก็ตามที่บอกครับ""}
          -> ok
       ⚙  record_outcome  {""result"": ""ptp"", ""reason"": ""ptp"", ""remark"": ""ก็ตามที่บอกครับ""}
          -> call_already_closed
       ⚙  reply  text_ids=[1084]
     บอท ▸ [1084] ptp_bye
            ขอบคุณค่ะ เอบีซีได้บันทึกไว้เรียบร้อยแล้วค่ะ ขอบคุณที่สละเวลา สวัสดีค่ะ"
nomoney100,NM-077,สำนวน,ตอนนี้แห้งมากเลยค่ะ,refused,handoff,fail,greet_verify disclose_balance faq_distress,"       ⚙  reply  text_ids=[1015]
     บอท ▸ [1015] greet_verify
            สวัสดีค่ะ ดิฉันติดต่อจากเอบีซี ไม่ทราบว่ากำลังเรียนสายอยู่กับคุณ สมมติ ทดสอบระบบ ใช่หรือไม่คะ
  ลูกค้า ▸ ใช่ครับ
       ⚙  verify_status
          -> ok
       ⚙  reply  text_ids=[1065]
     บอท ▸ [1065] disclose_balance
            ขอบคุณค่ะ เอบีซีขอเรียนแจ้งว่าสินเชื่อ ที่ลงท้ายด้วยเลข 1234 มียอดชำระขั้นต่ำ 3000 บาท ครบกำหนดวันที่ 2026-09-18 (Friday) ค่ะ ไม่ทราบว่าสะดวกชำระภายในวันนี้หรือไม่คะ
  ลูกค้า ▸ ตอนนี้แห้งมากเลยค่ะ
       ⚙  reply  text_ids=[2829]
     บอท ▸ [2829] faq_distress
            ดิฉันเข้าใจว่าตอนนี้หนักมากค่ะ ขออนุญาตบันทึกเรื่องไว้ และให้เจ้าหน้าที่ติดต่อกลับเพื่อดูแลเป็นกรณีพิเศษค่ะ สวัสดีค่ะ
          -> ok
       ⚙  record_outcome  {""result"": ""handoff"", ""reason"": ""distress"", ""remark"": ""ตอนนี้แห้งมากเลยค่ะ""}
          -> ok
       ⚙  reply  text_ids=[2829]
     บอท ▸ [2829] faq_distress
            ดิฉันเข้าใจว่าตอนนี้หนักมากค่ะ ขออนุญาตบันทึกเรื่องไว้ และให้เจ้าหน้าที่ติดต่อกลับเพื่อดูแลเป็นกรณีพิเศษค่ะ สวัสดีค่ะ"
nomoney100,NM-078,สำนวน,กระเป๋าแบนเลยพี่,refused,refused,pass,greet_verify disclose_balance convince contact_bank_bye,"       ⚙  reply  text_ids=[1015]
     บอท ▸ [1015] greet_verify
            สวัสดีค่ะ ดิฉันติดต่อจากเอบีซี ไม่ทราบว่ากำลังเรียนสายอยู่กับคุณ สมมติ ทดสอบระบบ ใช่หรือไม่คะ
  ลูกค้า ▸ ใช่ครับ
       ⚙  verify_status
          -> ok
       ⚙  reply  text_ids=[1065]
     บอท ▸ [1065] disclose_balance
            ขอบคุณค่ะ เอบีซีขอเรียนแจ้งว่าสินเชื่อ ที่ลงท้ายด้วยเลข 1234 มียอดชำระขั้นต่ำ 3000 บาท ครบกำหนดวันที่ 2026-09-18 (Friday) ค่ะ ไม่ทราบว่าสะดวกชำระภายในวันนี้หรือไม่คะ
  ลูกค้า ▸ กระเป๋าแบนเลยพี่
       ⚙  reply  text_ids=[1075]
     บอท ▸ [1075] convince
            เข้าใจค่ะ หากชำระขั้นต่ำ 3000 บาทภายในวันครบกำหนด จะช่วยรักษาประวัติการชำระไว้ได้ค่ะ ไม่ทราบว่าพอจะสะดวกหรือไม่คะ
  ลูกค้า ▸ ก็ตามที่บอกครับ
       ⚙  record_outcome  {""result"": ""refused"", ""reason"": ""refused"", ""remark"": ""ก็ตามที่บอกครับ""}
          -> ok
       ⚙  reply  text_ids=[1099]
     บอท ▸ [1099] contact_bank_bye
            หากมีข้อติดขัดประการใด โทรกลับมาปรึกษาเอบีซีได้ที่เบอร์ [company_phone] ค่ะ ขอบคุณค่ะ สวัสดีค่ะ"
nomoney100,NM-079,สำนวน,ชักหน้าไม่ถึงหลังเลยค่ะ,refused,refused,pass,greet_verify disclose_balance convince contact_bank_bye,"       ⚙  reply  text_ids=[1015]
     บอท ▸ [1015] greet_verify
            สวัสดีค่ะ ดิฉันติดต่อจากเอบีซี ไม่ทราบว่ากำลังเรียนสายอยู่กับคุณ สมมติ ทดสอบระบบ ใช่หรือไม่คะ
  ลูกค้า ▸ ใช่ครับ
       ⚙  verify_status
          -> ok
       ⚙  reply  text_ids=[1065]
     บอท ▸ [1065] disclose_balance
            ขอบคุณค่ะ เอบีซีขอเรียนแจ้งว่าสินเชื่อ ที่ลงท้ายด้วยเลข 1234 มียอดชำระขั้นต่ำ 3000 บาท ครบกำหนดวันที่ 2026-09-18 (Friday) ค่ะ ไม่ทราบว่าสะดวกชำระภายในวันนี้หรือไม่คะ
  ลูกค้า ▸ ชักหน้าไม่ถึงหลังเลยค่ะ
       ⚙  reply  text_ids=[1075]
     บอท ▸ [1075] convince
            เข้าใจค่ะ หากชำระขั้นต่ำ 3000 บาทภายในวันครบกำหนด จะช่วยรักษาประวัติการชำระไว้ได้ค่ะ ไม่ทราบว่าพอจะสะดวกหรือไม่คะ
  ลูกค้า ▸ ก็ตามที่บอกครับ
       ⚙  record_outcome  {""result"": ""refused"", ""reason"": ""refused"", ""remark"": ""ก็ตามที่บอกครับ""}
          -> ok
       ⚙  reply  text_ids=[1099]
     บอท ▸ [1099] contact_bank_bye
            หากมีข้อติดขัดประการใด โทรกลับมาปรึกษาเอบีซีได้ที่เบอร์ [company_phone] ค่ะ ขอบคุณค่ะ สวัสดีค่ะ"
nomoney100,NM-080,สำนวน,เดือนนี้ร่อแร่มาก,refused,refused,pass,greet_verify disclose_balance convince contact_bank_bye,"       ⚙  reply  text_ids=[1015]
     บอท ▸ [1015] greet_verify
            สวัสดีค่ะ ดิฉันติดต่อจากเอบีซี ไม่ทราบว่ากำลังเรียนสายอยู่กับคุณ สมมติ ทดสอบระบบ ใช่หรือไม่คะ
  ลูกค้า ▸ ใช่ครับ
       ⚙  verify_status
          -> ok
       ⚙  reply  text_ids=[1065]
     บอท ▸ [1065] disclose_balance
            ขอบคุณค่ะ เอบีซีขอเรียนแจ้งว่าสินเชื่อ ที่ลงท้ายด้วยเลข 1234 มียอดชำระขั้นต่ำ 3000 บาท ครบกำหนดวันที่ 2026-09-18 (Friday) ค่ะ ไม่ทราบว่าสะดวกชำระภายในวันนี้หรือไม่คะ
  ลูกค้า ▸ เดือนนี้ร่อแร่มาก
       ⚙  reply  text_ids=[1075]
     บอท ▸ [1075] convince
            เข้าใจค่ะ หากชำระขั้นต่ำ 3000 บาทภายในวันครบกำหนด จะช่วยรักษาประวัติการชำระไว้ได้ค่ะ ไม่ทราบว่าพอจะสะดวกหรือไม่คะ
  ลูกค้า ▸ ก็ตามที่บอกครับ
       ⚙  record_outcome  {""result"": ""refused"", ""reason"": ""refused"", ""remark"": ""ก็ตามที่บอกครับ""}
          -> ok
       ⚙  reply  text_ids=[1099]
     บอท ▸ [1099] contact_bank_bye
            หากมีข้อติดขัดประการใด โทรกลับมาปรึกษาเอบีซีได้ที่เบอร์ [company_phone] ค่ะ ขอบคุณค่ะ สวัสดีค่ะ"
nomoney100,NM-081,สำนวน,ตอนนี้กรอบมากครับ,refused,refused,pass,greet_verify disclose_balance convince contact_bank_bye,"       ⚙  reply  text_ids=[1015]
     บอท ▸ [1015] greet_verify
            สวัสดีค่ะ ดิฉันติดต่อจากเอบีซี ไม่ทราบว่ากำลังเรียนสายอยู่กับคุณ สมมติ ทดสอบระบบ ใช่หรือไม่คะ
  ลูกค้า ▸ ใช่ครับ
       ⚙  verify_status
          -> ok
       ⚙  reply  text_ids=[1065]
     บอท ▸ [1065] disclose_balance
            ขอบคุณค่ะ เอบีซีขอเรียนแจ้งว่าสินเชื่อ ที่ลงท้ายด้วยเลข 1234 มียอดชำระขั้นต่ำ 3000 บาท ครบกำหนดวันที่ 2026-09-18 (Friday) ค่ะ ไม่ทราบว่าสะดวกชำระภายในวันนี้หรือไม่คะ
  ลูกค้า ▸ ตอนนี้กรอบมากครับ
       ⚙  reply  text_ids=[1075]
     บอท ▸ [1075] convince
            เข้าใจค่ะ หากชำระขั้นต่ำ 3000 บาทภายในวันครบกำหนด จะช่วยรักษาประวัติการชำระไว้ได้ค่ะ ไม่ทราบว่าพอจะสะดวกหรือไม่คะ
  ลูกค้า ▸ ก็ตามที่บอกครับ
       ⚙  record_outcome  {""result"": ""refused"", ""reason"": ""refused"", ""remark"": ""ก็ตามที่บอกครับ""}
          -> ok
       ⚙  reply  text_ids=[1099]
     บอท ▸ [1099] contact_bank_bye
            หากมีข้อติดขัดประการใด โทรกลับมาปรึกษาเอบีซีได้ที่เบอร์ [company_phone] ค่ะ ขอบคุณค่ะ สวัสดีค่ะ"
nomoney100,NM-082,สำนวน,เงินไม่พอยาไส้เลย,refused,refused,pass,greet_verify disclose_balance convince contact_bank_bye,"       ⚙  reply  text_ids=[1015]
     บอท ▸ [1015] greet_verify
            สวัสดีค่ะ ดิฉันติดต่อจากเอบีซี ไม่ทราบว่ากำลังเรียนสายอยู่กับคุณ สมมติ ทดสอบระบบ ใช่หรือไม่คะ
  ลูกค้า ▸ ใช่ครับ
       ⚙  verify_status
          -> ok
       ⚙  reply  text_ids=[1065]
     บอท ▸ [1065] disclose_balance
            ขอบคุณค่ะ เอบีซีขอเรียนแจ้งว่าสินเชื่อ ที่ลงท้ายด้วยเลข 1234 มียอดชำระขั้นต่ำ 3000 บาท ครบกำหนดวันที่ 2026-09-18 (Friday) ค่ะ ไม่ทราบว่าสะดวกชำระภายในวันนี้หรือไม่คะ
  ลูกค้า ▸ เงินไม่พอยาไส้เลย
       ⚙  reply  text_ids=[1075]
     บอท ▸ [1075] convince
            เข้าใจค่ะ หากชำระขั้นต่ำ 3000 บาทภายในวันครบกำหนด จะช่วยรักษาประวัติการชำระไว้ได้ค่ะ ไม่ทราบว่าพอจะสะดวกหรือไม่คะ
  ลูกค้า ▸ ก็ตามที่บอกครับ
       ⚙  record_outcome  {""result"": ""refused"", ""reason"": ""refused"", ""remark"": ""ก็ตามที่บอกครับ""}
          -> ok
       ⚙  reply  text_ids=[1099]
     บอท ▸ [1099] contact_bank_bye
            หากมีข้อติดขัดประการใด โทรกลับมาปรึกษาเอบีซีได้ที่เบอร์ [company_phone] ค่ะ ขอบคุณค่ะ สวัสดีค่ะ"
nomoney100,NM-083,สำนวน,หมุนเงินไม่ทันแล้วครับ,refused,refused,pass,greet_verify disclose_balance convince contact_bank_bye,"       ⚙  reply  text_ids=[1015]
     บอท ▸ [1015] greet_verify
            สวัสดีค่ะ ดิฉันติดต่อจากเอบีซี ไม่ทราบว่ากำลังเรียนสายอยู่กับคุณ สมมติ ทดสอบระบบ ใช่หรือไม่คะ
  ลูกค้า ▸ ใช่ครับ
       ⚙  verify_status
          -> ok
       ⚙  reply  text_ids=[1065]
     บอท ▸ [1065] disclose_balance
            ขอบคุณค่ะ เอบีซีขอเรียนแจ้งว่าสินเชื่อ ที่ลงท้ายด้วยเลข 1234 มียอดชำระขั้นต่ำ 3000 บาท ครบกำหนดวันที่ 2026-09-18 (Friday) ค่ะ ไม่ทราบว่าสะดวกชำระภายในวันนี้หรือไม่คะ
  ลูกค้า ▸ หมุนเงินไม่ทันแล้วครับ
       ⚙  reply  text_ids=[1075]
     บอท ▸ [1075] convince
            เข้าใจค่ะ หากชำระขั้นต่ำ 3000 บาทภายในวันครบกำหนด จะช่วยรักษาประวัติการชำระไว้ได้ค่ะ ไม่ทราบว่าพอจะสะดวกหรือไม่คะ
  ลูกค้า ▸ ก็ตามที่บอกครับ
       ⚙  record_outcome  {""result"": ""refused"", ""reason"": ""refused"", ""remark"": ""ก็ตามที่บอกครับ""}
          -> ok
       ⚙  record_outcome  {""result"": ""refused"", ""reason"": ""refused"", ""remark"": ""ก็ตามที่บอกครับ""}
          -> call_already_closed
       ⚙  reply  text_ids=[1099]
     บอท ▸ [1099] contact_bank_bye
            หากมีข้อติดขัดประการใด โทรกลับมาปรึกษาเอบีซีได้ที่เบอร์ [company_phone] ค่ะ ขอบคุณค่ะ สวัสดีค่ะ"
nomoney100,NM-084,สำนวน,ตอนนี้ติดลบอยู่เลย,refused,refused,pass,greet_verify disclose_balance convince contact_bank_bye,"       ⚙  reply  text_ids=[1015]
     บอท ▸ [1015] greet_verify
            สวัสดีค่ะ ดิฉันติดต่อจากเอบีซี ไม่ทราบว่ากำลังเรียนสายอยู่กับคุณ สมมติ ทดสอบระบบ ใช่หรือไม่คะ
  ลูกค้า ▸ ใช่ครับ
       ⚙  verify_status
          -> ok
       ⚙  reply  text_ids=[1065]
     บอท ▸ [1065] disclose_balance
            ขอบคุณค่ะ เอบีซีขอเรียนแจ้งว่าสินเชื่อ ที่ลงท้ายด้วยเลข 1234 มียอดชำระขั้นต่ำ 3000 บาท ครบกำหนดวันที่ 2026-09-18 (Friday) ค่ะ ไม่ทราบว่าสะดวกชำระภายในวันนี้หรือไม่คะ
  ลูกค้า ▸ ตอนนี้ติดลบอยู่เลย
       ⚙  reply  text_ids=[1075]
     บอท ▸ [1075] convince
            เข้าใจค่ะ หากชำระขั้นต่ำ 3000 บาทภายในวันครบกำหนด จะช่วยรักษาประวัติการชำระไว้ได้ค่ะ ไม่ทราบว่าพอจะสะดวกหรือไม่คะ
  ลูกค้า ▸ ก็ตามที่บอกครับ
       ⚙  record_outcome  {""result"": ""refused"", ""reason"": ""refused"", ""remark"": ""ก็ตามที่บอกครับ""}
          -> ok
       ⚙  record_outcome  {""result"": ""refused"", ""reason"": ""refused"", ""remark"": ""ก็ตามที่บอกครับ""}
          -> call_already_closed
       ⚙  reply  text_ids=[1099]
     บอท ▸ [1099] contact_bank_bye
            หากมีข้อติดขัดประการใด โทรกลับมาปรึกษาเอบีซีได้ที่เบอร์ [company_phone] ค่ะ ขอบคุณค่ะ สวัสดีค่ะ"
nomoney100,NM-085,สำนวน,ไม่มีติดตัวสักแดงเลย,refused,refused,pass,greet_verify disclose_balance convince contact_bank_bye,"       ⚙  reply  text_ids=[1015]
     บอท ▸ [1015] greet_verify
            สวัสดีค่ะ ดิฉันติดต่อจากเอบีซี ไม่ทราบว่ากำลังเรียนสายอยู่กับคุณ สมมติ ทดสอบระบบ ใช่หรือไม่คะ
  ลูกค้า ▸ ใช่ครับ
       ⚙  verify_status
          -> ok
       ⚙  reply  text_ids=[1065]
     บอท ▸ [1065] disclose_balance
            ขอบคุณค่ะ เอบีซีขอเรียนแจ้งว่าสินเชื่อ ที่ลงท้ายด้วยเลข 1234 มียอดชำระขั้นต่ำ 3000 บาท ครบกำหนดวันที่ 2026-09-18 (Friday) ค่ะ ไม่ทราบว่าสะดวกชำระภายในวันนี้หรือไม่คะ
  ลูกค้า ▸ ไม่มีติดตัวสักแดงเลย
       ⚙  reply  text_ids=[1075]
     บอท ▸ [1075] convince
            เข้าใจค่ะ หากชำระขั้นต่ำ 3000 บาทภายในวันครบกำหนด จะช่วยรักษาประวัติการชำระไว้ได้ค่ะ ไม่ทราบว่าพอจะสะดวกหรือไม่คะ
  ลูกค้า ▸ ก็ตามที่บอกครับ
       ⚙  record_outcome  {""result"": ""refused"", ""reason"": ""refused"", ""remark"": ""ก็ตามที่บอกครับ""}
          -> ok
       ⚙  reply  text_ids=[1099]
     บอท ▸ [1099] contact_bank_bye
            หากมีข้อติดขัดประการใด โทรกลับมาปรึกษาเอบีซีได้ที่เบอร์ [company_phone] ค่ะ ขอบคุณค่ะ สวัสดีค่ะ"
nomoney100,NM-086,สำนวน,สภาพคล่องไม่มีเลยครับ,refused,refused,pass,greet_verify disclose_balance convince contact_bank_bye,"       ⚙  reply  text_ids=[1015]
     บอท ▸ [1015] greet_verify
            สวัสดีค่ะ ดิฉันติดต่อจากเอบีซี ไม่ทราบว่ากำลังเรียนสายอยู่กับคุณ สมมติ ทดสอบระบบ ใช่หรือไม่คะ
  ลูกค้า ▸ ใช่ครับ
       ⚙  verify_status
          -> ok
       ⚙  reply  text_ids=[1065]
     บอท ▸ [1065] disclose_balance
            ขอบคุณค่ะ เอบีซีขอเรียนแจ้งว่าสินเชื่อ ที่ลงท้ายด้วยเลข 1234 มียอดชำระขั้นต่ำ 3000 บาท ครบกำหนดวันที่ 2026-09-18 (Friday) ค่ะ ไม่ทราบว่าสะดวกชำระภายในวันนี้หรือไม่คะ
  ลูกค้า ▸ สภาพคล่องไม่มีเลยครับ
       ⚙  reply  text_ids=[1075]
     บอท ▸ [1075] convince
            เข้าใจค่ะ หากชำระขั้นต่ำ 3000 บาทภายในวันครบกำหนด จะช่วยรักษาประวัติการชำระไว้ได้ค่ะ ไม่ทราบว่าพอจะสะดวกหรือไม่คะ
  ลูกค้า ▸ ก็ตามที่บอกครับ
       ⚙  record_outcome  {""result"": ""refused"", ""reason"": ""refused"", ""remark"": ""ก็ตามที่บอกครับ""}
          -> ok
       ⚙  reply  text_ids=[1099]
     บอท ▸ [1099] contact_bank_bye
            หากมีข้อติดขัดประการใด โทรกลับมาปรึกษาเอบีซีได้ที่เบอร์ [company_phone] ค่ะ ขอบคุณค่ะ สวัสดีค่ะ"
nomoney100,NM-087,สำนวน,ปลายเดือนแล้ว เหลือแต่ลม,refused,refused,pass,greet_verify disclose_balance convince contact_bank_bye,"       ⚙  reply  text_ids=[1015]
     บอท ▸ [1015] greet_verify
            สวัสดีค่ะ ดิฉันติดต่อจากเอบีซี ไม่ทราบว่ากำลังเรียนสายอยู่กับคุณ สมมติ ทดสอบระบบ ใช่หรือไม่คะ
  ลูกค้า ▸ ใช่ครับ
       ⚙  verify_status
          -> ok
       ⚙  reply  text_ids=[1065]
     บอท ▸ [1065] disclose_balance
            ขอบคุณค่ะ เอบีซีขอเรียนแจ้งว่าสินเชื่อ ที่ลงท้ายด้วยเลข 1234 มียอดชำระขั้นต่ำ 3000 บาท ครบกำหนดวันที่ 2026-09-18 (Friday) ค่ะ ไม่ทราบว่าสะดวกชำระภายในวันนี้หรือไม่คะ
  ลูกค้า ▸ ปลายเดือนแล้ว เหลือแต่ลม
       ⚙  reply  text_ids=[1075]
     บอท ▸ [1075] convince
            เข้าใจค่ะ หากชำระขั้นต่ำ 3000 บาทภายในวันครบกำหนด จะช่วยรักษาประวัติการชำระไว้ได้ค่ะ ไม่ทราบว่าพอจะสะดวกหรือไม่คะ
  ลูกค้า ▸ ก็ตามที่บอกครับ
       ⚙  record_outcome  {""result"": ""refused"", ""reason"": ""refused"", ""remark"": ""ก็ตามที่บอกครับ""}
          -> ok
       ⚙  reply  text_ids=[1099]
     บอท ▸ [1099] contact_bank_bye
            หากมีข้อติดขัดประการใด โทรกลับมาปรึกษาเอบีซีได้ที่เบอร์ [company_phone] ค่ะ ขอบคุณค่ะ สวัสดีค่ะ"
nomoney100,NM-088,สำนวน,ตอนนี้ถังแตกค่ะ,refused,refused,pass,greet_verify disclose_balance convince contact_bank_bye,"       ⚙  reply  text_ids=[1015]
     บอท ▸ [1015] greet_verify
            สวัสดีค่ะ ดิฉันติดต่อจากเอบีซี ไม่ทราบว่ากำลังเรียนสายอยู่กับคุณ สมมติ ทดสอบระบบ ใช่หรือไม่คะ
  ลูกค้า ▸ ใช่ครับ
       ⚙  verify_status
          -> ok
       ⚙  reply  text_ids=[1065]
     บอท ▸ [1065] disclose_balance
            ขอบคุณค่ะ เอบีซีขอเรียนแจ้งว่าสินเชื่อ ที่ลงท้ายด้วยเลข 1234 มียอดชำระขั้นต่ำ 3000 บาท ครบกำหนดวันที่ 2026-09-18 (Friday) ค่ะ ไม่ทราบว่าสะดวกชำระภายในวันนี้หรือไม่คะ
  ลูกค้า ▸ ตอนนี้ถังแตกค่ะ
       ⚙  reply  text_ids=[1075]
     บอท ▸ [1075] convince
            เข้าใจค่ะ หากชำระขั้นต่ำ 3000 บาทภายในวันครบกำหนด จะช่วยรักษาประวัติการชำระไว้ได้ค่ะ ไม่ทราบว่าพอจะสะดวกหรือไม่คะ
  ลูกค้า ▸ ก็ตามที่บอกครับ
       ⚙  record_outcome  {""result"": ""refused"", ""reason"": ""refused"", ""remark"": ""ก็ตามที่บอกครับ""}
          -> ok
       ⚙  reply  text_ids=[1099]
     บอท ▸ [1099] contact_bank_bye
            หากมีข้อติดขัดประการใด โทรกลับมาปรึกษาเอบีซีได้ที่เบอร์ [company_phone] ค่ะ ขอบคุณค่ะ สวัสดีค่ะ"
nomoney100,NM-089,สำนวน,หาเช้ากินค่ำอยู่ครับ,refused,refused,pass,greet_verify disclose_balance convince contact_bank_bye,"       ⚙  reply  text_ids=[1015]
     บอท ▸ [1015] greet_verify
            สวัสดีค่ะ ดิฉันติดต่อจากเอบีซี ไม่ทราบว่ากำลังเรียนสายอยู่กับคุณ สมมติ ทดสอบระบบ ใช่หรือไม่คะ
  ลูกค้า ▸ ใช่ครับ
       ⚙  verify_status
          -> ok
       ⚙  reply  text_ids=[1065]
     บอท ▸ [1065] disclose_balance
            ขอบคุณค่ะ เอบีซีขอเรียนแจ้งว่าสินเชื่อ ที่ลงท้ายด้วยเลข 1234 มียอดชำระขั้นต่ำ 3000 บาท ครบกำหนดวันที่ 2026-09-18 (Friday) ค่ะ ไม่ทราบว่าสะดวกชำระภายในวันนี้หรือไม่คะ
  ลูกค้า ▸ หาเช้ากินค่ำอยู่ครับ
       ⚙  reply  text_ids=[1075]
     บอท ▸ [1075] convince
            เข้าใจค่ะ หากชำระขั้นต่ำ 3000 บาทภายในวันครบกำหนด จะช่วยรักษาประวัติการชำระไว้ได้ค่ะ ไม่ทราบว่าพอจะสะดวกหรือไม่คะ
  ลูกค้า ▸ ก็ตามที่บอกครับ
       ⚙  record_outcome  {""result"": ""refused"", ""reason"": ""refused"", ""remark"": ""ก็ตามที่บอกครับ""}
          -> ok
       ⚙  reply  text_ids=[1099]
     บอท ▸ [1099] contact_bank_bye
            หากมีข้อติดขัดประการใด โทรกลับมาปรึกษาเอบีซีได้ที่เบอร์ [company_phone] ค่ะ ขอบคุณค่ะ สวัสดีค่ะ"
nomoney100,NM-090,สำนวน,ตอนนี้ตึงมือมากเลย,refused,refused,pass,greet_verify disclose_balance convince contact_bank_bye,"       ⚙  reply  text_ids=[1015]
     บอท ▸ [1015] greet_verify
            สวัสดีค่ะ ดิฉันติดต่อจากเอบีซี ไม่ทราบว่ากำลังเรียนสายอยู่กับคุณ สมมติ ทดสอบระบบ ใช่หรือไม่คะ
  ลูกค้า ▸ ใช่ครับ
       ⚙  verify_status
          -> ok
       ⚙  reply  text_ids=[1065]
     บอท ▸ [1065] disclose_balance
            ขอบคุณค่ะ เอบีซีขอเรียนแจ้งว่าสินเชื่อ ที่ลงท้ายด้วยเลข 1234 มียอดชำระขั้นต่ำ 3000 บาท ครบกำหนดวันที่ 2026-09-18 (Friday) ค่ะ ไม่ทราบว่าสะดวกชำระภายในวันนี้หรือไม่คะ
  ลูกค้า ▸ ตอนนี้ตึงมือมากเลย
       ⚙  reply  text_ids=[1075]
     บอท ▸ [1075] convince
            เข้าใจค่ะ หากชำระขั้นต่ำ 3000 บาทภายในวันครบกำหนด จะช่วยรักษาประวัติการชำระไว้ได้ค่ะ ไม่ทราบว่าพอจะสะดวกหรือไม่คะ
  ลูกค้า ▸ ก็ตามที่บอกครับ
       ⚙  record_outcome  {""result"": ""refused"", ""reason"": ""refused"", ""remark"": ""ก็ตามที่บอกครับ""}
          -> ok
       ⚙  reply  text_ids=[1099]
     บอท ▸ [1099] contact_bank_bye
            หากมีข้อติดขัดประการใด โทรกลับมาปรึกษาเอบีซีได้ที่เบอร์ [company_phone] ค่ะ ขอบคุณค่ะ สวัสดีค่ะ"
nomoney100,NM-091,ผลัด/เลี่ยง,ขอดูก่อนนะคะ ตอนนี้ยังนึกไม่ออกจะเอาจากไหน,refused,refused,pass,greet_verify disclose_balance convince contact_bank_bye,"       ⚙  reply  text_ids=[1015]
     บอท ▸ [1015] greet_verify
            สวัสดีค่ะ ดิฉันติดต่อจากเอบีซี ไม่ทราบว่ากำลังเรียนสายอยู่กับคุณ สมมติ ทดสอบระบบ ใช่หรือไม่คะ
  ลูกค้า ▸ ใช่ครับ
       ⚙  verify_status
          -> ok
       ⚙  reply  text_ids=[1065]
     บอท ▸ [1065] disclose_balance
            ขอบคุณค่ะ เอบีซีขอเรียนแจ้งว่าสินเชื่อ ที่ลงท้ายด้วยเลข 1234 มียอดชำระขั้นต่ำ 3000 บาท ครบกำหนดวันที่ 2026-09-18 (Friday) ค่ะ ไม่ทราบว่าสะดวกชำระภายในวันนี้หรือไม่คะ
  ลูกค้า ▸ ขอดูก่อนนะคะ ตอนนี้ยังนึกไม่ออกจะเอาจากไหน
       ⚙  reply  text_ids=[1075]
     บอท ▸ [1075] convince
            เข้าใจค่ะ หากชำระขั้นต่ำ 3000 บาทภายในวันครบกำหนด จะช่วยรักษาประวัติการชำระไว้ได้ค่ะ ไม่ทราบว่าพอจะสะดวกหรือไม่คะ
  ลูกค้า ▸ ก็ตามที่บอกครับ
       ⚙  record_outcome  {""result"": ""refused"", ""reason"": ""refused"", ""remark"": ""ก็ตามที่บอกครับ""}
          -> ok
       ⚙  reply  text_ids=[1099]
     บอท ▸ [1099] contact_bank_bye
            หากมีข้อติดขัดประการใด โทรกลับมาปรึกษาเอบีซีได้ที่เบอร์ [company_phone] ค่ะ ขอบคุณค่ะ สวัสดีค่ะ"
nomoney100,NM-092,ผลัด/เลี่ยง,รอให้มีก่อนแล้วกันนะ,refused,ptp,fail,greet_verify disclose_balance faq_hold ptp_bye,"       ⚙  reply  text_ids=[1015]
     บอท ▸ [1015] greet_verify
            สวัสดีค่ะ ดิฉันติดต่อจากเอบีซี ไม่ทราบว่ากำลังเรียนสายอยู่กับคุณ สมมติ ทดสอบระบบ ใช่หรือไม่คะ
  ลูกค้า ▸ ใช่ครับ
       ⚙  verify_status
          -> ok
       ⚙  reply  text_ids=[1065]
     บอท ▸ [1065] disclose_balance
            ขอบคุณค่ะ เอบีซีขอเรียนแจ้งว่าสินเชื่อ ที่ลงท้ายด้วยเลข 1234 มียอดชำระขั้นต่ำ 3000 บาท ครบกำหนดวันที่ 2026-09-18 (Friday) ค่ะ ไม่ทราบว่าสะดวกชำระภายในวันนี้หรือไม่คะ
  ลูกค้า ▸ รอให้มีก่อนแล้วกันนะ
       ⚙  reply  text_ids=[1750]
     บอท ▸ [1750] faq_hold
            ได้ค่ะ สะดวกแล้วแจ้งได้เลยนะคะ
  ลูกค้า ▸ ก็ตามที่บอกครับ
       ⚙  record_outcome  {""result"": ""ptp"", ""reason"": ""ptp"", ""remark"": ""ก็ตามที่บอกครับ""}
          -> ok
       ⚙  record_outcome  {""result"": ""ptp"", ""reason"": ""ptp"", ""remark"": ""ก็ตามที่บอกครับ""}
          -> call_already_closed
       ⚙  reply  text_ids=[1084]
     บอท ▸ [1084] ptp_bye
            ขอบคุณค่ะ เอบีซีได้บันทึกไว้เรียบร้อยแล้วค่ะ ขอบคุณที่สละเวลา สวัสดีค่ะ"
nomoney100,NM-093,ผลัด/เลี่ยง,พร้อมเมื่อไหร่จะติดต่อกลับไปเองครับ,refused,ptp,fail,greet_verify disclose_balance ptp_bye,"       ⚙  reply  text_ids=[1015]
     บอท ▸ [1015] greet_verify
            สวัสดีค่ะ ดิฉันติดต่อจากเอบีซี ไม่ทราบว่ากำลังเรียนสายอยู่กับคุณ สมมติ ทดสอบระบบ ใช่หรือไม่คะ
  ลูกค้า ▸ ใช่ครับ
       ⚙  verify_status
          -> ok
       ⚙  reply  text_ids=[1065]
     บอท ▸ [1065] disclose_balance
            ขอบคุณค่ะ เอบีซีขอเรียนแจ้งว่าสินเชื่อ ที่ลงท้ายด้วยเลข 1234 มียอดชำระขั้นต่ำ 3000 บาท ครบกำหนดวันที่ 2026-09-18 (Friday) ค่ะ ไม่ทราบว่าสะดวกชำระภายในวันนี้หรือไม่คะ
  ลูกค้า ▸ พร้อมเมื่อไหร่จะติดต่อกลับไปเองครับ
       ⚙  record_outcome  {""result"": ""ptp"", ""reason"": ""ptp"", ""remark"": ""พร้อมเมื่อไหร่จะติดต่อกลับไปเองครับ""}
          -> ok
       ⚙  reply  text_ids=[1084]
     บอท ▸ [1084] ptp_bye
            ขอบคุณค่ะ เอบีซีได้บันทึกไว้เรียบร้อยแล้วค่ะ ขอบคุณที่สละเวลา สวัสดีค่ะ"
nomoney100,NM-094,ผลัด/เลี่ยง,ขอตั้งตัวให้ได้ก่อนนะ,refused,refused,pass,greet_verify disclose_balance convince contact_bank_bye,"       ⚙  reply  text_ids=[1015]
     บอท ▸ [1015] greet_verify
            สวัสดีค่ะ ดิฉันติดต่อจากเอบีซี ไม่ทราบว่ากำลังเรียนสายอยู่กับคุณ สมมติ ทดสอบระบบ ใช่หรือไม่คะ
  ลูกค้า ▸ ใช่ครับ
       ⚙  verify_status
          -> ok
       ⚙  reply  text_ids=[1065]
     บอท ▸ [1065] disclose_balance
            ขอบคุณค่ะ เอบีซีขอเรียนแจ้งว่าสินเชื่อ ที่ลงท้ายด้วยเลข 1234 มียอดชำระขั้นต่ำ 3000 บาท ครบกำหนดวันที่ 2026-09-18 (Friday) ค่ะ ไม่ทราบว่าสะดวกชำระภายในวันนี้หรือไม่คะ
  ลูกค้า ▸ ขอตั้งตัวให้ได้ก่อนนะ
       ⚙  reply  text_ids=[1075]
     บอท ▸ [1075] convince
            เข้าใจค่ะ หากชำระขั้นต่ำ 3000 บาทภายในวันครบกำหนด จะช่วยรักษาประวัติการชำระไว้ได้ค่ะ ไม่ทราบว่าพอจะสะดวกหรือไม่คะ
  ลูกค้า ▸ ก็ตามที่บอกครับ
       ⚙  record_outcome  {""result"": ""refused"", ""reason"": ""refused"", ""remark"": ""ก็ตามที่บอกครับ""}
          -> ok
       ⚙  reply  text_ids=[1099]
     บอท ▸ [1099] contact_bank_bye
            หากมีข้อติดขัดประการใด โทรกลับมาปรึกษาเอบีซีได้ที่เบอร์ [company_phone] ค่ะ ขอบคุณค่ะ สวัสดีค่ะ"
nomoney100,NM-095,ผลัด/เลี่ยง,ช่วงนี้ยังไม่ไหวจริงๆ ค่ะ,refused,refused,pass,greet_verify disclose_balance convince contact_bank_bye,"       ⚙  reply  text_ids=[1015]
     บอท ▸ [1015] greet_verify
            สวัสดีค่ะ ดิฉันติดต่อจากเอบีซี ไม่ทราบว่ากำลังเรียนสายอยู่กับคุณ สมมติ ทดสอบระบบ ใช่หรือไม่คะ
  ลูกค้า ▸ ใช่ครับ
       ⚙  verify_status
          -> ok
       ⚙  reply  text_ids=[1065]
     บอท ▸ [1065] disclose_balance
            ขอบคุณค่ะ เอบีซีขอเรียนแจ้งว่าสินเชื่อ ที่ลงท้ายด้วยเลข 1234 มียอดชำระขั้นต่ำ 3000 บาท ครบกำหนดวันที่ 2026-09-18 (Friday) ค่ะ ไม่ทราบว่าสะดวกชำระภายในวันนี้หรือไม่คะ
  ลูกค้า ▸ ช่วงนี้ยังไม่ไหวจริงๆ ค่ะ
       ⚙  reply  text_ids=[1075]
     บอท ▸ [1075] convince
            เข้าใจค่ะ หากชำระขั้นต่ำ 3000 บาทภายในวันครบกำหนด จะช่วยรักษาประวัติการชำระไว้ได้ค่ะ ไม่ทราบว่าพอจะสะดวกหรือไม่คะ
  ลูกค้า ▸ ก็ตามที่บอกครับ
       ⚙  record_outcome  {""result"": ""refused"", ""reason"": ""refused"", ""remark"": ""ก็ตามที่บอกครับ""}
          -> ok
       ⚙  reply  text_ids=[1099]
     บอท ▸ [1099] contact_bank_bye
            หากมีข้อติดขัดประการใด โทรกลับมาปรึกษาเอบีซีได้ที่เบอร์ [company_phone] ค่ะ ขอบคุณค่ะ สวัสดีค่ะ"
nomoney100,NM-096,ผลัด/เลี่ยง,ถ้าเดือนหน้ามีเข้ามา จะรีบโทรกลับนะ,refused,disruptive,fail,greet_verify disclose_balance ask_clarify ask_clarify disruptive_bye,"       ⚙  reply  text_ids=[1015]
     บอท ▸ [1015] greet_verify
            สวัสดีค่ะ ดิฉันติดต่อจากเอบีซี ไม่ทราบว่ากำลังเรียนสายอยู่กับคุณ สมมติ ทดสอบระบบ ใช่หรือไม่คะ
  ลูกค้า ▸ ใช่ครับ
       ⚙  verify_status
          -> ok
       ⚙  reply  text_ids=[1065]
     บอท ▸ [1065] disclose_balance
            ขอบคุณค่ะ เอบีซีขอเรียนแจ้งว่าสินเชื่อ ที่ลงท้ายด้วยเลข 1234 มียอดชำระขั้นต่ำ 3000 บาท ครบกำหนดวันที่ 2026-09-18 (Friday) ค่ะ ไม่ทราบว่าสะดวกชำระภายในวันนี้หรือไม่คะ
  ลูกค้า ▸ ถ้าเดือนหน้ามีเข้ามา จะรีบโทรกลับนะ
       ⚙  reply  text_ids=[3127]
     บอท ▸ [3127] ask_clarify
            ขออภัยค่ะ ดิฉันขอถามให้แน่ใจอีกครั้ง — หมายถึงชำระเรียบร้อยแล้ว หรือยังไม่สะดวกชำระคะ
  ลูกค้า ▸ ก็ตามที่บอกครับ
       ⚙  reply  text_ids=[3127]
     บอท ▸ [3127] ask_clarify
            ขออภัยค่ะ ดิฉันขอถามให้แน่ใจอีกครั้ง — หมายถึงชำระเรียบร้อยแล้ว หรือยังไม่สะดวกชำระคะ
  ลูกค้า ▸ ก็แบบนั้นแหละครับ
       ⚙  record_outcome  {""result"": ""disruptive"", ""reason"": ""off_topic_persist"", ""remark"": ""ปิดสายอัตโนมัติ: บทสนทนาไม่คืบหน้า""}
          -> ok
       ⚙  reply  text_ids=[3340]
     บอท ▸ [3340] disruptive_bye
            ขออภัยค่ะ หากยังไม่สะดวกคุยเรื่องบัญชีในตอนนี้ ดิฉันขออนุญาตติดต่อกลับใหม่ภายหลังนะคะ สวัสดีค่ะ"
nomoney100,NM-097,ผลัด/เลี่ยง,อย่าเพิ่งหวังจากพี่เลยช่วงนี้,refused,refused,pass,greet_verify disclose_balance convince contact_bank_bye,"       ⚙  reply  text_ids=[1015]
     บอท ▸ [1015] greet_verify
            สวัสดีค่ะ ดิฉันติดต่อจากเอบีซี ไม่ทราบว่ากำลังเรียนสายอยู่กับคุณ สมมติ ทดสอบระบบ ใช่หรือไม่คะ
  ลูกค้า ▸ ใช่ครับ
       ⚙  verify_status
          -> ok
       ⚙  reply  text_ids=[1065]
     บอท ▸ [1065] disclose_balance
            ขอบคุณค่ะ เอบีซีขอเรียนแจ้งว่าสินเชื่อ ที่ลงท้ายด้วยเลข 1234 มียอดชำระขั้นต่ำ 3000 บาท ครบกำหนดวันที่ 2026-09-18 (Friday) ค่ะ ไม่ทราบว่าสะดวกชำระภายในวันนี้หรือไม่คะ
  ลูกค้า ▸ อย่าเพิ่งหวังจากพี่เลยช่วงนี้
       ⚙  reply  text_ids=[1075]
     บอท ▸ [1075] convince
            เข้าใจค่ะ หากชำระขั้นต่ำ 3000 บาทภายในวันครบกำหนด จะช่วยรักษาประวัติการชำระไว้ได้ค่ะ ไม่ทราบว่าพอจะสะดวกหรือไม่คะ
  ลูกค้า ▸ ก็ตามที่บอกครับ
       ⚙  record_outcome  {""result"": ""refused"", ""reason"": ""refused"", ""remark"": ""ก็ตามที่บอกครับ""}
          -> ok
       ⚙  reply  text_ids=[1099]
     บอท ▸ [1099] contact_bank_bye
            หากมีข้อติดขัดประการใด โทรกลับมาปรึกษาเอบีซีได้ที่เบอร์ [company_phone] ค่ะ ขอบคุณค่ะ สวัสดีค่ะ"
nomoney100,NM-098,ผลัด/เลี่ยง,ตอนนี้ขอเอาตัวรอดก่อนนะ,refused,refused,pass,greet_verify disclose_balance convince contact_bank_bye,"       ⚙  reply  text_ids=[1015]
     บอท ▸ [1015] greet_verify
            สวัสดีค่ะ ดิฉันติดต่อจากเอบีซี ไม่ทราบว่ากำลังเรียนสายอยู่กับคุณ สมมติ ทดสอบระบบ ใช่หรือไม่คะ
  ลูกค้า ▸ ใช่ครับ
       ⚙  verify_status
          -> ok
       ⚙  reply  text_ids=[1065]
     บอท ▸ [1065] disclose_balance
            ขอบคุณค่ะ เอบีซีขอเรียนแจ้งว่าสินเชื่อ ที่ลงท้ายด้วยเลข 1234 มียอดชำระขั้นต่ำ 3000 บาท ครบกำหนดวันที่ 2026-09-18 (Friday) ค่ะ ไม่ทราบว่าสะดวกชำระภายในวันนี้หรือไม่คะ
  ลูกค้า ▸ ตอนนี้ขอเอาตัวรอดก่อนนะ
       ⚙  reply  text_ids=[1075]
     บอท ▸ [1075] convince
            เข้าใจค่ะ หากชำระขั้นต่ำ 3000 บาทภายในวันครบกำหนด จะช่วยรักษาประวัติการชำระไว้ได้ค่ะ ไม่ทราบว่าพอจะสะดวกหรือไม่คะ
  ลูกค้า ▸ ก็ตามที่บอกครับ
       ⚙  record_outcome  {""result"": ""refused"", ""reason"": ""refused"", ""remark"": ""ก็ตามที่บอกครับ""}
          -> ok
       ⚙  reply  text_ids=[1099]
     บอท ▸ [1099] contact_bank_bye
            หากมีข้อติดขัดประการใด โทรกลับมาปรึกษาเอบีซีได้ที่เบอร์ [company_phone] ค่ะ ขอบคุณค่ะ สวัสดีค่ะ"
nomoney100,NM-099,ผลัด/เลี่ยง,เดี๋ยวดูก่อนว่าจะหมุนทันไหม,refused,refused,pass,greet_verify disclose_balance convince contact_bank_bye,"       ⚙  reply  text_ids=[1015]
     บอท ▸ [1015] greet_verify
            สวัสดีค่ะ ดิฉันติดต่อจากเอบีซี ไม่ทราบว่ากำลังเรียนสายอยู่กับคุณ สมมติ ทดสอบระบบ ใช่หรือไม่คะ
  ลูกค้า ▸ ใช่ครับ
       ⚙  verify_status
          -> ok
       ⚙  reply  text_ids=[1065]
     บอท ▸ [1065] disclose_balance
            ขอบคุณค่ะ เอบีซีขอเรียนแจ้งว่าสินเชื่อ ที่ลงท้ายด้วยเลข 1234 มียอดชำระขั้นต่ำ 3000 บาท ครบกำหนดวันที่ 2026-09-18 (Friday) ค่ะ ไม่ทราบว่าสะดวกชำระภายในวันนี้หรือไม่คะ
  ลูกค้า ▸ เดี๋ยวดูก่อนว่าจะหมุนทันไหม
       ⚙  reply  text_ids=[1075]
     บอท ▸ [1075] convince
            เข้าใจค่ะ หากชำระขั้นต่ำ 3000 บาทภายในวันครบกำหนด จะช่วยรักษาประวัติการชำระไว้ได้ค่ะ ไม่ทราบว่าพอจะสะดวกหรือไม่คะ
  ลูกค้า ▸ ก็ตามที่บอกครับ
       ⚙  record_outcome  {""result"": ""refused"", ""reason"": ""refused"", ""remark"": ""ก็ตามที่บอกครับ""}
          -> ok
       ⚙  reply  text_ids=[1099]
     บอท ▸ [1099] contact_bank_bye
            หากมีข้อติดขัดประการใด โทรกลับมาปรึกษาเอบีซีได้ที่เบอร์ [company_phone] ค่ะ ขอบคุณค่ะ สวัสดีค่ะ"
nomoney100,NM-100,ผลัด/เลี่ยง,ไว้ค่อยว่ากันนะ ตอนนี้ยังไม่มีหัวจะคิดเลย,refused,refused,pass,greet_verify disclose_balance convince contact_bank_bye,"       ⚙  reply  text_ids=[1015]
     บอท ▸ [1015] greet_verify
            สวัสดีค่ะ ดิฉันติดต่อจากเอบีซี ไม่ทราบว่ากำลังเรียนสายอยู่กับคุณ สมมติ ทดสอบระบบ ใช่หรือไม่คะ
  ลูกค้า ▸ ใช่ครับ
       ⚙  verify_status
          -> ok
       ⚙  reply  text_ids=[1065]
     บอท ▸ [1065] disclose_balance
            ขอบคุณค่ะ เอบีซีขอเรียนแจ้งว่าสินเชื่อ ที่ลงท้ายด้วยเลข 1234 มียอดชำระขั้นต่ำ 3000 บาท ครบกำหนดวันที่ 2026-09-18 (Friday) ค่ะ ไม่ทราบว่าสะดวกชำระภายในวันนี้หรือไม่คะ
  ลูกค้า ▸ ไว้ค่อยว่ากันนะ ตอนนี้ยังไม่มีหัวจะคิดเลย
       ⚙  reply  text_ids=[1075]
     บอท ▸ [1075] convince
            เข้าใจค่ะ หากชำระขั้นต่ำ 3000 บาทภายในวันครบกำหนด จะช่วยรักษาประวัติการชำระไว้ได้ค่ะ ไม่ทราบว่าพอจะสะดวกหรือไม่คะ
  ลูกค้า ▸ ก็ตามที่บอกครับ
       ⚙  record_outcome  {""result"": ""refused"", ""reason"": ""refused"", ""remark"": ""ก็ตามที่บอกครับ""}
          -> ok
       ⚙  reply  text_ids=[1099]
     บอท ▸ [1099] contact_bank_bye
            หากมีข้อติดขัดประการใด โทรกลับมาปรึกษาเอบีซีได้ที่เบอร์ [company_phone] ค่ะ ขอบคุณค่ะ สวัสดีค่ะ"
